order,city_id,city_name_en,city_name_zh,country,country_code,region,admin_area,lat,lon,iana_timezone,geonames_match_name,geonames_modified,mean_temperature_c,solar_radiation_kwh_m2_day,annual_precipitation_mm,relative_humidity_pct,annual_temp_range_c,reference_eto_mm,aridity_index,surface_water_fraction,vegetation_fraction,ocean_fraction_30km,elevation_m,elevation_p90_p10_relief_m,terrain_ruggedness,coast_distance_km,coast_proximity,continentality,spatial_sample_points,worldcover_valid_fraction,dem_land_valid_fraction,q_mean_temperature_c,q_solar_radiation_kwh_m2_day,q_annual_precipitation_mm,q_relative_humidity_pct,q_aridity_index,q_surface_water_fraction,q_vegetation_fraction,q_elevation_m,q_terrain_ruggedness,q_continentality,q_coast_proximity,finance_services_intensity,manufacturing_logistics_intensity,ict_rd_intensity,education_creative_intensity,wood_score,fire_score,earth_score,metal_score,water_score,wood_score_raw,fire_score_raw,earth_score_raw,metal_score_raw,water_score_raw,wood_score_n90_a10,fire_score_n90_a10,earth_score_n90_a10,metal_score_n90_a10,water_score_n90_a10,wood_score_n80_a20,fire_score_n80_a20,earth_score_n80_a20,metal_score_n80_a20,water_score_n80_a20,data_confidence,mapping_version,source_snapshot_version,calibration_version,spatial_scope,auxiliary_layer_status,mean_temperature_c_source_id,mean_temperature_c_period,mean_temperature_c_unit,mean_temperature_c_scope,mean_temperature_c_license,mean_temperature_c_collected_on,mean_temperature_c_missing,mean_temperature_c_confidence,solar_radiation_kwh_m2_day_source_id,solar_radiation_kwh_m2_day_period,solar_radiation_kwh_m2_day_unit,solar_radiation_kwh_m2_day_scope,solar_radiation_kwh_m2_day_license,solar_radiation_kwh_m2_day_collected_on,solar_radiation_kwh_m2_day_missing,solar_radiation_kwh_m2_day_confidence,annual_precipitation_mm_source_id,annual_precipitation_mm_period,annual_precipitation_mm_unit,annual_precipitation_mm_scope,annual_precipitation_mm_license,annual_precipitation_mm_collected_on,annual_precipitation_mm_missing,annual_precipitation_mm_confidence,relative_humidity_pct_source_id,relative_humidity_pct_period,relative_humidity_pct_unit,relative_humidity_pct_scope,relative_humidity_pct_license,relative_humidity_pct_collected_on,relative_humidity_pct_missing,relative_humidity_pct_confidence,annual_temp_range_c_source_id,annual_temp_range_c_period,annual_temp_range_c_unit,annual_temp_range_c_scope,annual_temp_range_c_license,annual_temp_range_c_collected_on,annual_temp_range_c_missing,annual_temp_range_c_confidence,aridity_index_source_id,aridity_index_period,aridity_index_unit,aridity_index_scope,aridity_index_license,aridity_index_collected_on,aridity_index_missing,aridity_index_confidence,vegetation_fraction_source_id,vegetation_fraction_period,vegetation_fraction_unit,vegetation_fraction_scope,vegetation_fraction_license,vegetation_fraction_collected_on,vegetation_fraction_missing,vegetation_fraction_confidence,surface_water_fraction_source_id,surface_water_fraction_period,surface_water_fraction_unit,surface_water_fraction_scope,surface_water_fraction_license,surface_water_fraction_collected_on,surface_water_fraction_missing,surface_water_fraction_confidence,elevation_m_source_id,elevation_m_period,elevation_m_unit,elevation_m_scope,elevation_m_license,elevation_m_collected_on,elevation_m_missing,elevation_m_confidence,terrain_ruggedness_source_id,terrain_ruggedness_period,terrain_ruggedness_unit,terrain_ruggedness_scope,terrain_ruggedness_license,terrain_ruggedness_collected_on,terrain_ruggedness_missing,terrain_ruggedness_confidence,elevation_p90_p10_relief_m_source_id,elevation_p90_p10_relief_m_period,elevation_p90_p10_relief_m_unit,elevation_p90_p10_relief_m_scope,elevation_p90_p10_relief_m_license,elevation_p90_p10_relief_m_collected_on,elevation_p90_p10_relief_m_missing,elevation_p90_p10_relief_m_confidence,coast_distance_km_source_id,coast_distance_km_period,coast_distance_km_unit,coast_distance_km_scope,coast_distance_km_license,coast_distance_km_collected_on,coast_distance_km_missing,coast_distance_km_confidence,coast_proximity_source_id,coast_proximity_period,coast_proximity_unit,coast_proximity_scope,coast_proximity_license,coast_proximity_collected_on,coast_proximity_missing,coast_proximity_confidence,continentality_source_id,continentality_period,continentality_unit,continentality_scope,continentality_license,continentality_collected_on,continentality_missing,continentality_confidence,finance_services_intensity_source_id,finance_services_intensity_period,finance_services_intensity_unit,finance_services_intensity_scope,finance_services_intensity_license,finance_services_intensity_collected_on,finance_services_intensity_missing,finance_services_intensity_confidence,manufacturing_logistics_intensity_source_id,manufacturing_logistics_intensity_period,manufacturing_logistics_intensity_unit,manufacturing_logistics_intensity_scope,manufacturing_logistics_intensity_license,manufacturing_logistics_intensity_collected_on,manufacturing_logistics_intensity_missing,manufacturing_logistics_intensity_confidence,ict_rd_intensity_source_id,ict_rd_intensity_period,ict_rd_intensity_unit,ict_rd_intensity_scope,ict_rd_intensity_license,ict_rd_intensity_collected_on,ict_rd_intensity_missing,ict_rd_intensity_confidence,education_creative_intensity_source_id,education_creative_intensity_period,education_creative_intensity_unit,education_creative_intensity_scope,education_creative_intensity_license,education_creative_intensity_collected_on,education_creative_intensity_missing,education_creative_intensity_confidence,city_identity_source_id,city_identity_period,city_identity_unit,city_identity_scope,city_identity_license,city_identity_collected_on,city_identity_missing,city_identity_confidence,coordinates_source_id,coordinates_period,coordinates_unit,coordinates_scope,coordinates_license,coordinates_collected_on,coordinates_missing,coordinates_confidence
1,1816670,Beijing,北京,中国,CN,中国大陆 + 港澳台,Beijing,39.9075,116.39723,Asia/Shanghai,Beijing,2025-12-15,11.52,4.058333,533.25405,52.5,31.83,1165.096919,0.542309,0.011343,0.475363,0,39.50341,55.6817,0.046401,143.748404,0.1471,1,2821,1,1,0.371839,0.470756,0.264837,0.005066,0.542309,0.011343,0.475363,0.193683,0.046401,1,0.1471,,,,,22,15,27,20,16,21.760057,14.703709,26.721291,20.650953,16.163991,22,14,27,21,16,22,15,26,21,16,medium,city-elements-v0.1.0,city-facts-2026-09-11-v1,cities100-2026-09-11-v1,GeoNames anchor; natural spatial fields use 30 km radius,all four fields unavailable; neutral response used,nasa_power_v2.9.7_1991_2020,1991-2020,degC,NASA POWER source grid cell at GeoNames anchor,NASA open data; attribution requested,2026-09-11,false,medium,nasa_power_v2.9.7_1991_2020,1991-2020,kWh/m2/day,NASA POWER source grid cell at GeoNames anchor,NASA open data; attribution requested,2026-09-11,false,medium,nasa_power_v2.9.7_1991_2020,1991-2020,mm/year,NASA POWER source grid cell at GeoNames anchor,NASA open data; attribution requested,2026-09-11,false,medium,nasa_power_v2.9.7_1991_2020,1991-2020,percent,NASA POWER source grid cell at GeoNames anchor,NASA open data; attribution requested,2026-09-11,false,medium,nasa_power_v2.9.7_1991_2020,1991-2020,degC,NASA POWER source grid cell at GeoNames anchor,NASA open data; attribution requested,2026-09-11,false,medium,fao56_aridity_derived,1991-2020,0-1; higher=drier,NASA POWER grid cell; FAO-56 monthly ETo using 30 km median elevation,Derived metric; source licences apply,2026-09-11,false,medium,esa_worldcover_2021_v200,2021,0-1,30 km radius; 1 km systematic grid; 80 m WorldCover overview,CC BY 4.0,2026-09-11,false,medium,esa_worldcover_2021_v200,2021,0-1,30 km radius; 1 km systematic grid; 80 m WorldCover overview,CC BY 4.0,2026-09-11,false,medium,copernicus_dem_glo90_2021,2021 release,m,30 km radius land pixels; 1 km systematic grid; 180 m DEM overview,Copernicus DEM GLO-90 free and open licence,2026-09-11,false,high,copernicus_dem_glo90_2021,2021 release,0-1,30 km radius land pixels; 1 km systematic grid; 180 m DEM overview,Copernicus DEM GLO-90 free and open licence,2026-09-11,false,high,copernicus_dem_glo90_2021,2021 release,m,30 km radius land pixels; 1 km systematic grid; 180 m DEM overview,Copernicus DEM GLO-90 free and open licence,2026-09-11,false,high,natural_earth_coastline_4.1.0,version 4.1.0,km,distance from GeoNames anchor to nearest Natural Earth 1:10m coastline,Public domain,2026-09-11,false,medium,natural_earth_coastline_4.1.0,version 4.1.0,0-1,distance from GeoNames anchor to nearest Natural Earth 1:10m coastline,Public domain,2026-09-11,false,medium,nasa_power_v2.9.7_1991_2020,1991-2020,0-1 calibrated index,NASA POWER source grid cell at GeoNames anchor,NASA open data; attribution requested,2026-09-11,false,medium,not_available_globally_comparable,not available,0-1,administrative city; boundary unavailable,n.a.,2026-09-11,true,unavailable,not_available_globally_comparable,not available,0-1,administrative city; boundary unavailable,n.a.,2026-09-11,true,unavailable,not_available_globally_comparable,not available,0-1,administrative city; boundary unavailable,n.a.,2026-09-11,true,unavailable,not_available_globally_comparable,not available,0-1,administrative city; boundary unavailable,n.a.,2026-09-11,true,unavailable,geonames_cities15000_20260911,daily dump downloaded 2026-09-11,GeoNames identifier and UTF-8 text,selected populated-place record,CC BY 4.0,2026-09-11,false,high,geonames_cities15000_20260911,daily dump downloaded 2026-09-11,"decimal degrees, WGS84",GeoNames populated-place point,CC BY 4.0,2026-09-11,false,high
2,1796236,Shanghai,上海,中国,CN,中国大陆 + 港澳台,Shanghai,31.22222,121.45806,Asia/Shanghai,Shanghai,2026-08-26,16.86,3.794444,1194.342975,77.72,23.86,1078.468677,0,0.028004,0.325062,0.115562,4.154787,4.464082,0.00372,18.028284,0.786331,0.850141,2821,1,1,0.653767,0.377059,0.810768,0.72291,0,0.028004,0.325062,0,0.00372,0.850141,0.786331,,,,,24,14,22,17,23,24.011729,14.353534,21.915879,16.770719,22.948139,24,14,22,17,23,24,14,22,17,23,medium,city-elements-v0.1.0,city-facts-2026-09-11-v1,cities100-2026-09-11-v1,GeoNames anchor; natural spatial fields use 30 km radius,all four fields unavailable; neutral response used,nasa_power_v2.9.7_1991_2020,1991-2020,degC,NASA POWER source grid cell at GeoNames anchor,NASA open data; attribution requested,2026-09-11,false,medium,nasa_power_v2.9.7_1991_2020,1991-2020,kWh/m2/day,NASA POWER source grid cell at GeoNames anchor,NASA open data; attribution requested,2026-09-11,false,medium,nasa_power_v2.9.7_1991_2020,1991-2020,mm/year,NASA POWER source grid cell at GeoNames anchor,NASA open data; attribution requested,2026-09-11,false,medium,nasa_power_v2.9.7_1991_2020,1991-2020,percent,NASA POWER source grid cell at GeoNames anchor,NASA open data; attribution requested,2026-09-11,false,medium,nasa_power_v2.9.7_1991_2020,1991-2020,degC,NASA POWER source grid cell at GeoNames anchor,NASA open data; attribution requested,2026-09-11,false,medium,fao56_aridity_derived,1991-2020,0-1; higher=drier,NASA POWER grid cell; FAO-56 monthly ETo using 30 km median elevation,Derived metric; source licences apply,2026-09-11,false,medium,esa_worldcover_2021_v200,2021,0-1,30 km radius; 1 km systematic grid; 80 m WorldCover overview,CC BY 4.0,2026-09-11,false,medium,esa_worldcover_2021_v200,2021,0-1,30 km radius; 1 km systematic grid; 80 m WorldCover overview,CC BY 4.0,2026-09-11,false,medium,copernicus_dem_glo90_2021,2021 release,m,30 km radius land pixels; 1 km systematic grid; 180 m DEM overview,Copernicus DEM GLO-90 free and open licence,2026-09-11,false,high,copernicus_dem_glo90_2021,2021 release,0-1,30 km radius land pixels; 1 km systematic grid; 180 m DEM overview,Copernicus DEM GLO-90 free and open licence,2026-09-11,false,high,copernicus_dem_glo90_2021,2021 release,m,30 km radius land pixels; 1 km systematic grid; 180 m DEM overview,Copernicus DEM GLO-90 free and open licence,2026-09-11,false,high,natural_earth_coastline_4.1.0,version 4.1.0,km,distance from GeoNames anchor to nearest Natural Earth 1:10m coastline,Public domain,2026-09-11,false,medium,natural_earth_coastline_4.1.0,version 4.1.0,0-1,distance from GeoNames anchor to nearest Natural Earth 1:10m coastline,Public domain,2026-09-11,false,medium,nasa_power_v2.9.7_1991_2020,1991-2020,0-1 calibrated index,NASA POWER source grid cell at GeoNames anchor,NASA open data; attribution requested,2026-09-11,false,medium,not_available_globally_comparable,not available,0-1,administrative city; boundary unavailable,n.a.,2026-09-11,true,unavailable,not_available_globally_comparable,not available,0-1,administrative city; boundary unavailable,n.a.,2026-09-11,true,unavailable,not_available_globally_comparable,not available,0-1,administrative city; boundary unavailable,n.a.,2026-09-11,true,unavailable,not_available_globally_comparable,not available,0-1,administrative city; boundary unavailable,n.a.,2026-09-11,true,unavailable,geonames_cities15000_20260911,daily dump downloaded 2026-09-11,GeoNames identifier and UTF-8 text,selected populated-place record,CC BY 4.0,2026-09-11,false,high,geonames_cities15000_20260911,daily dump downloaded 2026-09-11,"decimal degrees, WGS84",GeoNames populated-place point,CC BY 4.0,2026-09-11,false,high
3,1795565,Shenzhen,深圳,中国,CN,中国大陆 + 港澳台,Guangdong,22.54554,114.0683,Asia/Shanghai,Shenzhen,2025-10-22,23.19,4.172222,1534.0185,79.75,12.22,1274.664954,0,0.035803,0.464374,0.243531,57.773178,245.22756,0.204356,2.278607,0.970075,0.29567,2821,1,1,0.987963,0.511194,0.980319,0.780691,0,0.035803,0.464374,0.279437,0.204356,0.29567,0.970075,,,,,24,16,21,15,24,24.52442,16.262249,20.72555,14.714739,23.773042,25,16,21,14,24,24,16,21,15,24,medium,city-elements-v0.1.0,city-facts-2026-09-11-v1,cities100-2026-09-11-v1,GeoNames anchor; natural spatial fields use 30 km radius,all four fields unavailable; neutral response used,nasa_power_v2.9.7_1991_2020,1991-2020,degC,NASA POWER source grid cell at GeoNames anchor,NASA open data; attribution requested,2026-09-11,false,medium,nasa_power_v2.9.7_1991_2020,1991-2020,kWh/m2/day,NASA POWER source grid cell at GeoNames anchor,NASA open data; attribution requested,2026-09-11,false,medium,nasa_power_v2.9.7_1991_2020,1991-2020,mm/year,NASA POWER source grid cell at GeoNames anchor,NASA open data; attribution requested,2026-09-11,false,medium,nasa_power_v2.9.7_1991_2020,1991-2020,percent,NASA POWER source grid cell at GeoNames anchor,NASA open data; attribution requested,2026-09-11,false,medium,nasa_power_v2.9.7_1991_2020,1991-2020,degC,NASA POWER source grid cell at GeoNames anchor,NASA open data; attribution requested,2026-09-11,false,medium,fao56_aridity_derived,1991-2020,0-1; higher=drier,NASA POWER grid cell; FAO-56 monthly ETo using 30 km median elevation,Derived metric; source licences apply,2026-09-11,false,medium,esa_worldcover_2021_v200,2021,0-1,30 km radius; 1 km systematic grid; 80 m WorldCover overview,CC BY 4.0,2026-09-11,false,medium,esa_worldcover_2021_v200,2021,0-1,30 km radius; 1 km systematic grid; 80 m WorldCover overview,CC BY 4.0,2026-09-11,false,medium,copernicus_dem_glo90_2021,2021 release,m,30 km radius land pixels; 1 km systematic grid; 180 m DEM overview,Copernicus DEM GLO-90 free and open licence,2026-09-11,false,high,copernicus_dem_glo90_2021,2021 release,0-1,30 km radius land pixels; 1 km systematic grid; 180 m DEM overview,Copernicus DEM GLO-90 free and open licence,2026-09-11,false,high,copernicus_dem_glo90_2021,2021 release,m,30 km radius land pixels; 1 km systematic grid; 180 m DEM overview,Copernicus DEM GLO-90 free and open licence,2026-09-11,false,high,natural_earth_coastline_4.1.0,version 4.1.0,km,distance from GeoNames anchor to nearest Natural Earth 1:10m coastline,Public domain,2026-09-11,false,medium,natural_earth_coastline_4.1.0,version 4.1.0,0-1,distance from GeoNames anchor to nearest Natural Earth 1:10m coastline,Public domain,2026-09-11,false,medium,nasa_power_v2.9.7_1991_2020,1991-2020,0-1 calibrated index,NASA POWER source grid cell at GeoNames anchor,NASA open data; attribution requested,2026-09-11,false,medium,not_available_globally_comparable,not available,0-1,administrative city; boundary unavailable,n.a.,2026-09-11,true,unavailable,not_available_globally_comparable,not available,0-1,administrative city; boundary unavailable,n.a.,2026-09-11,true,unavailable,not_available_globally_comparable,not available,0-1,administrative city; boundary unavailable,n.a.,2026-09-11,true,unavailable,not_available_globally_comparable,not available,0-1,administrative city; boundary unavailable,n.a.,2026-09-11,true,unavailable,geonames_cities15000_20260911,daily dump downloaded 2026-09-11,GeoNames identifier and UTF-8 text,selected populated-place record,CC BY 4.0,2026-09-11,false,high,geonames_cities15000_20260911,daily dump downloaded 2026-09-11,"decimal degrees, WGS84",GeoNames populated-place point,CC BY 4.0,2026-09-11,false,high
4,1809858,Guangzhou,广州,中国,CN,中国大陆 + 港澳台,Guangdong,23.11667,113.25,Asia/Shanghai,Guangzhou,2026-08-26,22.49,3.805556,1705.682475,78.02,14.17,1186.900732,0,0.054591,0.401631,0.033676,8.687728,47.813458,0.039845,15.674416,0.811402,0.388558,2821,1,1,0.951006,0.381004,1,0.731449,0,0.054591,0.401631,0,0.039845,0.388558,0.811402,,,,,25,16,20,15,24,24.420673,16.081146,20.04026,15.155505,24.302417,25,16,20,15,24,24,16,20,16,24,medium,city-elements-v0.1.0,city-facts-2026-09-11-v1,cities100-2026-09-11-v1,GeoNames anchor; natural spatial fields use 30 km radius,all four fields unavailable; neutral response used,nasa_power_v2.9.7_1991_2020,1991-2020,degC,NASA POWER source grid cell at GeoNames anchor,NASA open data; attribution requested,2026-09-11,false,medium,nasa_power_v2.9.7_1991_2020,1991-2020,kWh/m2/day,NASA POWER source grid cell at GeoNames anchor,NASA open data; attribution requested,2026-09-11,false,medium,nasa_power_v2.9.7_1991_2020,1991-2020,mm/year,NASA POWER source grid cell at GeoNames anchor,NASA open data; attribution requested,2026-09-11,false,medium,nasa_power_v2.9.7_1991_2020,1991-2020,percent,NASA POWER source grid cell at GeoNames anchor,NASA open data; attribution requested,2026-09-11,false,medium,nasa_power_v2.9.7_1991_2020,1991-2020,degC,NASA POWER source grid cell at GeoNames anchor,NASA open data; attribution requested,2026-09-11,false,medium,fao56_aridity_derived,1991-2020,0-1; higher=drier,NASA POWER grid cell; FAO-56 monthly ETo using 30 km median elevation,Derived metric; source licences apply,2026-09-11,false,medium,esa_worldcover_2021_v200,2021,0-1,30 km radius; 1 km systematic grid; 80 m WorldCover overview,CC BY 4.0,2026-09-11,false,medium,esa_worldcover_2021_v200,2021,0-1,30 km radius; 1 km systematic grid; 80 m WorldCover overview,CC BY 4.0,2026-09-11,false,medium,copernicus_dem_glo90_2021,2021 release,m,30 km radius land pixels; 1 km systematic grid; 180 m DEM overview,Copernicus DEM GLO-90 free and open licence,2026-09-11,false,high,copernicus_dem_glo90_2021,2021 release,0-1,30 km radius land pixels; 1 km systematic grid; 180 m DEM overview,Copernicus DEM GLO-90 free and open licence,2026-09-11,false,high,copernicus_dem_glo90_2021,2021 release,m,30 km radius land pixels; 1 km systematic grid; 180 m DEM overview,Copernicus DEM GLO-90 free and open licence,2026-09-11,false,high,natural_earth_coastline_4.1.0,version 4.1.0,km,distance from GeoNames anchor to nearest Natural Earth 1:10m coastline,Public domain,2026-09-11,false,medium,natural_earth_coastline_4.1.0,version 4.1.0,0-1,distance from GeoNames anchor to nearest Natural Earth 1:10m coastline,Public domain,2026-09-11,false,medium,nasa_power_v2.9.7_1991_2020,1991-2020,0-1 calibrated index,NASA POWER source grid cell at GeoNames anchor,NASA open data; attribution requested,2026-09-11,false,medium,not_available_globally_comparable,not available,0-1,administrative city; boundary unavailable,n.a.,2026-09-11,true,unavailable,not_available_globally_comparable,not available,0-1,administrative city; boundary unavailable,n.a.,2026-09-11,true,unavailable,not_available_globally_comparable,not available,0-1,administrative city; boundary unavailable,n.a.,2026-09-11,true,unavailable,not_available_globally_comparable,not available,0-1,administrative city; boundary unavailable,n.a.,2026-09-11,true,unavailable,geonames_cities15000_20260911,daily dump downloaded 2026-09-11,GeoNames identifier and UTF-8 text,selected populated-place record,CC BY 4.0,2026-09-11,false,high,geonames_cities15000_20260911,daily dump downloaded 2026-09-11,"decimal degrees, WGS84",GeoNames populated-place point,CC BY 4.0,2026-09-11,false,high
5,1808926,Hangzhou,杭州,中国,CN,中国大陆 + 港澳台,Zhejiang,30.29365,120.16142,Asia/Shanghai,Hangzhou,2026-08-26,16.5,3.583333,1362.354525,78.43,24.73,968.806197,0,0.049273,0.536689,0.036157,7.415707,96.675902,0.080563,6.525439,0.916672,0.891583,2821,1,1,0.634761,0.302101,0.899923,0.743119,0,0.049273,0.536689,0,0.080563,0.891583,0.916672,,,,,25,14,21,16,24,25.185349,13.535568,21.120969,15.912409,24.245705,25,13,21,16,25,25,14,21,16,24,medium,city-elements-v0.1.0,city-facts-2026-09-11-v1,cities100-2026-09-11-v1,GeoNames anchor; natural spatial fields use 30 km radius,all four fields unavailable; neutral response used,nasa_power_v2.9.7_1991_2020,1991-2020,degC,NASA POWER source grid cell at GeoNames anchor,NASA open data; attribution requested,2026-09-11,false,medium,nasa_power_v2.9.7_1991_2020,1991-2020,kWh/m2/day,NASA POWER source grid cell at GeoNames anchor,NASA open data; attribution requested,2026-09-11,false,medium,nasa_power_v2.9.7_1991_2020,1991-2020,mm/year,NASA POWER source grid cell at GeoNames anchor,NASA open data; attribution requested,2026-09-11,false,medium,nasa_power_v2.9.7_1991_2020,1991-2020,percent,NASA POWER source grid cell at GeoNames anchor,NASA open data; attribution requested,2026-09-11,false,medium,nasa_power_v2.9.7_1991_2020,1991-2020,degC,NASA POWER source grid cell at GeoNames anchor,NASA open data; attribution requested,2026-09-11,false,medium,fao56_aridity_derived,1991-2020,0-1; higher=drier,NASA POWER grid cell; FAO-56 monthly ETo using 30 km median elevation,Derived metric; source licences apply,2026-09-11,false,medium,esa_worldcover_2021_v200,2021,0-1,30 km radius; 1 km systematic grid; 80 m WorldCover overview,CC BY 4.0,2026-09-11,false,medium,esa_worldcover_2021_v200,2021,0-1,30 km radius; 1 km systematic grid; 80 m WorldCover overview,CC BY 4.0,2026-09-11,false,medium,copernicus_dem_glo90_2021,2021 release,m,30 km radius land pixels; 1 km systematic grid; 180 m DEM overview,Copernicus DEM GLO-90 free and open licence,2026-09-11,false,high,copernicus_dem_glo90_2021,2021 release,0-1,30 km radius land pixels; 1 km systematic grid; 180 m DEM overview,Copernicus DEM GLO-90 free and open licence,2026-09-11,false,high,copernicus_dem_glo90_2021,2021 release,m,30 km radius land pixels; 1 km systematic grid; 180 m DEM overview,Copernicus DEM GLO-90 free and open licence,2026-09-11,false,high,natural_earth_coastline_4.1.0,version 4.1.0,km,distance from GeoNames anchor to nearest Natural Earth 1:10m coastline,Public domain,2026-09-11,false,medium,natural_earth_coastline_4.1.0,version 4.1.0,0-1,distance from GeoNames anchor to nearest Natural Earth 1:10m coastline,Public domain,2026-09-11,false,medium,nasa_power_v2.9.7_1991_2020,1991-2020,0-1 calibrated index,NASA POWER source grid cell at GeoNames anchor,NASA open data; attribution requested,2026-09-11,false,medium,not_available_globally_comparable,not available,0-1,administrative city; boundary unavailable,n.a.,2026-09-11,true,unavailable,not_available_globally_comparable,not available,0-1,administrative city; boundary unavailable,n.a.,2026-09-11,true,unavailable,not_available_globally_comparable,not available,0-1,administrative city; boundary unavailable,n.a.,2026-09-11,true,unavailable,not_available_globally_comparable,not available,0-1,administrative city; boundary unavailable,n.a.,2026-09-11,true,unavailable,geonames_cities15000_20260911,daily dump downloaded 2026-09-11,GeoNames identifier and UTF-8 text,selected populated-place record,CC BY 4.0,2026-09-11,false,high,geonames_cities15000_20260911,daily dump downloaded 2026-09-11,"decimal degrees, WGS84",GeoNames populated-place point,CC BY 4.0,2026-09-11,false,high
6,1815286,Chengdu,成都,中国,CN,中国大陆 + 港澳台,Sichuan,30.66667,104.06667,Asia/Shanghai,Chengdu,2026-08-26,17.48,3.188889,938.673225,70.39,22.44,1008.485127,0.069225,0.008153,0.620702,0,505.44165,76.919983,0.0641,1061.652322,0.000001,0.782499,2821,1,1,0.6865,0.162048,0.647625,0.514274,0.069225,0.008153,0.620702,0.775519,0.0641,0.782499,0.000001,,,,,24,14,25,17,20,24.012885,13.7627,24.81497,17.440213,19.969231,24,14,25,17,20,24,14,24,18,20,medium,city-elements-v0.1.0,city-facts-2026-09-11-v1,cities100-2026-09-11-v1,GeoNames anchor; natural spatial fields use 30 km radius,all four fields unavailable; neutral response used,nasa_power_v2.9.7_1991_2020,1991-2020,degC,NASA POWER source grid cell at GeoNames anchor,NASA open data; attribution requested,2026-09-11,false,medium,nasa_power_v2.9.7_1991_2020,1991-2020,kWh/m2/day,NASA POWER source grid cell at GeoNames anchor,NASA open data; attribution requested,2026-09-11,false,medium,nasa_power_v2.9.7_1991_2020,1991-2020,mm/year,NASA POWER source grid cell at GeoNames anchor,NASA open data; attribution requested,2026-09-11,false,medium,nasa_power_v2.9.7_1991_2020,1991-2020,percent,NASA POWER source grid cell at GeoNames anchor,NASA open data; attribution requested,2026-09-11,false,medium,nasa_power_v2.9.7_1991_2020,1991-2020,degC,NASA POWER source grid cell at GeoNames anchor,NASA open data; attribution requested,2026-09-11,false,medium,fao56_aridity_derived,1991-2020,0-1; higher=drier,NASA POWER grid cell; FAO-56 monthly ETo using 30 km median elevation,Derived metric; source licences apply,2026-09-11,false,medium,esa_worldcover_2021_v200,2021,0-1,30 km radius; 1 km systematic grid; 80 m WorldCover overview,CC BY 4.0,2026-09-11,false,medium,esa_worldcover_2021_v200,2021,0-1,30 km radius; 1 km systematic grid; 80 m WorldCover overview,CC BY 4.0,2026-09-11,false,medium,copernicus_dem_glo90_2021,2021 release,m,30 km radius land pixels; 1 km systematic grid; 180 m DEM overview,Copernicus DEM GLO-90 free and open licence,2026-09-11,false,high,copernicus_dem_glo90_2021,2021 release,0-1,30 km radius land pixels; 1 km systematic grid; 180 m DEM overview,Copernicus DEM GLO-90 free and open licence,2026-09-11,false,high,copernicus_dem_glo90_2021,2021 release,m,30 km radius land pixels; 1 km systematic grid; 180 m DEM overview,Copernicus DEM GLO-90 free and open licence,2026-09-11,false,high,natural_earth_coastline_4.1.0,version 4.1.0,km,distance from GeoNames anchor to nearest Natural Earth 1:10m coastline,Public domain,2026-09-11,false,medium,natural_earth_coastline_4.1.0,version 4.1.0,0-1,distance from GeoNames anchor to nearest Natural Earth 1:10m coastline,Public domain,2026-09-11,false,medium,nasa_power_v2.9.7_1991_2020,1991-2020,0-1 calibrated index,NASA POWER source grid cell at GeoNames anchor,NASA open data; attribution requested,2026-09-11,false,medium,not_available_globally_comparable,not available,0-1,administrative city; boundary unavailable,n.a.,2026-09-11,true,unavailable,not_available_globally_comparable,not available,0-1,administrative city; boundary unavailable,n.a.,2026-09-11,true,unavailable,not_available_globally_comparable,not available,0-1,administrative city; boundary unavailable,n.a.,2026-09-11,true,unavailable,not_available_globally_comparable,not available,0-1,administrative city; boundary unavailable,n.a.,2026-09-11,true,unavailable,geonames_cities15000_20260911,daily dump downloaded 2026-09-11,GeoNames identifier and UTF-8 text,selected populated-place record,CC BY 4.0,2026-09-11,false,high,geonames_cities15000_20260911,daily dump downloaded 2026-09-11,"decimal degrees, WGS84",GeoNames populated-place point,CC BY 4.0,2026-09-11,false,high
7,1814906,Chongqing,重庆,中国,CN,中国大陆 + 港澳台,Chongqing,29.56026,106.55771,Asia/Shanghai,Chongqing,2026-09-01,18.25,3.058333,1081.1178,74.49,21.92,950.773771,0,0.034739,0.692662,0,305.330627,279.471359,0.232893,865.316075,0.00001,0.757729,2821,1,1,0.727153,0.115692,0.743307,0.630974,0,0.034739,0.692662,0.659719,0.232893,0.757729,0.00001,,,,,25,13,24,17,21,24.522865,13.425161,24.038635,16.809899,21.20344,25,13,24,17,21,24,14,24,17,21,medium,city-elements-v0.1.0,city-facts-2026-09-11-v1,cities100-2026-09-11-v1,GeoNames anchor; natural spatial fields use 30 km radius,all four fields unavailable; neutral response used,nasa_power_v2.9.7_1991_2020,1991-2020,degC,NASA POWER source grid cell at GeoNames anchor,NASA open data; attribution requested,2026-09-11,false,medium,nasa_power_v2.9.7_1991_2020,1991-2020,kWh/m2/day,NASA POWER source grid cell at GeoNames anchor,NASA open data; attribution requested,2026-09-11,false,medium,nasa_power_v2.9.7_1991_2020,1991-2020,mm/year,NASA POWER source grid cell at GeoNames anchor,NASA open data; attribution requested,2026-09-11,false,medium,nasa_power_v2.9.7_1991_2020,1991-2020,percent,NASA POWER source grid cell at GeoNames anchor,NASA open data; attribution requested,2026-09-11,false,medium,nasa_power_v2.9.7_1991_2020,1991-2020,degC,NASA POWER source grid cell at GeoNames anchor,NASA open data; attribution requested,2026-09-11,false,medium,fao56_aridity_derived,1991-2020,0-1; higher=drier,NASA POWER grid cell; FAO-56 monthly ETo using 30 km median elevation,Derived metric; source licences apply,2026-09-11,false,medium,esa_worldcover_2021_v200,2021,0-1,30 km radius; 1 km systematic grid; 80 m WorldCover overview,CC BY 4.0,2026-09-11,false,medium,esa_worldcover_2021_v200,2021,0-1,30 km radius; 1 km systematic grid; 80 m WorldCover overview,CC BY 4.0,2026-09-11,false,medium,copernicus_dem_glo90_2021,2021 release,m,30 km radius land pixels; 1 km systematic grid; 180 m DEM overview,Copernicus DEM GLO-90 free and open licence,2026-09-11,false,high,copernicus_dem_glo90_2021,2021 release,0-1,30 km radius land pixels; 1 km systematic grid; 180 m DEM overview,Copernicus DEM GLO-90 free and open licence,2026-09-11,false,high,copernicus_dem_glo90_2021,2021 release,m,30 km radius land pixels; 1 km systematic grid; 180 m DEM overview,Copernicus DEM GLO-90 free and open licence,2026-09-11,false,high,natural_earth_coastline_4.1.0,version 4.1.0,km,distance from GeoNames anchor to nearest Natural Earth 1:10m coastline,Public domain,2026-09-11,false,medium,natural_earth_coastline_4.1.0,version 4.1.0,0-1,distance from GeoNames anchor to nearest Natural Earth 1:10m coastline,Public domain,2026-09-11,false,medium,nasa_power_v2.9.7_1991_2020,1991-2020,0-1 calibrated index,NASA POWER source grid cell at GeoNames anchor,NASA open data; attribution requested,2026-09-11,false,medium,not_available_globally_comparable,not available,0-1,administrative city; boundary unavailable,n.a.,2026-09-11,true,unavailable,not_available_globally_comparable,not available,0-1,administrative city; boundary unavailable,n.a.,2026-09-11,true,unavailable,not_available_globally_comparable,not available,0-1,administrative city; boundary unavailable,n.a.,2026-09-11,true,unavailable,not_available_globally_comparable,not available,0-1,administrative city; boundary unavailable,n.a.,2026-09-11,true,unavailable,geonames_cities15000_20260911,daily dump downloaded 2026-09-11,GeoNames identifier and UTF-8 text,selected populated-place record,CC BY 4.0,2026-09-11,false,high,geonames_cities15000_20260911,daily dump downloaded 2026-09-11,"decimal degrees, WGS84",GeoNames populated-place point,CC BY 4.0,2026-09-11,false,high
8,1791247,Wuhan,武汉,中国,CN,中国大陆 + 港澳台,Hubei,30.58333,114.26667,Asia/Shanghai,Wuhan,2026-08-26,17.63,3.583333,1274.696325,73.69,24.66,1079.72575,0,0.151365,0.517547,0,23.789742,20.487,0.017072,538.357717,0.000763,0.888248,2821,1,1,0.69442,0.302101,0.854872,0.608203,0,0.151365,0.517547,0.080598,0.017072,0.888248,0.000763,,,,,25,14,22,17,22,24.758057,14.358693,22.387727,16.932971,21.562553,25,14,22,17,22,25,15,22,17,21,medium,city-elements-v0.1.0,city-facts-2026-09-11-v1,cities100-2026-09-11-v1,GeoNames anchor; natural spatial fields use 30 km radius,all four fields unavailable; neutral response used,nasa_power_v2.9.7_1991_2020,1991-2020,degC,NASA POWER source grid cell at GeoNames anchor,NASA open data; attribution requested,2026-09-11,false,medium,nasa_power_v2.9.7_1991_2020,1991-2020,kWh/m2/day,NASA POWER source grid cell at GeoNames anchor,NASA open data; attribution requested,2026-09-11,false,medium,nasa_power_v2.9.7_1991_2020,1991-2020,mm/year,NASA POWER source grid cell at GeoNames anchor,NASA open data; attribution requested,2026-09-11,false,medium,nasa_power_v2.9.7_1991_2020,1991-2020,percent,NASA POWER source grid cell at GeoNames anchor,NASA open data; attribution requested,2026-09-11,false,medium,nasa_power_v2.9.7_1991_2020,1991-2020,degC,NASA POWER source grid cell at GeoNames anchor,NASA open data; attribution requested,2026-09-11,false,medium,fao56_aridity_derived,1991-2020,0-1; higher=drier,NASA POWER grid cell; FAO-56 monthly ETo using 30 km median elevation,Derived metric; source licences apply,2026-09-11,false,medium,esa_worldcover_2021_v200,2021,0-1,30 km radius; 1 km systematic grid; 80 m WorldCover overview,CC BY 4.0,2026-09-11,false,medium,esa_worldcover_2021_v200,2021,0-1,30 km radius; 1 km systematic grid; 80 m WorldCover overview,CC BY 4.0,2026-09-11,false,medium,copernicus_dem_glo90_2021,2021 release,m,30 km radius land pixels; 1 km systematic grid; 180 m DEM overview,Copernicus DEM GLO-90 free and open licence,2026-09-11,false,high,copernicus_dem_glo90_2021,2021 release,0-1,30 km radius land pixels; 1 km systematic grid; 180 m DEM overview,Copernicus DEM GLO-90 free and open licence,2026-09-11,false,high,copernicus_dem_glo90_2021,2021 release,m,30 km radius land pixels; 1 km systematic grid; 180 m DEM overview,Copernicus DEM GLO-90 free and open licence,2026-09-11,false,high,natural_earth_coastline_4.1.0,version 4.1.0,km,distance from GeoNames anchor to nearest Natural Earth 1:10m coastline,Public domain,2026-09-11,false,medium,natural_earth_coastline_4.1.0,version 4.1.0,0-1,distance from GeoNames anchor to nearest Natural Earth 1:10m coastline,Public domain,2026-09-11,false,medium,nasa_power_v2.9.7_1991_2020,1991-2020,0-1 calibrated index,NASA POWER source grid cell at GeoNames anchor,NASA open data; attribution requested,2026-09-11,false,medium,not_available_globally_comparable,not available,0-1,administrative city; boundary unavailable,n.a.,2026-09-11,true,unavailable,not_available_globally_comparable,not available,0-1,administrative city; boundary unavailable,n.a.,2026-09-11,true,unavailable,not_available_globally_comparable,not available,0-1,administrative city; boundary unavailable,n.a.,2026-09-11,true,unavailable,not_available_globally_comparable,not available,0-1,administrative city; boundary unavailable,n.a.,2026-09-11,true,unavailable,geonames_cities15000_20260911,daily dump downloaded 2026-09-11,GeoNames identifier and UTF-8 text,selected populated-place record,CC BY 4.0,2026-09-11,false,high,geonames_cities15000_20260911,daily dump downloaded 2026-09-11,"decimal degrees, WGS84",GeoNames populated-place point,CC BY 4.0,2026-09-11,false,high
9,1799962,Nanjing,南京,中国,CN,中国大陆 + 港澳台,Jiangsu,32.06167,118.77778,Asia/Shanghai,Nanjing,2026-04-13,16.02,3.725,1143.209025,75.02,26.09,1047.126973,0,0.06877,0.646225,0,12.462868,52.202727,0.043502,79.581605,0.346079,0.956366,2821,1,1,0.609419,0.352402,0.78113,0.646059,0,0.06877,0.646225,0,0.043502,0.956366,0.346079,,,,,26,14,22,17,21,25.605765,13.883526,22.329539,16.729313,21.451857,26,13,22,17,22,25,14,22,17,22,medium,city-elements-v0.1.0,city-facts-2026-09-11-v1,cities100-2026-09-11-v1,GeoNames anchor; natural spatial fields use 30 km radius,all four fields unavailable; neutral response used,nasa_power_v2.9.7_1991_2020,1991-2020,degC,NASA POWER source grid cell at GeoNames anchor,NASA open data; attribution requested,2026-09-11,false,medium,nasa_power_v2.9.7_1991_2020,1991-2020,kWh/m2/day,NASA POWER source grid cell at GeoNames anchor,NASA open data; attribution requested,2026-09-11,false,medium,nasa_power_v2.9.7_1991_2020,1991-2020,mm/year,NASA POWER source grid cell at GeoNames anchor,NASA open data; attribution requested,2026-09-11,false,medium,nasa_power_v2.9.7_1991_2020,1991-2020,percent,NASA POWER source grid cell at GeoNames anchor,NASA open data; attribution requested,2026-09-11,false,medium,nasa_power_v2.9.7_1991_2020,1991-2020,degC,NASA POWER source grid cell at GeoNames anchor,NASA open data; attribution requested,2026-09-11,false,medium,fao56_aridity_derived,1991-2020,0-1; higher=drier,NASA POWER grid cell; FAO-56 monthly ETo using 30 km median elevation,Derived metric; source licences apply,2026-09-11,false,medium,esa_worldcover_2021_v200,2021,0-1,30 km radius; 1 km systematic grid; 80 m WorldCover overview,CC BY 4.0,2026-09-11,false,medium,esa_worldcover_2021_v200,2021,0-1,30 km radius; 1 km systematic grid; 80 m WorldCover overview,CC BY 4.0,2026-09-11,false,medium,copernicus_dem_glo90_2021,2021 release,m,30 km radius land pixels; 1 km systematic grid; 180 m DEM overview,Copernicus DEM GLO-90 free and open licence,2026-09-11,false,high,copernicus_dem_glo90_2021,2021 release,0-1,30 km radius land pixels; 1 km systematic grid; 180 m DEM overview,Copernicus DEM GLO-90 free and open licence,2026-09-11,false,high,copernicus_dem_glo90_2021,2021 release,m,30 km radius land pixels; 1 km systematic grid; 180 m DEM overview,Copernicus DEM GLO-90 free and open licence,2026-09-11,false,high,natural_earth_coastline_4.1.0,version 4.1.0,km,distance from GeoNames anchor to nearest Natural Earth 1:10m coastline,Public domain,2026-09-11,false,medium,natural_earth_coastline_4.1.0,version 4.1.0,0-1,distance from GeoNames anchor to nearest Natural Earth 1:10m coastline,Public domain,2026-09-11,false,medium,nasa_power_v2.9.7_1991_2020,1991-2020,0-1 calibrated index,NASA POWER source grid cell at GeoNames anchor,NASA open data; attribution requested,2026-09-11,false,medium,not_available_globally_comparable,not available,0-1,administrative city; boundary unavailable,n.a.,2026-09-11,true,unavailable,not_available_globally_comparable,not available,0-1,administrative city; boundary unavailable,n.a.,2026-09-11,true,unavailable,not_available_globally_comparable,not available,0-1,administrative city; boundary unavailable,n.a.,2026-09-11,true,unavailable,not_available_globally_comparable,not available,0-1,administrative city; boundary unavailable,n.a.,2026-09-11,true,unavailable,geonames_cities15000_20260911,daily dump downloaded 2026-09-11,GeoNames identifier and UTF-8 text,selected populated-place record,CC BY 4.0,2026-09-11,false,high,geonames_cities15000_20260911,daily dump downloaded 2026-09-11,"decimal degrees, WGS84",GeoNames populated-place point,CC BY 4.0,2026-09-11,false,high
10,1790630,Xi'an,西安,中国,CN,中国大陆 + 港澳台,Shaanxi,34.25833,108.92861,Asia/Shanghai,Xi’an,2026-08-26,14.71,3.919444,631.869525,57.81,27.69,1109.645864,0.430567,0.009571,0.607231,0,416.770874,263.613037,0.219678,910.973972,0.000005,1,2821,1,1,0.540257,0.421442,0.37967,0.156206,0.430567,0.009571,0.607231,0.731185,0.219678,1,0.000005,,,,,23,14,28,20,15,22.919561,14.325608,27.823749,19.623194,15.307888,23,14,28,20,15,23,15,27,20,15,medium,city-elements-v0.1.0,city-facts-2026-09-11-v1,cities100-2026-09-11-v1,GeoNames anchor; natural spatial fields use 30 km radius,all four fields unavailable; neutral response used,nasa_power_v2.9.7_1991_2020,1991-2020,degC,NASA POWER source grid cell at GeoNames anchor,NASA open data; attribution requested,2026-09-11,false,medium,nasa_power_v2.9.7_1991_2020,1991-2020,kWh/m2/day,NASA POWER source grid cell at GeoNames anchor,NASA open data; attribution requested,2026-09-11,false,medium,nasa_power_v2.9.7_1991_2020,1991-2020,mm/year,NASA POWER source grid cell at GeoNames anchor,NASA open data; attribution requested,2026-09-11,false,medium,nasa_power_v2.9.7_1991_2020,1991-2020,percent,NASA POWER source grid cell at GeoNames anchor,NASA open data; attribution requested,2026-09-11,false,medium,nasa_power_v2.9.7_1991_2020,1991-2020,degC,NASA POWER source grid cell at GeoNames anchor,NASA open data; attribution requested,2026-09-11,false,medium,fao56_aridity_derived,1991-2020,0-1; higher=drier,NASA POWER grid cell; FAO-56 monthly ETo using 30 km median elevation,Derived metric; source licences apply,2026-09-11,false,medium,esa_worldcover_2021_v200,2021,0-1,30 km radius; 1 km systematic grid; 80 m WorldCover overview,CC BY 4.0,2026-09-11,false,medium,esa_worldcover_2021_v200,2021,0-1,30 km radius; 1 km systematic grid; 80 m WorldCover overview,CC BY 4.0,2026-09-11,false,medium,copernicus_dem_glo90_2021,2021 release,m,30 km radius land pixels; 1 km systematic grid; 180 m DEM overview,Copernicus DEM GLO-90 free and open licence,2026-09-11,false,high,copernicus_dem_glo90_2021,2021 release,0-1,30 km radius land pixels; 1 km systematic grid; 180 m DEM overview,Copernicus DEM GLO-90 free and open licence,2026-09-11,false,high,copernicus_dem_glo90_2021,2021 release,m,30 km radius land pixels; 1 km systematic grid; 180 m DEM overview,Copernicus DEM GLO-90 free and open licence,2026-09-11,false,high,natural_earth_coastline_4.1.0,version 4.1.0,km,distance from GeoNames anchor to nearest Natural Earth 1:10m coastline,Public domain,2026-09-11,false,medium,natural_earth_coastline_4.1.0,version 4.1.0,0-1,distance from GeoNames anchor to nearest Natural Earth 1:10m coastline,Public domain,2026-09-11,false,medium,nasa_power_v2.9.7_1991_2020,1991-2020,0-1 calibrated index,NASA POWER source grid cell at GeoNames anchor,NASA open data; attribution requested,2026-09-11,false,medium,not_available_globally_comparable,not available,0-1,administrative city; boundary unavailable,n.a.,2026-09-11,true,unavailable,not_available_globally_comparable,not available,0-1,administrative city; boundary unavailable,n.a.,2026-09-11,true,unavailable,not_available_globally_comparable,not available,0-1,administrative city; boundary unavailable,n.a.,2026-09-11,true,unavailable,not_available_globally_comparable,not available,0-1,administrative city; boundary unavailable,n.a.,2026-09-11,true,unavailable,geonames_cities15000_20260911,daily dump downloaded 2026-09-11,GeoNames identifier and UTF-8 text,selected populated-place record,CC BY 4.0,2026-09-11,false,high,geonames_cities15000_20260911,daily dump downloaded 2026-09-11,"decimal degrees, WGS84",GeoNames populated-place point,CC BY 4.0,2026-09-11,false,high
11,1797929,Qingdao,青岛,中国,CN,中国大陆 + 港澳台,Shandong,36.06488,120.38042,Asia/Shanghai,Qingdao,2024-03-26,13.59,4.125,690.308325,74.79,24.14,980.819078,0.296192,0.028004,0.221907,0.580291,32.064161,337.022724,0.280852,1.413764,0.981326,0.863478,2821,1,1,0.481126,0.494427,0.439544,0.639513,0.296192,0.028004,0.221907,0.146939,0.280852,0.863478,0.981326,,,,,23,14,25,18,20,22.785397,14.316852,25.222717,17.99103,19.684005,23,14,25,18,20,22,15,25,18,20,medium,city-elements-v0.1.0,city-facts-2026-09-11-v1,cities100-2026-09-11-v1,GeoNames anchor; natural spatial fields use 30 km radius,all four fields unavailable; neutral response used,nasa_power_v2.9.7_1991_2020,1991-2020,degC,NASA POWER source grid cell at GeoNames anchor,NASA open data; attribution requested,2026-09-11,false,medium,nasa_power_v2.9.7_1991_2020,1991-2020,kWh/m2/day,NASA POWER source grid cell at GeoNames anchor,NASA open data; attribution requested,2026-09-11,false,medium,nasa_power_v2.9.7_1991_2020,1991-2020,mm/year,NASA POWER source grid cell at GeoNames anchor,NASA open data; attribution requested,2026-09-11,false,medium,nasa_power_v2.9.7_1991_2020,1991-2020,percent,NASA POWER source grid cell at GeoNames anchor,NASA open data; attribution requested,2026-09-11,false,medium,nasa_power_v2.9.7_1991_2020,1991-2020,degC,NASA POWER source grid cell at GeoNames anchor,NASA open data; attribution requested,2026-09-11,false,medium,fao56_aridity_derived,1991-2020,0-1; higher=drier,NASA POWER grid cell; FAO-56 monthly ETo using 30 km median elevation,Derived metric; source licences apply,2026-09-11,false,medium,esa_worldcover_2021_v200,2021,0-1,30 km radius; 1 km systematic grid; 80 m WorldCover overview,CC BY 4.0,2026-09-11,false,medium,esa_worldcover_2021_v200,2021,0-1,30 km radius; 1 km systematic grid; 80 m WorldCover overview,CC BY 4.0,2026-09-11,false,medium,copernicus_dem_glo90_2021,2021 release,m,30 km radius land pixels; 1 km systematic grid; 180 m DEM overview,Copernicus DEM GLO-90 free and open licence,2026-09-11,false,high,copernicus_dem_glo90_2021,2021 release,0-1,30 km radius land pixels; 1 km systematic grid; 180 m DEM overview,Copernicus DEM GLO-90 free and open licence,2026-09-11,false,high,copernicus_dem_glo90_2021,2021 release,m,30 km radius land pixels; 1 km systematic grid; 180 m DEM overview,Copernicus DEM GLO-90 free and open licence,2026-09-11,false,high,natural_earth_coastline_4.1.0,version 4.1.0,km,distance from GeoNames anchor to nearest Natural Earth 1:10m coastline,Public domain,2026-09-11,false,medium,natural_earth_coastline_4.1.0,version 4.1.0,0-1,distance from GeoNames anchor to nearest Natural Earth 1:10m coastline,Public domain,2026-09-11,false,medium,nasa_power_v2.9.7_1991_2020,1991-2020,0-1 calibrated index,NASA POWER source grid cell at GeoNames anchor,NASA open data; attribution requested,2026-09-11,false,medium,not_available_globally_comparable,not available,0-1,administrative city; boundary unavailable,n.a.,2026-09-11,true,unavailable,not_available_globally_comparable,not available,0-1,administrative city; boundary unavailable,n.a.,2026-09-11,true,unavailable,not_available_globally_comparable,not available,0-1,administrative city; boundary unavailable,n.a.,2026-09-11,true,unavailable,not_available_globally_comparable,not available,0-1,administrative city; boundary unavailable,n.a.,2026-09-11,true,unavailable,geonames_cities15000_20260911,daily dump downloaded 2026-09-11,GeoNames identifier and UTF-8 text,selected populated-place record,CC BY 4.0,2026-09-11,false,high,geonames_cities15000_20260911,daily dump downloaded 2026-09-11,"decimal degrees, WGS84",GeoNames populated-place point,CC BY 4.0,2026-09-11,false,high
12,1790645,Xiamen,厦门,中国,CN,中国大陆 + 港澳台,Fujian,24.47979,118.08187,Asia/Shanghai,Xiamen,2024-09-05,21.12,4.208333,1314.873,80.47,14.66,1220.233841,0,0.021269,0.411556,0.421482,30.285607,239.292781,0.199411,0.28411,0.996219,0.411899,2821,1,1,0.878676,0.524016,0.875893,0.801184,0,0.021269,0.411556,0.134204,0.199411,0.411899,0.996219,,,,,25,16,21,15,23,24.455339,15.865013,21.125876,15.194442,23.359329,25,16,21,15,23,24,16,21,16,23,medium,city-elements-v0.1.0,city-facts-2026-09-11-v1,cities100-2026-09-11-v1,GeoNames anchor; natural spatial fields use 30 km radius,all four fields unavailable; neutral response used,nasa_power_v2.9.7_1991_2020,1991-2020,degC,NASA POWER source grid cell at GeoNames anchor,NASA open data; attribution requested,2026-09-11,false,medium,nasa_power_v2.9.7_1991_2020,1991-2020,kWh/m2/day,NASA POWER source grid cell at GeoNames anchor,NASA open data; attribution requested,2026-09-11,false,medium,nasa_power_v2.9.7_1991_2020,1991-2020,mm/year,NASA POWER source grid cell at GeoNames anchor,NASA open data; attribution requested,2026-09-11,false,medium,nasa_power_v2.9.7_1991_2020,1991-2020,percent,NASA POWER source grid cell at GeoNames anchor,NASA open data; attribution requested,2026-09-11,false,medium,nasa_power_v2.9.7_1991_2020,1991-2020,degC,NASA POWER source grid cell at GeoNames anchor,NASA open data; attribution requested,2026-09-11,false,medium,fao56_aridity_derived,1991-2020,0-1; higher=drier,NASA POWER grid cell; FAO-56 monthly ETo using 30 km median elevation,Derived metric; source licences apply,2026-09-11,false,medium,esa_worldcover_2021_v200,2021,0-1,30 km radius; 1 km systematic grid; 80 m WorldCover overview,CC BY 4.0,2026-09-11,false,medium,esa_worldcover_2021_v200,2021,0-1,30 km radius; 1 km systematic grid; 80 m WorldCover overview,CC BY 4.0,2026-09-11,false,medium,copernicus_dem_glo90_2021,2021 release,m,30 km radius land pixels; 1 km systematic grid; 180 m DEM overview,Copernicus DEM GLO-90 free and open licence,2026-09-11,false,high,copernicus_dem_glo90_2021,2021 release,0-1,30 km radius land pixels; 1 km systematic grid; 180 m DEM overview,Copernicus DEM GLO-90 free and open licence,2026-09-11,false,high,copernicus_dem_glo90_2021,2021 release,m,30 km radius land pixels; 1 km systematic grid; 180 m DEM overview,Copernicus DEM GLO-90 free and open licence,2026-09-11,false,high,natural_earth_coastline_4.1.0,version 4.1.0,km,distance from GeoNames anchor to nearest Natural Earth 1:10m coastline,Public domain,2026-09-11,false,medium,natural_earth_coastline_4.1.0,version 4.1.0,0-1,distance from GeoNames anchor to nearest Natural Earth 1:10m coastline,Public domain,2026-09-11,false,medium,nasa_power_v2.9.7_1991_2020,1991-2020,0-1 calibrated index,NASA POWER source grid cell at GeoNames anchor,NASA open data; attribution requested,2026-09-11,false,medium,not_available_globally_comparable,not available,0-1,administrative city; boundary unavailable,n.a.,2026-09-11,true,unavailable,not_available_globally_comparable,not available,0-1,administrative city; boundary unavailable,n.a.,2026-09-11,true,unavailable,not_available_globally_comparable,not available,0-1,administrative city; boundary unavailable,n.a.,2026-09-11,true,unavailable,not_available_globally_comparable,not available,0-1,administrative city; boundary unavailable,n.a.,2026-09-11,true,unavailable,geonames_cities15000_20260911,daily dump downloaded 2026-09-11,GeoNames identifier and UTF-8 text,selected populated-place record,CC BY 4.0,2026-09-11,false,high,geonames_cities15000_20260911,daily dump downloaded 2026-09-11,"decimal degrees, WGS84",GeoNames populated-place point,CC BY 4.0,2026-09-11,false,high
13,1804651,Kunming,昆明,中国,CN,中国大陆 + 港澳台,Yunnan,25.03889,102.71833,Asia/Shanghai,Kunming,2026-09-02,15.2,4.547222,832.7529,71.27,13.2,1204.241122,0.308483,0.084013,0.730592,0,2023.53894,395.819336,0.329849,599.761949,0.000337,0.342352,2821,1,1,0.566126,0.644344,0.566551,0.539322,0.308483,0.084013,0.730592,1,0.329849,0.342352,0.000337,,,,,25,15,26,17,17,24.697074,15.086742,26.551305,16.910909,16.75397,25,15,27,17,16,25,15,26,17,17,medium,city-elements-v0.1.0,city-facts-2026-09-11-v1,cities100-2026-09-11-v1,GeoNames anchor; natural spatial fields use 30 km radius,all four fields unavailable; neutral response used,nasa_power_v2.9.7_1991_2020,1991-2020,degC,NASA POWER source grid cell at GeoNames anchor,NASA open data; attribution requested,2026-09-11,false,medium,nasa_power_v2.9.7_1991_2020,1991-2020,kWh/m2/day,NASA POWER source grid cell at GeoNames anchor,NASA open data; attribution requested,2026-09-11,false,medium,nasa_power_v2.9.7_1991_2020,1991-2020,mm/year,NASA POWER source grid cell at GeoNames anchor,NASA open data; attribution requested,2026-09-11,false,medium,nasa_power_v2.9.7_1991_2020,1991-2020,percent,NASA POWER source grid cell at GeoNames anchor,NASA open data; attribution requested,2026-09-11,false,medium,nasa_power_v2.9.7_1991_2020,1991-2020,degC,NASA POWER source grid cell at GeoNames anchor,NASA open data; attribution requested,2026-09-11,false,medium,fao56_aridity_derived,1991-2020,0-1; higher=drier,NASA POWER grid cell; FAO-56 monthly ETo using 30 km median elevation,Derived metric; source licences apply,2026-09-11,false,medium,esa_worldcover_2021_v200,2021,0-1,30 km radius; 1 km systematic grid; 80 m WorldCover overview,CC BY 4.0,2026-09-11,false,medium,esa_worldcover_2021_v200,2021,0-1,30 km radius; 1 km systematic grid; 80 m WorldCover overview,CC BY 4.0,2026-09-11,false,medium,copernicus_dem_glo90_2021,2021 release,m,30 km radius land pixels; 1 km systematic grid; 180 m DEM overview,Copernicus DEM GLO-90 free and open licence,2026-09-11,false,high,copernicus_dem_glo90_2021,2021 release,0-1,30 km radius land pixels; 1 km systematic grid; 180 m DEM overview,Copernicus DEM GLO-90 free and open licence,2026-09-11,false,high,copernicus_dem_glo90_2021,2021 release,m,30 km radius land pixels; 1 km systematic grid; 180 m DEM overview,Copernicus DEM GLO-90 free and open licence,2026-09-11,false,high,natural_earth_coastline_4.1.0,version 4.1.0,km,distance from GeoNames anchor to nearest Natural Earth 1:10m coastline,Public domain,2026-09-11,false,medium,natural_earth_coastline_4.1.0,version 4.1.0,0-1,distance from GeoNames anchor to nearest Natural Earth 1:10m coastline,Public domain,2026-09-11,false,medium,nasa_power_v2.9.7_1991_2020,1991-2020,0-1 calibrated index,NASA POWER source grid cell at GeoNames anchor,NASA open data; attribution requested,2026-09-11,false,medium,not_available_globally_comparable,not available,0-1,administrative city; boundary unavailable,n.a.,2026-09-11,true,unavailable,not_available_globally_comparable,not available,0-1,administrative city; boundary unavailable,n.a.,2026-09-11,true,unavailable,not_available_globally_comparable,not available,0-1,administrative city; boundary unavailable,n.a.,2026-09-11,true,unavailable,not_available_globally_comparable,not available,0-1,administrative city; boundary unavailable,n.a.,2026-09-11,true,unavailable,geonames_cities15000_20260911,daily dump downloaded 2026-09-11,GeoNames identifier and UTF-8 text,selected populated-place record,CC BY 4.0,2026-09-11,false,high,geonames_cities15000_20260911,daily dump downloaded 2026-09-11,"decimal degrees, WGS84",GeoNames populated-place point,CC BY 4.0,2026-09-11,false,high
14,1280737,Lhasa,拉萨,中国,CN,中国大陆 + 港澳台,Tibet,29.65,91.1,Asia/Shanghai,Lhasa,2026-08-26,4.31,5.702778,430.98615,44.55,17.99,1166.560773,0.63055,0.015952,0.858915,0,4355.598145,1480.085938,1,967.108202,0.000003,0.570524,2821,1,1,0,1,0.120796,0,0.63055,0.015952,0.858915,1,1,0.570524,0.000003,,,,,19,16,28,20,17,19.365081,15.461013,28.342231,20.396174,16.4355,19,15,29,21,16,19,16,28,20,17,medium,city-elements-v0.1.0,city-facts-2026-09-11-v1,cities100-2026-09-11-v1,GeoNames anchor; natural spatial fields use 30 km radius,all four fields unavailable; neutral response used,nasa_power_v2.9.7_1991_2020,1991-2020,degC,NASA POWER source grid cell at GeoNames anchor,NASA open data; attribution requested,2026-09-11,false,medium,nasa_power_v2.9.7_1991_2020,1991-2020,kWh/m2/day,NASA POWER source grid cell at GeoNames anchor,NASA open data; attribution requested,2026-09-11,false,medium,nasa_power_v2.9.7_1991_2020,1991-2020,mm/year,NASA POWER source grid cell at GeoNames anchor,NASA open data; attribution requested,2026-09-11,false,medium,nasa_power_v2.9.7_1991_2020,1991-2020,percent,NASA POWER source grid cell at GeoNames anchor,NASA open data; attribution requested,2026-09-11,false,medium,nasa_power_v2.9.7_1991_2020,1991-2020,degC,NASA POWER source grid cell at GeoNames anchor,NASA open data; attribution requested,2026-09-11,false,medium,fao56_aridity_derived,1991-2020,0-1; higher=drier,NASA POWER grid cell; FAO-56 monthly ETo using 30 km median elevation,Derived metric; source licences apply,2026-09-11,false,medium,esa_worldcover_2021_v200,2021,0-1,30 km radius; 1 km systematic grid; 80 m WorldCover overview,CC BY 4.0,2026-09-11,false,medium,esa_worldcover_2021_v200,2021,0-1,30 km radius; 1 km systematic grid; 80 m WorldCover overview,CC BY 4.0,2026-09-11,false,medium,copernicus_dem_glo90_2021,2021 release,m,30 km radius land pixels; 1 km systematic grid; 180 m DEM overview,Copernicus DEM GLO-90 free and open licence,2026-09-11,false,high,copernicus_dem_glo90_2021,2021 release,0-1,30 km radius land pixels; 1 km systematic grid; 180 m DEM overview,Copernicus DEM GLO-90 free and open licence,2026-09-11,false,high,copernicus_dem_glo90_2021,2021 release,m,30 km radius land pixels; 1 km systematic grid; 180 m DEM overview,Copernicus DEM GLO-90 free and open licence,2026-09-11,false,high,natural_earth_coastline_4.1.0,version 4.1.0,km,distance from GeoNames anchor to nearest Natural Earth 1:10m coastline,Public domain,2026-09-11,false,medium,natural_earth_coastline_4.1.0,version 4.1.0,0-1,distance from GeoNames anchor to nearest Natural Earth 1:10m coastline,Public domain,2026-09-11,false,medium,nasa_power_v2.9.7_1991_2020,1991-2020,0-1 calibrated index,NASA POWER source grid cell at GeoNames anchor,NASA open data; attribution requested,2026-09-11,false,medium,not_available_globally_comparable,not available,0-1,administrative city; boundary unavailable,n.a.,2026-09-11,true,unavailable,not_available_globally_comparable,not available,0-1,administrative city; boundary unavailable,n.a.,2026-09-11,true,unavailable,not_available_globally_comparable,not available,0-1,administrative city; boundary unavailable,n.a.,2026-09-11,true,unavailable,not_available_globally_comparable,not available,0-1,administrative city; boundary unavailable,n.a.,2026-09-11,true,unavailable,geonames_cities15000_20260911,daily dump downloaded 2026-09-11,GeoNames identifier and UTF-8 text,selected populated-place record,CC BY 4.0,2026-09-11,false,high,geonames_cities15000_20260911,daily dump downloaded 2026-09-11,"decimal degrees, WGS84",GeoNames populated-place point,CC BY 4.0,2026-09-11,false,high
15,2037013,Harbin,哈尔滨,中国,CN,中国大陆 + 港澳台,Heilongjiang,45.75,126.65,Asia/Shanghai,Harbin,2026-08-26,4.01,3.886111,562.47345,71.57,42.56,850.611842,0.338743,0.076214,0.703297,0,130.801147,66.580124,0.055483,469.058437,0.001923,1,2821,1,1,0,0.409606,0.300934,0.547861,0.338743,0.076214,0.703297,0.465459,0.055483,1,0.001923,,,,,23,13,25,19,20,22.478034,12.583137,25.185621,19.458706,20.294501,23,12,26,19,20,22,13,25,20,20,medium,city-elements-v0.1.0,city-facts-2026-09-11-v1,cities100-2026-09-11-v1,GeoNames anchor; natural spatial fields use 30 km radius,all four fields unavailable; neutral response used,nasa_power_v2.9.7_1991_2020,1991-2020,degC,NASA POWER source grid cell at GeoNames anchor,NASA open data; attribution requested,2026-09-11,false,medium,nasa_power_v2.9.7_1991_2020,1991-2020,kWh/m2/day,NASA POWER source grid cell at GeoNames anchor,NASA open data; attribution requested,2026-09-11,false,medium,nasa_power_v2.9.7_1991_2020,1991-2020,mm/year,NASA POWER source grid cell at GeoNames anchor,NASA open data; attribution requested,2026-09-11,false,medium,nasa_power_v2.9.7_1991_2020,1991-2020,percent,NASA POWER source grid cell at GeoNames anchor,NASA open data; attribution requested,2026-09-11,false,medium,nasa_power_v2.9.7_1991_2020,1991-2020,degC,NASA POWER source grid cell at GeoNames anchor,NASA open data; attribution requested,2026-09-11,false,medium,fao56_aridity_derived,1991-2020,0-1; higher=drier,NASA POWER grid cell; FAO-56 monthly ETo using 30 km median elevation,Derived metric; source licences apply,2026-09-11,false,medium,esa_worldcover_2021_v200,2021,0-1,30 km radius; 1 km systematic grid; 80 m WorldCover overview,CC BY 4.0,2026-09-11,false,medium,esa_worldcover_2021_v200,2021,0-1,30 km radius; 1 km systematic grid; 80 m WorldCover overview,CC BY 4.0,2026-09-11,false,medium,copernicus_dem_glo90_2021,2021 release,m,30 km radius land pixels; 1 km systematic grid; 180 m DEM overview,Copernicus DEM GLO-90 free and open licence,2026-09-11,false,high,copernicus_dem_glo90_2021,2021 release,0-1,30 km radius land pixels; 1 km systematic grid; 180 m DEM overview,Copernicus DEM GLO-90 free and open licence,2026-09-11,false,high,copernicus_dem_glo90_2021,2021 release,m,30 km radius land pixels; 1 km systematic grid; 180 m DEM overview,Copernicus DEM GLO-90 free and open licence,2026-09-11,false,high,natural_earth_coastline_4.1.0,version 4.1.0,km,distance from GeoNames anchor to nearest Natural Earth 1:10m coastline,Public domain,2026-09-11,false,medium,natural_earth_coastline_4.1.0,version 4.1.0,0-1,distance from GeoNames anchor to nearest Natural Earth 1:10m coastline,Public domain,2026-09-11,false,medium,nasa_power_v2.9.7_1991_2020,1991-2020,0-1 calibrated index,NASA POWER source grid cell at GeoNames anchor,NASA open data; attribution requested,2026-09-11,false,medium,not_available_globally_comparable,not available,0-1,administrative city; boundary unavailable,n.a.,2026-09-11,true,unavailable,not_available_globally_comparable,not available,0-1,administrative city; boundary unavailable,n.a.,2026-09-11,true,unavailable,not_available_globally_comparable,not available,0-1,administrative city; boundary unavailable,n.a.,2026-09-11,true,unavailable,not_available_globally_comparable,not available,0-1,administrative city; boundary unavailable,n.a.,2026-09-11,true,unavailable,geonames_cities15000_20260911,daily dump downloaded 2026-09-11,GeoNames identifier and UTF-8 text,selected populated-place record,CC BY 4.0,2026-09-11,false,high,geonames_cities15000_20260911,daily dump downloaded 2026-09-11,"decimal degrees, WGS84",GeoNames populated-place point,CC BY 4.0,2026-09-11,false,high
16,1529102,Urumqi,乌鲁木齐,中国,CN,中国大陆 + 港澳台,Xinjiang,43.80096,87.60046,Asia/Urumqi,Ürümqi,2026-08-26,10.71,4.277778,262.9746,45.74,33.1,1243.339046,0.788493,0.00709,0.490606,0,1022.605347,814.644409,0.67887,2256.953078,0,1,2821,1,1,0.329074,0.548673,0,0,0.788493,0.00709,0.490606,0.937602,0.67887,1,0,,,,,19,15,30,22,14,18.914583,14.643007,30.627481,22.141065,13.673864,19,15,31,22,13,19,15,30,22,14,medium,city-elements-v0.1.0,city-facts-2026-09-11-v1,cities100-2026-09-11-v1,GeoNames anchor; natural spatial fields use 30 km radius,all four fields unavailable; neutral response used,nasa_power_v2.9.7_1991_2020,1991-2020,degC,NASA POWER source grid cell at GeoNames anchor,NASA open data; attribution requested,2026-09-11,false,medium,nasa_power_v2.9.7_1991_2020,1991-2020,kWh/m2/day,NASA POWER source grid cell at GeoNames anchor,NASA open data; attribution requested,2026-09-11,false,medium,nasa_power_v2.9.7_1991_2020,1991-2020,mm/year,NASA POWER source grid cell at GeoNames anchor,NASA open data; attribution requested,2026-09-11,false,medium,nasa_power_v2.9.7_1991_2020,1991-2020,percent,NASA POWER source grid cell at GeoNames anchor,NASA open data; attribution requested,2026-09-11,false,medium,nasa_power_v2.9.7_1991_2020,1991-2020,degC,NASA POWER source grid cell at GeoNames anchor,NASA open data; attribution requested,2026-09-11,false,medium,fao56_aridity_derived,1991-2020,0-1; higher=drier,NASA POWER grid cell; FAO-56 monthly ETo using 30 km median elevation,Derived metric; source licences apply,2026-09-11,false,medium,esa_worldcover_2021_v200,2021,0-1,30 km radius; 1 km systematic grid; 80 m WorldCover overview,CC BY 4.0,2026-09-11,false,medium,esa_worldcover_2021_v200,2021,0-1,30 km radius; 1 km systematic grid; 80 m WorldCover overview,CC BY 4.0,2026-09-11,false,medium,copernicus_dem_glo90_2021,2021 release,m,30 km radius land pixels; 1 km systematic grid; 180 m DEM overview,Copernicus DEM GLO-90 free and open licence,2026-09-11,false,high,copernicus_dem_glo90_2021,2021 release,0-1,30 km radius land pixels; 1 km systematic grid; 180 m DEM overview,Copernicus DEM GLO-90 free and open licence,2026-09-11,false,high,copernicus_dem_glo90_2021,2021 release,m,30 km radius land pixels; 1 km systematic grid; 180 m DEM overview,Copernicus DEM GLO-90 free and open licence,2026-09-11,false,high,natural_earth_coastline_4.1.0,version 4.1.0,km,distance from GeoNames anchor to nearest Natural Earth 1:10m coastline,Public domain,2026-09-11,false,medium,natural_earth_coastline_4.1.0,version 4.1.0,0-1,distance from GeoNames anchor to nearest Natural Earth 1:10m coastline,Public domain,2026-09-11,false,medium,nasa_power_v2.9.7_1991_2020,1991-2020,0-1 calibrated index,NASA POWER source grid cell at GeoNames anchor,NASA open data; attribution requested,2026-09-11,false,medium,not_available_globally_comparable,not available,0-1,administrative city; boundary unavailable,n.a.,2026-09-11,true,unavailable,not_available_globally_comparable,not available,0-1,administrative city; boundary unavailable,n.a.,2026-09-11,true,unavailable,not_available_globally_comparable,not available,0-1,administrative city; boundary unavailable,n.a.,2026-09-11,true,unavailable,not_available_globally_comparable,not available,0-1,administrative city; boundary unavailable,n.a.,2026-09-11,true,unavailable,geonames_cities15000_20260911,daily dump downloaded 2026-09-11,GeoNames identifier and UTF-8 text,selected populated-place record,CC BY 4.0,2026-09-11,false,high,geonames_cities15000_20260911,daily dump downloaded 2026-09-11,"decimal degrees, WGS84",GeoNames populated-place point,CC BY 4.0,2026-09-11,false,high
17,2036892,Hohhot,呼和浩特,中国,CN,中国大陆 + 港澳台,Inner Mongolia,40.81056,111.65222,Asia/Shanghai,Hohhot,2026-08-26,4.48,4.686111,361.590075,55.48,34.33,1083.349935,0.66623,0.006381,0.830202,0,1092.807617,746.019592,0.621683,551.190377,0.000643,1,2821,1,1,0.000158,0.693658,0.00208,0.089887,0.66623,0.006381,0.830202,0.952881,0.621683,1,0.000643,,,,,19,14,29,22,16,19.440878,13.962155,28.754395,21.587794,16.254777,19,14,29,22,16,19,14,28,22,17,medium,city-elements-v0.1.0,city-facts-2026-09-11-v1,cities100-2026-09-11-v1,GeoNames anchor; natural spatial fields use 30 km radius,all four fields unavailable; neutral response used,nasa_power_v2.9.7_1991_2020,1991-2020,degC,NASA POWER source grid cell at GeoNames anchor,NASA open data; attribution requested,2026-09-11,false,medium,nasa_power_v2.9.7_1991_2020,1991-2020,kWh/m2/day,NASA POWER source grid cell at GeoNames anchor,NASA open data; attribution requested,2026-09-11,false,medium,nasa_power_v2.9.7_1991_2020,1991-2020,mm/year,NASA POWER source grid cell at GeoNames anchor,NASA open data; attribution requested,2026-09-11,false,medium,nasa_power_v2.9.7_1991_2020,1991-2020,percent,NASA POWER source grid cell at GeoNames anchor,NASA open data; attribution requested,2026-09-11,false,medium,nasa_power_v2.9.7_1991_2020,1991-2020,degC,NASA POWER source grid cell at GeoNames anchor,NASA open data; attribution requested,2026-09-11,false,medium,fao56_aridity_derived,1991-2020,0-1; higher=drier,NASA POWER grid cell; FAO-56 monthly ETo using 30 km median elevation,Derived metric; source licences apply,2026-09-11,false,medium,esa_worldcover_2021_v200,2021,0-1,30 km radius; 1 km systematic grid; 80 m WorldCover overview,CC BY 4.0,2026-09-11,false,medium,esa_worldcover_2021_v200,2021,0-1,30 km radius; 1 km systematic grid; 80 m WorldCover overview,CC BY 4.0,2026-09-11,false,medium,copernicus_dem_glo90_2021,2021 release,m,30 km radius land pixels; 1 km systematic grid; 180 m DEM overview,Copernicus DEM GLO-90 free and open licence,2026-09-11,false,high,copernicus_dem_glo90_2021,2021 release,0-1,30 km radius land pixels; 1 km systematic grid; 180 m DEM overview,Copernicus DEM GLO-90 free and open licence,2026-09-11,false,high,copernicus_dem_glo90_2021,2021 release,m,30 km radius land pixels; 1 km systematic grid; 180 m DEM overview,Copernicus DEM GLO-90 free and open licence,2026-09-11,false,high,natural_earth_coastline_4.1.0,version 4.1.0,km,distance from GeoNames anchor to nearest Natural Earth 1:10m coastline,Public domain,2026-09-11,false,medium,natural_earth_coastline_4.1.0,version 4.1.0,0-1,distance from GeoNames anchor to nearest Natural Earth 1:10m coastline,Public domain,2026-09-11,false,medium,nasa_power_v2.9.7_1991_2020,1991-2020,0-1 calibrated index,NASA POWER source grid cell at GeoNames anchor,NASA open data; attribution requested,2026-09-11,false,medium,not_available_globally_comparable,not available,0-1,administrative city; boundary unavailable,n.a.,2026-09-11,true,unavailable,not_available_globally_comparable,not available,0-1,administrative city; boundary unavailable,n.a.,2026-09-11,true,unavailable,not_available_globally_comparable,not available,0-1,administrative city; boundary unavailable,n.a.,2026-09-11,true,unavailable,not_available_globally_comparable,not available,0-1,administrative city; boundary unavailable,n.a.,2026-09-11,true,unavailable,geonames_cities15000_20260911,daily dump downloaded 2026-09-11,GeoNames identifier and UTF-8 text,selected populated-place record,CC BY 4.0,2026-09-11,false,high,geonames_cities15000_20260911,daily dump downloaded 2026-09-11,"decimal degrees, WGS84",GeoNames populated-place point,CC BY 4.0,2026-09-11,false,high
18,1804430,Lanzhou,兰州,中国,CN,中国大陆 + 港澳台,Gansu,36.05701,103.83987,Asia/Shanghai,Lanzhou,2026-08-26,7.78,4.536111,398.114325,54.81,26.4,1072.448698,0.62878,0.006026,0.777029,0,1825.525146,861.704956,0.718087,1245.940085,0,0.971133,2821,1,1,0.174384,0.640398,0.067142,0.070817,0.62878,0.006026,0.777029,1,0.718087,0.971133,0,,,,,20,14,30,21,15,20.17301,14.049346,29.346125,21.195789,15.235731,20,14,30,21,15,20,14,29,21,16,medium,city-elements-v0.1.0,city-facts-2026-09-11-v1,cities100-2026-09-11-v1,GeoNames anchor; natural spatial fields use 30 km radius,all four fields unavailable; neutral response used,nasa_power_v2.9.7_1991_2020,1991-2020,degC,NASA POWER source grid cell at GeoNames anchor,NASA open data; attribution requested,2026-09-11,false,medium,nasa_power_v2.9.7_1991_2020,1991-2020,kWh/m2/day,NASA POWER source grid cell at GeoNames anchor,NASA open data; attribution requested,2026-09-11,false,medium,nasa_power_v2.9.7_1991_2020,1991-2020,mm/year,NASA POWER source grid cell at GeoNames anchor,NASA open data; attribution requested,2026-09-11,false,medium,nasa_power_v2.9.7_1991_2020,1991-2020,percent,NASA POWER source grid cell at GeoNames anchor,NASA open data; attribution requested,2026-09-11,false,medium,nasa_power_v2.9.7_1991_2020,1991-2020,degC,NASA POWER source grid cell at GeoNames anchor,NASA open data; attribution requested,2026-09-11,false,medium,fao56_aridity_derived,1991-2020,0-1; higher=drier,NASA POWER grid cell; FAO-56 monthly ETo using 30 km median elevation,Derived metric; source licences apply,2026-09-11,false,medium,esa_worldcover_2021_v200,2021,0-1,30 km radius; 1 km systematic grid; 80 m WorldCover overview,CC BY 4.0,2026-09-11,false,medium,esa_worldcover_2021_v200,2021,0-1,30 km radius; 1 km systematic grid; 80 m WorldCover overview,CC BY 4.0,2026-09-11,false,medium,copernicus_dem_glo90_2021,2021 release,m,30 km radius land pixels; 1 km systematic grid; 180 m DEM overview,Copernicus DEM GLO-90 free and open licence,2026-09-11,false,high,copernicus_dem_glo90_2021,2021 release,0-1,30 km radius land pixels; 1 km systematic grid; 180 m DEM overview,Copernicus DEM GLO-90 free and open licence,2026-09-11,false,high,copernicus_dem_glo90_2021,2021 release,m,30 km radius land pixels; 1 km systematic grid; 180 m DEM overview,Copernicus DEM GLO-90 free and open licence,2026-09-11,false,high,natural_earth_coastline_4.1.0,version 4.1.0,km,distance from GeoNames anchor to nearest Natural Earth 1:10m coastline,Public domain,2026-09-11,false,medium,natural_earth_coastline_4.1.0,version 4.1.0,0-1,distance from GeoNames anchor to nearest Natural Earth 1:10m coastline,Public domain,2026-09-11,false,medium,nasa_power_v2.9.7_1991_2020,1991-2020,0-1 calibrated index,NASA POWER source grid cell at GeoNames anchor,NASA open data; attribution requested,2026-09-11,false,medium,not_available_globally_comparable,not available,0-1,administrative city; boundary unavailable,n.a.,2026-09-11,true,unavailable,not_available_globally_comparable,not available,0-1,administrative city; boundary unavailable,n.a.,2026-09-11,true,unavailable,not_available_globally_comparable,not available,0-1,administrative city; boundary unavailable,n.a.,2026-09-11,true,unavailable,not_available_globally_comparable,not available,0-1,administrative city; boundary unavailable,n.a.,2026-09-11,true,unavailable,geonames_cities15000_20260911,daily dump downloaded 2026-09-11,GeoNames identifier and UTF-8 text,selected populated-place record,CC BY 4.0,2026-09-11,false,high,geonames_cities15000_20260911,daily dump downloaded 2026-09-11,"decimal degrees, WGS84",GeoNames populated-place point,CC BY 4.0,2026-09-11,false,high
19,1809461,Guiyang,贵阳,中国,CN,中国大陆 + 港澳台,Guizhou,26.58333,106.71667,Asia/Shanghai,Guiyang,2026-09-02,14.66,3.291667,1132.25175,81.71,18.47,894.958844,0,0.008862,0.824176,0,1254.064941,300.917725,0.250765,543.959538,0.000708,0.593388,2821,1,1,0.537617,0.19854,0.774607,0.836479,0,0.008862,0.824176,0.984558,0.250765,0.593388,0.000708,,,,,26,12,25,16,21,25.583962,12.041091,24.644686,16.513032,21.217229,26,12,25,16,21,25,13,24,17,21,medium,city-elements-v0.1.0,city-facts-2026-09-11-v1,cities100-2026-09-11-v1,GeoNames anchor; natural spatial fields use 30 km radius,all four fields unavailable; neutral response used,nasa_power_v2.9.7_1991_2020,1991-2020,degC,NASA POWER source grid cell at GeoNames anchor,NASA open data; attribution requested,2026-09-11,false,medium,nasa_power_v2.9.7_1991_2020,1991-2020,kWh/m2/day,NASA POWER source grid cell at GeoNames anchor,NASA open data; attribution requested,2026-09-11,false,medium,nasa_power_v2.9.7_1991_2020,1991-2020,mm/year,NASA POWER source grid cell at GeoNames anchor,NASA open data; attribution requested,2026-09-11,false,medium,nasa_power_v2.9.7_1991_2020,1991-2020,percent,NASA POWER source grid cell at GeoNames anchor,NASA open data; attribution requested,2026-09-11,false,medium,nasa_power_v2.9.7_1991_2020,1991-2020,degC,NASA POWER source grid cell at GeoNames anchor,NASA open data; attribution requested,2026-09-11,false,medium,fao56_aridity_derived,1991-2020,0-1; higher=drier,NASA POWER grid cell; FAO-56 monthly ETo using 30 km median elevation,Derived metric; source licences apply,2026-09-11,false,medium,esa_worldcover_2021_v200,2021,0-1,30 km radius; 1 km systematic grid; 80 m WorldCover overview,CC BY 4.0,2026-09-11,false,medium,esa_worldcover_2021_v200,2021,0-1,30 km radius; 1 km systematic grid; 80 m WorldCover overview,CC BY 4.0,2026-09-11,false,medium,copernicus_dem_glo90_2021,2021 release,m,30 km radius land pixels; 1 km systematic grid; 180 m DEM overview,Copernicus DEM GLO-90 free and open licence,2026-09-11,false,high,copernicus_dem_glo90_2021,2021 release,0-1,30 km radius land pixels; 1 km systematic grid; 180 m DEM overview,Copernicus DEM GLO-90 free and open licence,2026-09-11,false,high,copernicus_dem_glo90_2021,2021 release,m,30 km radius land pixels; 1 km systematic grid; 180 m DEM overview,Copernicus DEM GLO-90 free and open licence,2026-09-11,false,high,natural_earth_coastline_4.1.0,version 4.1.0,km,distance from GeoNames anchor to nearest Natural Earth 1:10m coastline,Public domain,2026-09-11,false,medium,natural_earth_coastline_4.1.0,version 4.1.0,0-1,distance from GeoNames anchor to nearest Natural Earth 1:10m coastline,Public domain,2026-09-11,false,medium,nasa_power_v2.9.7_1991_2020,1991-2020,0-1 calibrated index,NASA POWER source grid cell at GeoNames anchor,NASA open data; attribution requested,2026-09-11,false,medium,not_available_globally_comparable,not available,0-1,administrative city; boundary unavailable,n.a.,2026-09-11,true,unavailable,not_available_globally_comparable,not available,0-1,administrative city; boundary unavailable,n.a.,2026-09-11,true,unavailable,not_available_globally_comparable,not available,0-1,administrative city; boundary unavailable,n.a.,2026-09-11,true,unavailable,not_available_globally_comparable,not available,0-1,administrative city; boundary unavailable,n.a.,2026-09-11,true,unavailable,geonames_cities15000_20260911,daily dump downloaded 2026-09-11,GeoNames identifier and UTF-8 text,selected populated-place record,CC BY 4.0,2026-09-11,false,high,geonames_cities15000_20260911,daily dump downloaded 2026-09-11,"decimal degrees, WGS84",GeoNames populated-place point,CC BY 4.0,2026-09-11,false,high
20,1796556,Sanya,三亚,中国,CN,中国大陆 + 港澳台,Hainan,18.25435,109.50947,Asia/Shanghai,Sanya,2024-02-08,24.03,4.686111,1760.46885,83.35,7.69,1215.899994,0,0.014534,0.434243,0.531726,161.844269,482.860487,0.402384,0.358472,0.995232,0.079884,2821,1,1,1,0.693658,1,0.883158,0,0.014534,0.434243,0.514176,0.402384,0.079884,0.995232,,,,,24,17,21,14,24,23.498893,16.953139,21.095008,14.445539,24.007421,24,17,21,14,24,23,17,21,15,24,medium,city-elements-v0.1.0,city-facts-2026-09-11-v1,cities100-2026-09-11-v1,GeoNames anchor; natural spatial fields use 30 km radius,all four fields unavailable; neutral response used,nasa_power_v2.9.7_1991_2020,1991-2020,degC,NASA POWER source grid cell at GeoNames anchor,NASA open data; attribution requested,2026-09-11,false,medium,nasa_power_v2.9.7_1991_2020,1991-2020,kWh/m2/day,NASA POWER source grid cell at GeoNames anchor,NASA open data; attribution requested,2026-09-11,false,medium,nasa_power_v2.9.7_1991_2020,1991-2020,mm/year,NASA POWER source grid cell at GeoNames anchor,NASA open data; attribution requested,2026-09-11,false,medium,nasa_power_v2.9.7_1991_2020,1991-2020,percent,NASA POWER source grid cell at GeoNames anchor,NASA open data; attribution requested,2026-09-11,false,medium,nasa_power_v2.9.7_1991_2020,1991-2020,degC,NASA POWER source grid cell at GeoNames anchor,NASA open data; attribution requested,2026-09-11,false,medium,fao56_aridity_derived,1991-2020,0-1; higher=drier,NASA POWER grid cell; FAO-56 monthly ETo using 30 km median elevation,Derived metric; source licences apply,2026-09-11,false,medium,esa_worldcover_2021_v200,2021,0-1,30 km radius; 1 km systematic grid; 80 m WorldCover overview,CC BY 4.0,2026-09-11,false,medium,esa_worldcover_2021_v200,2021,0-1,30 km radius; 1 km systematic grid; 80 m WorldCover overview,CC BY 4.0,2026-09-11,false,medium,copernicus_dem_glo90_2021,2021 release,m,30 km radius land pixels; 1 km systematic grid; 180 m DEM overview,Copernicus DEM GLO-90 free and open licence,2026-09-11,false,high,copernicus_dem_glo90_2021,2021 release,0-1,30 km radius land pixels; 1 km systematic grid; 180 m DEM overview,Copernicus DEM GLO-90 free and open licence,2026-09-11,false,high,copernicus_dem_glo90_2021,2021 release,m,30 km radius land pixels; 1 km systematic grid; 180 m DEM overview,Copernicus DEM GLO-90 free and open licence,2026-09-11,false,high,natural_earth_coastline_4.1.0,version 4.1.0,km,distance from GeoNames anchor to nearest Natural Earth 1:10m coastline,Public domain,2026-09-11,false,medium,natural_earth_coastline_4.1.0,version 4.1.0,0-1,distance from GeoNames anchor to nearest Natural Earth 1:10m coastline,Public domain,2026-09-11,false,medium,nasa_power_v2.9.7_1991_2020,1991-2020,0-1 calibrated index,NASA POWER source grid cell at GeoNames anchor,NASA open data; attribution requested,2026-09-11,false,medium,not_available_globally_comparable,not available,0-1,administrative city; boundary unavailable,n.a.,2026-09-11,true,unavailable,not_available_globally_comparable,not available,0-1,administrative city; boundary unavailable,n.a.,2026-09-11,true,unavailable,not_available_globally_comparable,not available,0-1,administrative city; boundary unavailable,n.a.,2026-09-11,true,unavailable,not_available_globally_comparable,not available,0-1,administrative city; boundary unavailable,n.a.,2026-09-11,true,unavailable,geonames_cities15000_20260911,daily dump downloaded 2026-09-11,GeoNames identifier and UTF-8 text,selected populated-place record,CC BY 4.0,2026-09-11,false,high,geonames_cities15000_20260911,daily dump downloaded 2026-09-11,"decimal degrees, WGS84",GeoNames populated-place point,CC BY 4.0,2026-09-11,false,high
21,1814087,Dalian,大连,中国,CN,中国大陆 + 港澳台,Liaoning,38.91222,121.60222,Asia/Shanghai,Dalian,2026-08-25,11.54,4.005556,628.2171,73.17,26.93,943.326923,0.334041,0.019142,0.214463,0.621411,52.587032,150.57641,0.12548,2.018657,0.973444,0.99638,2821,1,1,0.372895,0.452017,0.375746,0.593402,0.334041,0.019142,0.214463,0.258159,0.12548,0.99638,0.973444,,,,,22,14,25,19,20,21.842676,13.997836,25.181602,18.70729,20.270596,22,14,25,19,20,22,14,25,19,20,medium,city-elements-v0.1.0,city-facts-2026-09-11-v1,cities100-2026-09-11-v1,GeoNames anchor; natural spatial fields use 30 km radius,all four fields unavailable; neutral response used,nasa_power_v2.9.7_1991_2020,1991-2020,degC,NASA POWER source grid cell at GeoNames anchor,NASA open data; attribution requested,2026-09-11,false,medium,nasa_power_v2.9.7_1991_2020,1991-2020,kWh/m2/day,NASA POWER source grid cell at GeoNames anchor,NASA open data; attribution requested,2026-09-11,false,medium,nasa_power_v2.9.7_1991_2020,1991-2020,mm/year,NASA POWER source grid cell at GeoNames anchor,NASA open data; attribution requested,2026-09-11,false,medium,nasa_power_v2.9.7_1991_2020,1991-2020,percent,NASA POWER source grid cell at GeoNames anchor,NASA open data; attribution requested,2026-09-11,false,medium,nasa_power_v2.9.7_1991_2020,1991-2020,degC,NASA POWER source grid cell at GeoNames anchor,NASA open data; attribution requested,2026-09-11,false,medium,fao56_aridity_derived,1991-2020,0-1; higher=drier,NASA POWER grid cell; FAO-56 monthly ETo using 30 km median elevation,Derived metric; source licences apply,2026-09-11,false,medium,esa_worldcover_2021_v200,2021,0-1,30 km radius; 1 km systematic grid; 80 m WorldCover overview,CC BY 4.0,2026-09-11,false,medium,esa_worldcover_2021_v200,2021,0-1,30 km radius; 1 km systematic grid; 80 m WorldCover overview,CC BY 4.0,2026-09-11,false,medium,copernicus_dem_glo90_2021,2021 release,m,30 km radius land pixels; 1 km systematic grid; 180 m DEM overview,Copernicus DEM GLO-90 free and open licence,2026-09-11,false,high,copernicus_dem_glo90_2021,2021 release,0-1,30 km radius land pixels; 1 km systematic grid; 180 m DEM overview,Copernicus DEM GLO-90 free and open licence,2026-09-11,false,high,copernicus_dem_glo90_2021,2021 release,m,30 km radius land pixels; 1 km systematic grid; 180 m DEM overview,Copernicus DEM GLO-90 free and open licence,2026-09-11,false,high,natural_earth_coastline_4.1.0,version 4.1.0,km,distance from GeoNames anchor to nearest Natural Earth 1:10m coastline,Public domain,2026-09-11,false,medium,natural_earth_coastline_4.1.0,version 4.1.0,0-1,distance from GeoNames anchor to nearest Natural Earth 1:10m coastline,Public domain,2026-09-11,false,medium,nasa_power_v2.9.7_1991_2020,1991-2020,0-1 calibrated index,NASA POWER source grid cell at GeoNames anchor,NASA open data; attribution requested,2026-09-11,false,medium,not_available_globally_comparable,not available,0-1,administrative city; boundary unavailable,n.a.,2026-09-11,true,unavailable,not_available_globally_comparable,not available,0-1,administrative city; boundary unavailable,n.a.,2026-09-11,true,unavailable,not_available_globally_comparable,not available,0-1,administrative city; boundary unavailable,n.a.,2026-09-11,true,unavailable,not_available_globally_comparable,not available,0-1,administrative city; boundary unavailable,n.a.,2026-09-11,true,unavailable,geonames_cities15000_20260911,daily dump downloaded 2026-09-11,GeoNames identifier and UTF-8 text,selected populated-place record,CC BY 4.0,2026-09-11,false,high,geonames_cities15000_20260911,daily dump downloaded 2026-09-11,"decimal degrees, WGS84",GeoNames populated-place point,CC BY 4.0,2026-09-11,false,high
22,1809498,Guilin,桂林,中国,CN,中国大陆 + 港澳台,Guangxi,25.28022,110.29639,Asia/Shanghai,Guilin,2021-10-13,17.45,3.205556,1716.63975,81.58,18.72,886.070259,0,0.015597,0.891882,0,188.398041,269.781006,0.224818,563.514241,0.000546,0.605297,2821,1,1,0.684916,0.167965,1,0.832778,0,0.015597,0.891882,0.548969,0.224818,0.605297,0.000546,,,,,26,13,23,16,22,26.29702,12.855838,22.614595,15.618719,22.613827,27,12,23,15,23,26,13,23,16,22,medium,city-elements-v0.1.0,city-facts-2026-09-11-v1,cities100-2026-09-11-v1,GeoNames anchor; natural spatial fields use 30 km radius,all four fields unavailable; neutral response used,nasa_power_v2.9.7_1991_2020,1991-2020,degC,NASA POWER source grid cell at GeoNames anchor,NASA open data; attribution requested,2026-09-11,false,medium,nasa_power_v2.9.7_1991_2020,1991-2020,kWh/m2/day,NASA POWER source grid cell at GeoNames anchor,NASA open data; attribution requested,2026-09-11,false,medium,nasa_power_v2.9.7_1991_2020,1991-2020,mm/year,NASA POWER source grid cell at GeoNames anchor,NASA open data; attribution requested,2026-09-11,false,medium,nasa_power_v2.9.7_1991_2020,1991-2020,percent,NASA POWER source grid cell at GeoNames anchor,NASA open data; attribution requested,2026-09-11,false,medium,nasa_power_v2.9.7_1991_2020,1991-2020,degC,NASA POWER source grid cell at GeoNames anchor,NASA open data; attribution requested,2026-09-11,false,medium,fao56_aridity_derived,1991-2020,0-1; higher=drier,NASA POWER grid cell; FAO-56 monthly ETo using 30 km median elevation,Derived metric; source licences apply,2026-09-11,false,medium,esa_worldcover_2021_v200,2021,0-1,30 km radius; 1 km systematic grid; 80 m WorldCover overview,CC BY 4.0,2026-09-11,false,medium,esa_worldcover_2021_v200,2021,0-1,30 km radius; 1 km systematic grid; 80 m WorldCover overview,CC BY 4.0,2026-09-11,false,medium,copernicus_dem_glo90_2021,2021 release,m,30 km radius land pixels; 1 km systematic grid; 180 m DEM overview,Copernicus DEM GLO-90 free and open licence,2026-09-11,false,high,copernicus_dem_glo90_2021,2021 release,0-1,30 km radius land pixels; 1 km systematic grid; 180 m DEM overview,Copernicus DEM GLO-90 free and open licence,2026-09-11,false,high,copernicus_dem_glo90_2021,2021 release,m,30 km radius land pixels; 1 km systematic grid; 180 m DEM overview,Copernicus DEM GLO-90 free and open licence,2026-09-11,false,high,natural_earth_coastline_4.1.0,version 4.1.0,km,distance from GeoNames anchor to nearest Natural Earth 1:10m coastline,Public domain,2026-09-11,false,medium,natural_earth_coastline_4.1.0,version 4.1.0,0-1,distance from GeoNames anchor to nearest Natural Earth 1:10m coastline,Public domain,2026-09-11,false,medium,nasa_power_v2.9.7_1991_2020,1991-2020,0-1 calibrated index,NASA POWER source grid cell at GeoNames anchor,NASA open data; attribution requested,2026-09-11,false,medium,not_available_globally_comparable,not available,0-1,administrative city; boundary unavailable,n.a.,2026-09-11,true,unavailable,not_available_globally_comparable,not available,0-1,administrative city; boundary unavailable,n.a.,2026-09-11,true,unavailable,not_available_globally_comparable,not available,0-1,administrative city; boundary unavailable,n.a.,2026-09-11,true,unavailable,not_available_globally_comparable,not available,0-1,administrative city; boundary unavailable,n.a.,2026-09-11,true,unavailable,geonames_cities15000_20260911,daily dump downloaded 2026-09-11,GeoNames identifier and UTF-8 text,selected populated-place record,CC BY 4.0,2026-09-11,false,high,geonames_cities15000_20260911,daily dump downloaded 2026-09-11,"decimal degrees, WGS84",GeoNames populated-place point,CC BY 4.0,2026-09-11,false,high
23,1788852,Xining,西宁,中国,CN,中国大陆 + 港澳台,Qinghai,36.62554,101.75739,Asia/Shanghai,Xining,2026-08-26,5.23,4.602778,456.553125,52.75,24.57,982.255496,0.535199,0.004608,0.889755,0,2569.41748,462.614258,0.385512,1409.268104,0,0.883961,2821,1,1,0.039755,0.664069,0.159775,0.012182,0.535199,0.004608,0.889755,1,0.385512,0.883961,0,,,,,21,14,28,21,16,20.891366,13.726562,27.876842,20.835258,16.669972,21,13,28,21,17,21,14,27,21,17,medium,city-elements-v0.1.0,city-facts-2026-09-11-v1,cities100-2026-09-11-v1,GeoNames anchor; natural spatial fields use 30 km radius,all four fields unavailable; neutral response used,nasa_power_v2.9.7_1991_2020,1991-2020,degC,NASA POWER source grid cell at GeoNames anchor,NASA open data; attribution requested,2026-09-11,false,medium,nasa_power_v2.9.7_1991_2020,1991-2020,kWh/m2/day,NASA POWER source grid cell at GeoNames anchor,NASA open data; attribution requested,2026-09-11,false,medium,nasa_power_v2.9.7_1991_2020,1991-2020,mm/year,NASA POWER source grid cell at GeoNames anchor,NASA open data; attribution requested,2026-09-11,false,medium,nasa_power_v2.9.7_1991_2020,1991-2020,percent,NASA POWER source grid cell at GeoNames anchor,NASA open data; attribution requested,2026-09-11,false,medium,nasa_power_v2.9.7_1991_2020,1991-2020,degC,NASA POWER source grid cell at GeoNames anchor,NASA open data; attribution requested,2026-09-11,false,medium,fao56_aridity_derived,1991-2020,0-1; higher=drier,NASA POWER grid cell; FAO-56 monthly ETo using 30 km median elevation,Derived metric; source licences apply,2026-09-11,false,medium,esa_worldcover_2021_v200,2021,0-1,30 km radius; 1 km systematic grid; 80 m WorldCover overview,CC BY 4.0,2026-09-11,false,medium,esa_worldcover_2021_v200,2021,0-1,30 km radius; 1 km systematic grid; 80 m WorldCover overview,CC BY 4.0,2026-09-11,false,medium,copernicus_dem_glo90_2021,2021 release,m,30 km radius land pixels; 1 km systematic grid; 180 m DEM overview,Copernicus DEM GLO-90 free and open licence,2026-09-11,false,high,copernicus_dem_glo90_2021,2021 release,0-1,30 km radius land pixels; 1 km systematic grid; 180 m DEM overview,Copernicus DEM GLO-90 free and open licence,2026-09-11,false,high,copernicus_dem_glo90_2021,2021 release,m,30 km radius land pixels; 1 km systematic grid; 180 m DEM overview,Copernicus DEM GLO-90 free and open licence,2026-09-11,false,high,natural_earth_coastline_4.1.0,version 4.1.0,km,distance from GeoNames anchor to nearest Natural Earth 1:10m coastline,Public domain,2026-09-11,false,medium,natural_earth_coastline_4.1.0,version 4.1.0,0-1,distance from GeoNames anchor to nearest Natural Earth 1:10m coastline,Public domain,2026-09-11,false,medium,nasa_power_v2.9.7_1991_2020,1991-2020,0-1 calibrated index,NASA POWER source grid cell at GeoNames anchor,NASA open data; attribution requested,2026-09-11,false,medium,not_available_globally_comparable,not available,0-1,administrative city; boundary unavailable,n.a.,2026-09-11,true,unavailable,not_available_globally_comparable,not available,0-1,administrative city; boundary unavailable,n.a.,2026-09-11,true,unavailable,not_available_globally_comparable,not available,0-1,administrative city; boundary unavailable,n.a.,2026-09-11,true,unavailable,not_available_globally_comparable,not available,0-1,administrative city; boundary unavailable,n.a.,2026-09-11,true,unavailable,geonames_cities15000_20260911,daily dump downloaded 2026-09-11,GeoNames identifier and UTF-8 text,selected populated-place record,CC BY 4.0,2026-09-11,false,high,geonames_cities15000_20260911,daily dump downloaded 2026-09-11,"decimal degrees, WGS84",GeoNames populated-place point,CC BY 4.0,2026-09-11,false,high
24,1819729,Hong Kong,香港,中国香港,HK,中国大陆 + 港澳台,,22.27832,114.17469,Asia/Hong_Kong,Hong Kong,2025-08-25,23.19,4.172222,1534.0185,79.75,12.22,1275.798451,0,0.035803,0.295994,0.626374,81.33009,315.902003,0.263252,0.115655,0.998459,0.29567,2821,1,1,0.987963,0.511194,0.980319,0.780691,0,0.035803,0.295994,0.357073,0.263252,0.29567,0.998459,,,,,24,16,21,15,24,23.426332,16.325791,21.362451,15.185819,23.699608,24,16,21,15,24,23,17,21,15,24,medium,city-elements-v0.1.0,city-facts-2026-09-11-v1,cities100-2026-09-11-v1,GeoNames anchor; natural spatial fields use 30 km radius,all four fields unavailable; neutral response used,nasa_power_v2.9.7_1991_2020,1991-2020,degC,NASA POWER source grid cell at GeoNames anchor,NASA open data; attribution requested,2026-09-11,false,medium,nasa_power_v2.9.7_1991_2020,1991-2020,kWh/m2/day,NASA POWER source grid cell at GeoNames anchor,NASA open data; attribution requested,2026-09-11,false,medium,nasa_power_v2.9.7_1991_2020,1991-2020,mm/year,NASA POWER source grid cell at GeoNames anchor,NASA open data; attribution requested,2026-09-11,false,medium,nasa_power_v2.9.7_1991_2020,1991-2020,percent,NASA POWER source grid cell at GeoNames anchor,NASA open data; attribution requested,2026-09-11,false,medium,nasa_power_v2.9.7_1991_2020,1991-2020,degC,NASA POWER source grid cell at GeoNames anchor,NASA open data; attribution requested,2026-09-11,false,medium,fao56_aridity_derived,1991-2020,0-1; higher=drier,NASA POWER grid cell; FAO-56 monthly ETo using 30 km median elevation,Derived metric; source licences apply,2026-09-11,false,medium,esa_worldcover_2021_v200,2021,0-1,30 km radius; 1 km systematic grid; 80 m WorldCover overview,CC BY 4.0,2026-09-11,false,medium,esa_worldcover_2021_v200,2021,0-1,30 km radius; 1 km systematic grid; 80 m WorldCover overview,CC BY 4.0,2026-09-11,false,medium,copernicus_dem_glo90_2021,2021 release,m,30 km radius land pixels; 1 km systematic grid; 180 m DEM overview,Copernicus DEM GLO-90 free and open licence,2026-09-11,false,high,copernicus_dem_glo90_2021,2021 release,0-1,30 km radius land pixels; 1 km systematic grid; 180 m DEM overview,Copernicus DEM GLO-90 free and open licence,2026-09-11,false,high,copernicus_dem_glo90_2021,2021 release,m,30 km radius land pixels; 1 km systematic grid; 180 m DEM overview,Copernicus DEM GLO-90 free and open licence,2026-09-11,false,high,natural_earth_coastline_4.1.0,version 4.1.0,km,distance from GeoNames anchor to nearest Natural Earth 1:10m coastline,Public domain,2026-09-11,false,medium,natural_earth_coastline_4.1.0,version 4.1.0,0-1,distance from GeoNames anchor to nearest Natural Earth 1:10m coastline,Public domain,2026-09-11,false,medium,nasa_power_v2.9.7_1991_2020,1991-2020,0-1 calibrated index,NASA POWER source grid cell at GeoNames anchor,NASA open data; attribution requested,2026-09-11,false,medium,not_available_globally_comparable,not available,0-1,administrative city; boundary unavailable,n.a.,2026-09-11,true,unavailable,not_available_globally_comparable,not available,0-1,administrative city; boundary unavailable,n.a.,2026-09-11,true,unavailable,not_available_globally_comparable,not available,0-1,administrative city; boundary unavailable,n.a.,2026-09-11,true,unavailable,not_available_globally_comparable,not available,0-1,administrative city; boundary unavailable,n.a.,2026-09-11,true,unavailable,geonames_cities15000_20260911,daily dump downloaded 2026-09-11,GeoNames identifier and UTF-8 text,selected populated-place record,CC BY 4.0,2026-09-11,false,high,geonames_cities15000_20260911,daily dump downloaded 2026-09-11,"decimal degrees, WGS84",GeoNames populated-place point,CC BY 4.0,2026-09-11,false,high
25,1668341,Taipei,台北,中国台湾,TW,中国大陆 + 港澳台,Taiwan,25.05306,121.52639,Asia/Taipei,Taipei,2025-02-24,21.37,3.691667,1851.779475,84.29,13.27,1069.602605,0,0.02375,0.665721,0.179015,196.303177,654.267181,0.545223,12.477015,0.846741,0.345687,2821,1,1,0.891875,0.340566,1,0.909914,0,0.02375,0.665721,0.558388,0.545223,0.345687,0.846741,,,,,25,14,22,15,24,25.188903,14.408709,21.937843,14.509589,23.954957,26,14,22,14,24,25,15,22,15,23,medium,city-elements-v0.1.0,city-facts-2026-09-11-v1,cities100-2026-09-11-v1,GeoNames anchor; natural spatial fields use 30 km radius,all four fields unavailable; neutral response used,nasa_power_v2.9.7_1991_2020,1991-2020,degC,NASA POWER source grid cell at GeoNames anchor,NASA open data; attribution requested,2026-09-11,false,medium,nasa_power_v2.9.7_1991_2020,1991-2020,kWh/m2/day,NASA POWER source grid cell at GeoNames anchor,NASA open data; attribution requested,2026-09-11,false,medium,nasa_power_v2.9.7_1991_2020,1991-2020,mm/year,NASA POWER source grid cell at GeoNames anchor,NASA open data; attribution requested,2026-09-11,false,medium,nasa_power_v2.9.7_1991_2020,1991-2020,percent,NASA POWER source grid cell at GeoNames anchor,NASA open data; attribution requested,2026-09-11,false,medium,nasa_power_v2.9.7_1991_2020,1991-2020,degC,NASA POWER source grid cell at GeoNames anchor,NASA open data; attribution requested,2026-09-11,false,medium,fao56_aridity_derived,1991-2020,0-1; higher=drier,NASA POWER grid cell; FAO-56 monthly ETo using 30 km median elevation,Derived metric; source licences apply,2026-09-11,false,medium,esa_worldcover_2021_v200,2021,0-1,30 km radius; 1 km systematic grid; 80 m WorldCover overview,CC BY 4.0,2026-09-11,false,medium,esa_worldcover_2021_v200,2021,0-1,30 km radius; 1 km systematic grid; 80 m WorldCover overview,CC BY 4.0,2026-09-11,false,medium,copernicus_dem_glo90_2021,2021 release,m,30 km radius land pixels; 1 km systematic grid; 180 m DEM overview,Copernicus DEM GLO-90 free and open licence,2026-09-11,false,high,copernicus_dem_glo90_2021,2021 release,0-1,30 km radius land pixels; 1 km systematic grid; 180 m DEM overview,Copernicus DEM GLO-90 free and open licence,2026-09-11,false,high,copernicus_dem_glo90_2021,2021 release,m,30 km radius land pixels; 1 km systematic grid; 180 m DEM overview,Copernicus DEM GLO-90 free and open licence,2026-09-11,false,high,natural_earth_coastline_4.1.0,version 4.1.0,km,distance from GeoNames anchor to nearest Natural Earth 1:10m coastline,Public domain,2026-09-11,false,medium,natural_earth_coastline_4.1.0,version 4.1.0,0-1,distance from GeoNames anchor to nearest Natural Earth 1:10m coastline,Public domain,2026-09-11,false,medium,nasa_power_v2.9.7_1991_2020,1991-2020,0-1 calibrated index,NASA POWER source grid cell at GeoNames anchor,NASA open data; attribution requested,2026-09-11,false,medium,not_available_globally_comparable,not available,0-1,administrative city; boundary unavailable,n.a.,2026-09-11,true,unavailable,not_available_globally_comparable,not available,0-1,administrative city; boundary unavailable,n.a.,2026-09-11,true,unavailable,not_available_globally_comparable,not available,0-1,administrative city; boundary unavailable,n.a.,2026-09-11,true,unavailable,not_available_globally_comparable,not available,0-1,administrative city; boundary unavailable,n.a.,2026-09-11,true,unavailable,geonames_cities15000_20260911,daily dump downloaded 2026-09-11,GeoNames identifier and UTF-8 text,selected populated-place record,CC BY 4.0,2026-09-11,false,high,geonames_cities15000_20260911,daily dump downloaded 2026-09-11,"decimal degrees, WGS84",GeoNames populated-place point,CC BY 4.0,2026-09-11,false,high
26,1280849,Kashgar,喀什,中国,CN,中国大陆 + 港澳台,Xinjiang,39.46718,75.98675,Asia/Urumqi,Kashgar,2025-01-10,12.96,4.775,109.57275,33.89,32.94,1443.592436,0.924097,0.007444,0.592343,0,1315.382935,342.021484,0.285018,1778.0039,0,1,2821,1,1,0.447864,0.725219,0,0,0.924097,0.007444,0.592343,0.995545,0.285018,1,0,,,,,19,16,30,22,13,19.365536,16.344195,29.846945,21.800403,12.642921,19,16,31,22,12,19,17,29,22,13,medium,city-elements-v0.1.0,city-facts-2026-09-11-v1,cities100-2026-09-11-v1,GeoNames anchor; natural spatial fields use 30 km radius,all four fields unavailable; neutral response used,nasa_power_v2.9.7_1991_2020,1991-2020,degC,NASA POWER source grid cell at GeoNames anchor,NASA open data; attribution requested,2026-09-11,false,medium,nasa_power_v2.9.7_1991_2020,1991-2020,kWh/m2/day,NASA POWER source grid cell at GeoNames anchor,NASA open data; attribution requested,2026-09-11,false,medium,nasa_power_v2.9.7_1991_2020,1991-2020,mm/year,NASA POWER source grid cell at GeoNames anchor,NASA open data; attribution requested,2026-09-11,false,medium,nasa_power_v2.9.7_1991_2020,1991-2020,percent,NASA POWER source grid cell at GeoNames anchor,NASA open data; attribution requested,2026-09-11,false,medium,nasa_power_v2.9.7_1991_2020,1991-2020,degC,NASA POWER source grid cell at GeoNames anchor,NASA open data; attribution requested,2026-09-11,false,medium,fao56_aridity_derived,1991-2020,0-1; higher=drier,NASA POWER grid cell; FAO-56 monthly ETo using 30 km median elevation,Derived metric; source licences apply,2026-09-11,false,medium,esa_worldcover_2021_v200,2021,0-1,30 km radius; 1 km systematic grid; 80 m WorldCover overview,CC BY 4.0,2026-09-11,false,medium,esa_worldcover_2021_v200,2021,0-1,30 km radius; 1 km systematic grid; 80 m WorldCover overview,CC BY 4.0,2026-09-11,false,medium,copernicus_dem_glo90_2021,2021 release,m,30 km radius land pixels; 1 km systematic grid; 180 m DEM overview,Copernicus DEM GLO-90 free and open licence,2026-09-11,false,high,copernicus_dem_glo90_2021,2021 release,0-1,30 km radius land pixels; 1 km systematic grid; 180 m DEM overview,Copernicus DEM GLO-90 free and open licence,2026-09-11,false,high,copernicus_dem_glo90_2021,2021 release,m,30 km radius land pixels; 1 km systematic grid; 180 m DEM overview,Copernicus DEM GLO-90 free and open licence,2026-09-11,false,high,natural_earth_coastline_4.1.0,version 4.1.0,km,distance from GeoNames anchor to nearest Natural Earth 1:10m coastline,Public domain,2026-09-11,false,medium,natural_earth_coastline_4.1.0,version 4.1.0,0-1,distance from GeoNames anchor to nearest Natural Earth 1:10m coastline,Public domain,2026-09-11,false,medium,nasa_power_v2.9.7_1991_2020,1991-2020,0-1 calibrated index,NASA POWER source grid cell at GeoNames anchor,NASA open data; attribution requested,2026-09-11,false,medium,not_available_globally_comparable,not available,0-1,administrative city; boundary unavailable,n.a.,2026-09-11,true,unavailable,not_available_globally_comparable,not available,0-1,administrative city; boundary unavailable,n.a.,2026-09-11,true,unavailable,not_available_globally_comparable,not available,0-1,administrative city; boundary unavailable,n.a.,2026-09-11,true,unavailable,not_available_globally_comparable,not available,0-1,administrative city; boundary unavailable,n.a.,2026-09-11,true,unavailable,geonames_cities15000_20260911,daily dump downloaded 2026-09-11,GeoNames identifier and UTF-8 text,selected populated-place record,CC BY 4.0,2026-09-11,false,high,geonames_cities15000_20260911,daily dump downloaded 2026-09-11,"decimal degrees, WGS84",GeoNames populated-place point,CC BY 4.0,2026-09-11,false,high
27,1815577,Changsha,长沙,中国,CN,中国大陆 + 港澳台,Hunan,28.19874,112.97087,Asia/Shanghai,Changsha,2026-04-13,17.86,3.322222,1508.451525,79.15,22.82,961.201485,0,0.040766,0.727402,0,60.354988,68.104664,0.056754,623.271143,0.000246,0.8006,2821,1,1,0.706562,0.209389,0.968933,0.763613,0,0.040766,0.727402,0.28934,0.056754,0.8006,0.000246,,,,,26,14,22,16,22,25.549848,13.546846,22.121684,16.289427,22.492194,26,13,22,16,23,25,14,22,17,22,medium,city-elements-v0.1.0,city-facts-2026-09-11-v1,cities100-2026-09-11-v1,GeoNames anchor; natural spatial fields use 30 km radius,all four fields unavailable; neutral response used,nasa_power_v2.9.7_1991_2020,1991-2020,degC,NASA POWER source grid cell at GeoNames anchor,NASA open data; attribution requested,2026-09-11,false,medium,nasa_power_v2.9.7_1991_2020,1991-2020,kWh/m2/day,NASA POWER source grid cell at GeoNames anchor,NASA open data; attribution requested,2026-09-11,false,medium,nasa_power_v2.9.7_1991_2020,1991-2020,mm/year,NASA POWER source grid cell at GeoNames anchor,NASA open data; attribution requested,2026-09-11,false,medium,nasa_power_v2.9.7_1991_2020,1991-2020,percent,NASA POWER source grid cell at GeoNames anchor,NASA open data; attribution requested,2026-09-11,false,medium,nasa_power_v2.9.7_1991_2020,1991-2020,degC,NASA POWER source grid cell at GeoNames anchor,NASA open data; attribution requested,2026-09-11,false,medium,fao56_aridity_derived,1991-2020,0-1; higher=drier,NASA POWER grid cell; FAO-56 monthly ETo using 30 km median elevation,Derived metric; source licences apply,2026-09-11,false,medium,esa_worldcover_2021_v200,2021,0-1,30 km radius; 1 km systematic grid; 80 m WorldCover overview,CC BY 4.0,2026-09-11,false,medium,esa_worldcover_2021_v200,2021,0-1,30 km radius; 1 km systematic grid; 80 m WorldCover overview,CC BY 4.0,2026-09-11,false,medium,copernicus_dem_glo90_2021,2021 release,m,30 km radius land pixels; 1 km systematic grid; 180 m DEM overview,Copernicus DEM GLO-90 free and open licence,2026-09-11,false,high,copernicus_dem_glo90_2021,2021 release,0-1,30 km radius land pixels; 1 km systematic grid; 180 m DEM overview,Copernicus DEM GLO-90 free and open licence,2026-09-11,false,high,copernicus_dem_glo90_2021,2021 release,m,30 km radius land pixels; 1 km systematic grid; 180 m DEM overview,Copernicus DEM GLO-90 free and open licence,2026-09-11,false,high,natural_earth_coastline_4.1.0,version 4.1.0,km,distance from GeoNames anchor to nearest Natural Earth 1:10m coastline,Public domain,2026-09-11,false,medium,natural_earth_coastline_4.1.0,version 4.1.0,0-1,distance from GeoNames anchor to nearest Natural Earth 1:10m coastline,Public domain,2026-09-11,false,medium,nasa_power_v2.9.7_1991_2020,1991-2020,0-1 calibrated index,NASA POWER source grid cell at GeoNames anchor,NASA open data; attribution requested,2026-09-11,false,medium,not_available_globally_comparable,not available,0-1,administrative city; boundary unavailable,n.a.,2026-09-11,true,unavailable,not_available_globally_comparable,not available,0-1,administrative city; boundary unavailable,n.a.,2026-09-11,true,unavailable,not_available_globally_comparable,not available,0-1,administrative city; boundary unavailable,n.a.,2026-09-11,true,unavailable,not_available_globally_comparable,not available,0-1,administrative city; boundary unavailable,n.a.,2026-09-11,true,unavailable,geonames_cities15000_20260911,daily dump downloaded 2026-09-11,GeoNames identifier and UTF-8 text,selected populated-place record,CC BY 4.0,2026-09-11,false,high,geonames_cities15000_20260911,daily dump downloaded 2026-09-11,"decimal degrees, WGS84",GeoNames populated-place point,CC BY 4.0,2026-09-11,false,high
28,2643743,London,伦敦,英国,GB,英国 + 爱尔兰,England,51.50853,-0.12574,Europe/London,London,2026-08-17,10.25,2.922222,715.8753,84.67,13.44,625.649481,0,0.021624,0.648352,0,47.641666,113.158408,0.094299,35.98058,0.618944,0.353785,2821,1,1,0.304789,0.067364,0.464162,0.92073,0,0.021624,0.648352,0.235856,0.094299,0.353785,0.618944,,,,,25,12,22,16,25,24.704447,11.676483,22.046346,16.453583,25.119141,25,11,22,16,26,24,12,22,17,25,medium,city-elements-v0.1.0,city-facts-2026-09-11-v1,cities100-2026-09-11-v1,GeoNames anchor; natural spatial fields use 30 km radius,all four fields unavailable; neutral response used,nasa_power_v2.9.7_1991_2020,1991-2020,degC,NASA POWER source grid cell at GeoNames anchor,NASA open data; attribution requested,2026-09-11,false,medium,nasa_power_v2.9.7_1991_2020,1991-2020,kWh/m2/day,NASA POWER source grid cell at GeoNames anchor,NASA open data; attribution requested,2026-09-11,false,medium,nasa_power_v2.9.7_1991_2020,1991-2020,mm/year,NASA POWER source grid cell at GeoNames anchor,NASA open data; attribution requested,2026-09-11,false,medium,nasa_power_v2.9.7_1991_2020,1991-2020,percent,NASA POWER source grid cell at GeoNames anchor,NASA open data; attribution requested,2026-09-11,false,medium,nasa_power_v2.9.7_1991_2020,1991-2020,degC,NASA POWER source grid cell at GeoNames anchor,NASA open data; attribution requested,2026-09-11,false,medium,fao56_aridity_derived,1991-2020,0-1; higher=drier,NASA POWER grid cell; FAO-56 monthly ETo using 30 km median elevation,Derived metric; source licences apply,2026-09-11,false,medium,esa_worldcover_2021_v200,2021,0-1,30 km radius; 1 km systematic grid; 80 m WorldCover overview,CC BY 4.0,2026-09-11,false,medium,esa_worldcover_2021_v200,2021,0-1,30 km radius; 1 km systematic grid; 80 m WorldCover overview,CC BY 4.0,2026-09-11,false,medium,copernicus_dem_glo90_2021,2021 release,m,30 km radius land pixels; 1 km systematic grid; 180 m DEM overview,Copernicus DEM GLO-90 free and open licence,2026-09-11,false,high,copernicus_dem_glo90_2021,2021 release,0-1,30 km radius land pixels; 1 km systematic grid; 180 m DEM overview,Copernicus DEM GLO-90 free and open licence,2026-09-11,false,high,copernicus_dem_glo90_2021,2021 release,m,30 km radius land pixels; 1 km systematic grid; 180 m DEM overview,Copernicus DEM GLO-90 free and open licence,2026-09-11,false,high,natural_earth_coastline_4.1.0,version 4.1.0,km,distance from GeoNames anchor to nearest Natural Earth 1:10m coastline,Public domain,2026-09-11,false,medium,natural_earth_coastline_4.1.0,version 4.1.0,0-1,distance from GeoNames anchor to nearest Natural Earth 1:10m coastline,Public domain,2026-09-11,false,medium,nasa_power_v2.9.7_1991_2020,1991-2020,0-1 calibrated index,NASA POWER source grid cell at GeoNames anchor,NASA open data; attribution requested,2026-09-11,false,medium,not_available_globally_comparable,not available,0-1,administrative city; boundary unavailable,n.a.,2026-09-11,true,unavailable,not_available_globally_comparable,not available,0-1,administrative city; boundary unavailable,n.a.,2026-09-11,true,unavailable,not_available_globally_comparable,not available,0-1,administrative city; boundary unavailable,n.a.,2026-09-11,true,unavailable,not_available_globally_comparable,not available,0-1,administrative city; boundary unavailable,n.a.,2026-09-11,true,unavailable,geonames_cities15000_20260911,daily dump downloaded 2026-09-11,GeoNames identifier and UTF-8 text,selected populated-place record,CC BY 4.0,2026-09-11,false,high,geonames_cities15000_20260911,daily dump downloaded 2026-09-11,"decimal degrees, WGS84",GeoNames populated-place point,CC BY 4.0,2026-09-11,false,high
29,2650225,Edinburgh,爱丁堡,英国,GB,英国 + 爱尔兰,Scotland,55.95206,-3.19648,Europe/London,Edinburgh,2026-09-07,8.3,2.502778,865.624725,88.23,11.04,461.330461,0,0.018788,0.70436,0.208082,146.358101,318.18597,0.265155,2.296063,0.96985,0.239461,2821,1,1,0.201837,0,0.592765,1,0,0.018788,0.70436,0.491158,0.265155,0.239461,0.96985,,,,,24,10,22,16,28,24.35431,10.414727,21.528794,15.781463,27.920706,25,10,22,15,28,24,11,21,16,28,medium,city-elements-v0.1.0,city-facts-2026-09-11-v1,cities100-2026-09-11-v1,GeoNames anchor; natural spatial fields use 30 km radius,all four fields unavailable; neutral response used,nasa_power_v2.9.7_1991_2020,1991-2020,degC,NASA POWER source grid cell at GeoNames anchor,NASA open data; attribution requested,2026-09-11,false,medium,nasa_power_v2.9.7_1991_2020,1991-2020,kWh/m2/day,NASA POWER source grid cell at GeoNames anchor,NASA open data; attribution requested,2026-09-11,false,medium,nasa_power_v2.9.7_1991_2020,1991-2020,mm/year,NASA POWER source grid cell at GeoNames anchor,NASA open data; attribution requested,2026-09-11,false,medium,nasa_power_v2.9.7_1991_2020,1991-2020,percent,NASA POWER source grid cell at GeoNames anchor,NASA open data; attribution requested,2026-09-11,false,medium,nasa_power_v2.9.7_1991_2020,1991-2020,degC,NASA POWER source grid cell at GeoNames anchor,NASA open data; attribution requested,2026-09-11,false,medium,fao56_aridity_derived,1991-2020,0-1; higher=drier,NASA POWER grid cell; FAO-56 monthly ETo using 30 km median elevation,Derived metric; source licences apply,2026-09-11,false,medium,esa_worldcover_2021_v200,2021,0-1,30 km radius; 1 km systematic grid; 80 m WorldCover overview,CC BY 4.0,2026-09-11,false,medium,esa_worldcover_2021_v200,2021,0-1,30 km radius; 1 km systematic grid; 80 m WorldCover overview,CC BY 4.0,2026-09-11,false,medium,copernicus_dem_glo90_2021,2021 release,m,30 km radius land pixels; 1 km systematic grid; 180 m DEM overview,Copernicus DEM GLO-90 free and open licence,2026-09-11,false,high,copernicus_dem_glo90_2021,2021 release,0-1,30 km radius land pixels; 1 km systematic grid; 180 m DEM overview,Copernicus DEM GLO-90 free and open licence,2026-09-11,false,high,copernicus_dem_glo90_2021,2021 release,m,30 km radius land pixels; 1 km systematic grid; 180 m DEM overview,Copernicus DEM GLO-90 free and open licence,2026-09-11,false,high,natural_earth_coastline_4.1.0,version 4.1.0,km,distance from GeoNames anchor to nearest Natural Earth 1:10m coastline,Public domain,2026-09-11,false,medium,natural_earth_coastline_4.1.0,version 4.1.0,0-1,distance from GeoNames anchor to nearest Natural Earth 1:10m coastline,Public domain,2026-09-11,false,medium,nasa_power_v2.9.7_1991_2020,1991-2020,0-1 calibrated index,NASA POWER source grid cell at GeoNames anchor,NASA open data; attribution requested,2026-09-11,false,medium,not_available_globally_comparable,not available,0-1,administrative city; boundary unavailable,n.a.,2026-09-11,true,unavailable,not_available_globally_comparable,not available,0-1,administrative city; boundary unavailable,n.a.,2026-09-11,true,unavailable,not_available_globally_comparable,not available,0-1,administrative city; boundary unavailable,n.a.,2026-09-11,true,unavailable,not_available_globally_comparable,not available,0-1,administrative city; boundary unavailable,n.a.,2026-09-11,true,unavailable,geonames_cities15000_20260911,daily dump downloaded 2026-09-11,GeoNames identifier and UTF-8 text,selected populated-place record,CC BY 4.0,2026-09-11,false,high,geonames_cities15000_20260911,daily dump downloaded 2026-09-11,"decimal degrees, WGS84",GeoNames populated-place point,CC BY 4.0,2026-09-11,false,high
30,2643123,Manchester,曼彻斯特,英国,GB,英国 + 爱尔兰,England,53.48095,-2.23743,Europe/London,Manchester,2026-03-23,8.99,2.733333,993.4596,88.48,11.92,507.25552,0,0.010635,0.833038,0,130.577637,354.854824,0.295712,33.935918,0.636049,0.28138,2821,1,1,0.238266,0.000296,0.68604,1,0,0.010635,0.833038,0.465068,0.295712,0.28138,0.636049,,,,,25,10,22,16,27,25.221617,10.516206,21.819455,15.744026,26.698696,26,10,22,15,27,25,11,22,16,26,medium,city-elements-v0.1.0,city-facts-2026-09-11-v1,cities100-2026-09-11-v1,GeoNames anchor; natural spatial fields use 30 km radius,all four fields unavailable; neutral response used,nasa_power_v2.9.7_1991_2020,1991-2020,degC,NASA POWER source grid cell at GeoNames anchor,NASA open data; attribution requested,2026-09-11,false,medium,nasa_power_v2.9.7_1991_2020,1991-2020,kWh/m2/day,NASA POWER source grid cell at GeoNames anchor,NASA open data; attribution requested,2026-09-11,false,medium,nasa_power_v2.9.7_1991_2020,1991-2020,mm/year,NASA POWER source grid cell at GeoNames anchor,NASA open data; attribution requested,2026-09-11,false,medium,nasa_power_v2.9.7_1991_2020,1991-2020,percent,NASA POWER source grid cell at GeoNames anchor,NASA open data; attribution requested,2026-09-11,false,medium,nasa_power_v2.9.7_1991_2020,1991-2020,degC,NASA POWER source grid cell at GeoNames anchor,NASA open data; attribution requested,2026-09-11,false,medium,fao56_aridity_derived,1991-2020,0-1; higher=drier,NASA POWER grid cell; FAO-56 monthly ETo using 30 km median elevation,Derived metric; source licences apply,2026-09-11,false,medium,esa_worldcover_2021_v200,2021,0-1,30 km radius; 1 km systematic grid; 80 m WorldCover overview,CC BY 4.0,2026-09-11,false,medium,esa_worldcover_2021_v200,2021,0-1,30 km radius; 1 km systematic grid; 80 m WorldCover overview,CC BY 4.0,2026-09-11,false,medium,copernicus_dem_glo90_2021,2021 release,m,30 km radius land pixels; 1 km systematic grid; 180 m DEM overview,Copernicus DEM GLO-90 free and open licence,2026-09-11,false,high,copernicus_dem_glo90_2021,2021 release,0-1,30 km radius land pixels; 1 km systematic grid; 180 m DEM overview,Copernicus DEM GLO-90 free and open licence,2026-09-11,false,high,copernicus_dem_glo90_2021,2021 release,m,30 km radius land pixels; 1 km systematic grid; 180 m DEM overview,Copernicus DEM GLO-90 free and open licence,2026-09-11,false,high,natural_earth_coastline_4.1.0,version 4.1.0,km,distance from GeoNames anchor to nearest Natural Earth 1:10m coastline,Public domain,2026-09-11,false,medium,natural_earth_coastline_4.1.0,version 4.1.0,0-1,distance from GeoNames anchor to nearest Natural Earth 1:10m coastline,Public domain,2026-09-11,false,medium,nasa_power_v2.9.7_1991_2020,1991-2020,0-1 calibrated index,NASA POWER source grid cell at GeoNames anchor,NASA open data; attribution requested,2026-09-11,false,medium,not_available_globally_comparable,not available,0-1,administrative city; boundary unavailable,n.a.,2026-09-11,true,unavailable,not_available_globally_comparable,not available,0-1,administrative city; boundary unavailable,n.a.,2026-09-11,true,unavailable,not_available_globally_comparable,not available,0-1,administrative city; boundary unavailable,n.a.,2026-09-11,true,unavailable,not_available_globally_comparable,not available,0-1,administrative city; boundary unavailable,n.a.,2026-09-11,true,unavailable,geonames_cities15000_20260911,daily dump downloaded 2026-09-11,GeoNames identifier and UTF-8 text,selected populated-place record,CC BY 4.0,2026-09-11,false,high,geonames_cities15000_20260911,daily dump downloaded 2026-09-11,"decimal degrees, WGS84",GeoNames populated-place point,CC BY 4.0,2026-09-11,false,high
31,2648579,Glasgow,格拉斯哥,英国,GB,英国 + 爱尔兰,Scotland,55.86515,-4.25763,Europe/London,Glasgow,2023-02-25,7.78,2.536111,1376.964225,90.02,10.98,431.703125,0,0.018433,0.863169,0.009217,136.426804,239.788192,0.199823,15.680467,0.811336,0.236603,2821,1,1,0.174384,0,0.907149,1,0,0.018433,0.863169,0.475087,0.199823,0.236603,0.811336,,,,,25,10,21,15,29,25.342999,10.072532,20.463204,15.204948,28.916317,26,9,21,15,29,25,11,20,16,28,medium,city-elements-v0.1.0,city-facts-2026-09-11-v1,cities100-2026-09-11-v1,GeoNames anchor; natural spatial fields use 30 km radius,all four fields unavailable; neutral response used,nasa_power_v2.9.7_1991_2020,1991-2020,degC,NASA POWER source grid cell at GeoNames anchor,NASA open data; attribution requested,2026-09-11,false,medium,nasa_power_v2.9.7_1991_2020,1991-2020,kWh/m2/day,NASA POWER source grid cell at GeoNames anchor,NASA open data; attribution requested,2026-09-11,false,medium,nasa_power_v2.9.7_1991_2020,1991-2020,mm/year,NASA POWER source grid cell at GeoNames anchor,NASA open data; attribution requested,2026-09-11,false,medium,nasa_power_v2.9.7_1991_2020,1991-2020,percent,NASA POWER source grid cell at GeoNames anchor,NASA open data; attribution requested,2026-09-11,false,medium,nasa_power_v2.9.7_1991_2020,1991-2020,degC,NASA POWER source grid cell at GeoNames anchor,NASA open data; attribution requested,2026-09-11,false,medium,fao56_aridity_derived,1991-2020,0-1; higher=drier,NASA POWER grid cell; FAO-56 monthly ETo using 30 km median elevation,Derived metric; source licences apply,2026-09-11,false,medium,esa_worldcover_2021_v200,2021,0-1,30 km radius; 1 km systematic grid; 80 m WorldCover overview,CC BY 4.0,2026-09-11,false,medium,esa_worldcover_2021_v200,2021,0-1,30 km radius; 1 km systematic grid; 80 m WorldCover overview,CC BY 4.0,2026-09-11,false,medium,copernicus_dem_glo90_2021,2021 release,m,30 km radius land pixels; 1 km systematic grid; 180 m DEM overview,Copernicus DEM GLO-90 free and open licence,2026-09-11,false,high,copernicus_dem_glo90_2021,2021 release,0-1,30 km radius land pixels; 1 km systematic grid; 180 m DEM overview,Copernicus DEM GLO-90 free and open licence,2026-09-11,false,high,copernicus_dem_glo90_2021,2021 release,m,30 km radius land pixels; 1 km systematic grid; 180 m DEM overview,Copernicus DEM GLO-90 free and open licence,2026-09-11,false,high,natural_earth_coastline_4.1.0,version 4.1.0,km,distance from GeoNames anchor to nearest Natural Earth 1:10m coastline,Public domain,2026-09-11,false,medium,natural_earth_coastline_4.1.0,version 4.1.0,0-1,distance from GeoNames anchor to nearest Natural Earth 1:10m coastline,Public domain,2026-09-11,false,medium,nasa_power_v2.9.7_1991_2020,1991-2020,0-1 calibrated index,NASA POWER source grid cell at GeoNames anchor,NASA open data; attribution requested,2026-09-11,false,medium,not_available_globally_comparable,not available,0-1,administrative city; boundary unavailable,n.a.,2026-09-11,true,unavailable,not_available_globally_comparable,not available,0-1,administrative city; boundary unavailable,n.a.,2026-09-11,true,unavailable,not_available_globally_comparable,not available,0-1,administrative city; boundary unavailable,n.a.,2026-09-11,true,unavailable,not_available_globally_comparable,not available,0-1,administrative city; boundary unavailable,n.a.,2026-09-11,true,unavailable,geonames_cities15000_20260911,daily dump downloaded 2026-09-11,GeoNames identifier and UTF-8 text,selected populated-place record,CC BY 4.0,2026-09-11,false,high,geonames_cities15000_20260911,daily dump downloaded 2026-09-11,"decimal degrees, WGS84",GeoNames populated-place point,CC BY 4.0,2026-09-11,false,high
32,2640729,Oxford,牛津,英国,GB,英国 + 爱尔兰,England,51.75222,-1.25596,Europe/London,Oxford,2026-03-23,9.73,2.922222,737.78985,85.73,13.34,597.601563,0,0.002481,0.955689,0,92.382797,105.485592,0.087905,77.673712,0.354996,0.349021,2821,1,1,0.277335,0.067364,0.484575,0.950901,0,0.002481,0.955689,0.386088,0.087905,0.349021,0.354996,,,,,26,11,22,16,25,26.000937,11.219951,22.072262,16.178885,24.527965,26,11,22,16,25,26,12,22,16,24,medium,city-elements-v0.1.0,city-facts-2026-09-11-v1,cities100-2026-09-11-v1,GeoNames anchor; natural spatial fields use 30 km radius,all four fields unavailable; neutral response used,nasa_power_v2.9.7_1991_2020,1991-2020,degC,NASA POWER source grid cell at GeoNames anchor,NASA open data; attribution requested,2026-09-11,false,medium,nasa_power_v2.9.7_1991_2020,1991-2020,kWh/m2/day,NASA POWER source grid cell at GeoNames anchor,NASA open data; attribution requested,2026-09-11,false,medium,nasa_power_v2.9.7_1991_2020,1991-2020,mm/year,NASA POWER source grid cell at GeoNames anchor,NASA open data; attribution requested,2026-09-11,false,medium,nasa_power_v2.9.7_1991_2020,1991-2020,percent,NASA POWER source grid cell at GeoNames anchor,NASA open data; attribution requested,2026-09-11,false,medium,nasa_power_v2.9.7_1991_2020,1991-2020,degC,NASA POWER source grid cell at GeoNames anchor,NASA open data; attribution requested,2026-09-11,false,medium,fao56_aridity_derived,1991-2020,0-1; higher=drier,NASA POWER grid cell; FAO-56 monthly ETo using 30 km median elevation,Derived metric; source licences apply,2026-09-11,false,medium,esa_worldcover_2021_v200,2021,0-1,30 km radius; 1 km systematic grid; 80 m WorldCover overview,CC BY 4.0,2026-09-11,false,medium,esa_worldcover_2021_v200,2021,0-1,30 km radius; 1 km systematic grid; 80 m WorldCover overview,CC BY 4.0,2026-09-11,false,medium,copernicus_dem_glo90_2021,2021 release,m,30 km radius land pixels; 1 km systematic grid; 180 m DEM overview,Copernicus DEM GLO-90 free and open licence,2026-09-11,false,high,copernicus_dem_glo90_2021,2021 release,0-1,30 km radius land pixels; 1 km systematic grid; 180 m DEM overview,Copernicus DEM GLO-90 free and open licence,2026-09-11,false,high,copernicus_dem_glo90_2021,2021 release,m,30 km radius land pixels; 1 km systematic grid; 180 m DEM overview,Copernicus DEM GLO-90 free and open licence,2026-09-11,false,high,natural_earth_coastline_4.1.0,version 4.1.0,km,distance from GeoNames anchor to nearest Natural Earth 1:10m coastline,Public domain,2026-09-11,false,medium,natural_earth_coastline_4.1.0,version 4.1.0,0-1,distance from GeoNames anchor to nearest Natural Earth 1:10m coastline,Public domain,2026-09-11,false,medium,nasa_power_v2.9.7_1991_2020,1991-2020,0-1 calibrated index,NASA POWER source grid cell at GeoNames anchor,NASA open data; attribution requested,2026-09-11,false,medium,not_available_globally_comparable,not available,0-1,administrative city; boundary unavailable,n.a.,2026-09-11,true,unavailable,not_available_globally_comparable,not available,0-1,administrative city; boundary unavailable,n.a.,2026-09-11,true,unavailable,not_available_globally_comparable,not available,0-1,administrative city; boundary unavailable,n.a.,2026-09-11,true,unavailable,not_available_globally_comparable,not available,0-1,administrative city; boundary unavailable,n.a.,2026-09-11,true,unavailable,geonames_cities15000_20260911,daily dump downloaded 2026-09-11,GeoNames identifier and UTF-8 text,selected populated-place record,CC BY 4.0,2026-09-11,false,high,geonames_cities15000_20260911,daily dump downloaded 2026-09-11,"decimal degrees, WGS84",GeoNames populated-place point,CC BY 4.0,2026-09-11,false,high
33,2653941,Cambridge,剑桥,英国,GB,英国 + 爱尔兰,England,52.2,0.11667,Europe/London,Cambridge,2023-02-25,10.05,2.877778,690.308325,84.77,13.47,613.961615,0,0.006026,0.950727,0,32.262905,106.690363,0.088909,65.812744,0.41582,0.355214,2821,1,1,0.294229,0.051583,0.439544,0.923576,0,0.006026,0.950727,0.14832,0.088909,0.355214,0.41582,,,,,26,11,22,16,25,26.047214,11.435873,21.567937,16.203129,24.745847,26,11,22,16,25,26,12,22,16,24,medium,city-elements-v0.1.0,city-facts-2026-09-11-v1,cities100-2026-09-11-v1,GeoNames anchor; natural spatial fields use 30 km radius,all four fields unavailable; neutral response used,nasa_power_v2.9.7_1991_2020,1991-2020,degC,NASA POWER source grid cell at GeoNames anchor,NASA open data; attribution requested,2026-09-11,false,medium,nasa_power_v2.9.7_1991_2020,1991-2020,kWh/m2/day,NASA POWER source grid cell at GeoNames anchor,NASA open data; attribution requested,2026-09-11,false,medium,nasa_power_v2.9.7_1991_2020,1991-2020,mm/year,NASA POWER source grid cell at GeoNames anchor,NASA open data; attribution requested,2026-09-11,false,medium,nasa_power_v2.9.7_1991_2020,1991-2020,percent,NASA POWER source grid cell at GeoNames anchor,NASA open data; attribution requested,2026-09-11,false,medium,nasa_power_v2.9.7_1991_2020,1991-2020,degC,NASA POWER source grid cell at GeoNames anchor,NASA open data; attribution requested,2026-09-11,false,medium,fao56_aridity_derived,1991-2020,0-1; higher=drier,NASA POWER grid cell; FAO-56 monthly ETo using 30 km median elevation,Derived metric; source licences apply,2026-09-11,false,medium,esa_worldcover_2021_v200,2021,0-1,30 km radius; 1 km systematic grid; 80 m WorldCover overview,CC BY 4.0,2026-09-11,false,medium,esa_worldcover_2021_v200,2021,0-1,30 km radius; 1 km systematic grid; 80 m WorldCover overview,CC BY 4.0,2026-09-11,false,medium,copernicus_dem_glo90_2021,2021 release,m,30 km radius land pixels; 1 km systematic grid; 180 m DEM overview,Copernicus DEM GLO-90 free and open licence,2026-09-11,false,high,copernicus_dem_glo90_2021,2021 release,0-1,30 km radius land pixels; 1 km systematic grid; 180 m DEM overview,Copernicus DEM GLO-90 free and open licence,2026-09-11,false,high,copernicus_dem_glo90_2021,2021 release,m,30 km radius land pixels; 1 km systematic grid; 180 m DEM overview,Copernicus DEM GLO-90 free and open licence,2026-09-11,false,high,natural_earth_coastline_4.1.0,version 4.1.0,km,distance from GeoNames anchor to nearest Natural Earth 1:10m coastline,Public domain,2026-09-11,false,medium,natural_earth_coastline_4.1.0,version 4.1.0,0-1,distance from GeoNames anchor to nearest Natural Earth 1:10m coastline,Public domain,2026-09-11,false,medium,nasa_power_v2.9.7_1991_2020,1991-2020,0-1 calibrated index,NASA POWER source grid cell at GeoNames anchor,NASA open data; attribution requested,2026-09-11,false,medium,not_available_globally_comparable,not available,0-1,administrative city; boundary unavailable,n.a.,2026-09-11,true,unavailable,not_available_globally_comparable,not available,0-1,administrative city; boundary unavailable,n.a.,2026-09-11,true,unavailable,not_available_globally_comparable,not available,0-1,administrative city; boundary unavailable,n.a.,2026-09-11,true,unavailable,not_available_globally_comparable,not available,0-1,administrative city; boundary unavailable,n.a.,2026-09-11,true,unavailable,geonames_cities15000_20260911,daily dump downloaded 2026-09-11,GeoNames identifier and UTF-8 text,selected populated-place record,CC BY 4.0,2026-09-11,false,high,geonames_cities15000_20260911,daily dump downloaded 2026-09-11,"decimal degrees, WGS84",GeoNames populated-place point,CC BY 4.0,2026-09-11,false,high
34,2655984,Belfast,贝尔法斯特,英国,GB,英国 + 爱尔兰,Northern Ireland,54.59682,-5.92541,Europe/London,Belfast,2025-04-17,9.72,2.7,1059.20325,87.86,9.03,502.035818,0,0.070188,0.737327,0.141794,74.457474,183.878748,0.153232,1.522172,0.979909,0.143715,2821,1,1,0.276807,0,0.729438,1,0,0.070188,0.737327,0.336995,0.153232,0.143715,0.979909,,,,,25,11,20,15,29,25.144559,10.662139,20.314205,15.174594,28.704504,26,10,20,15,29,25,11,20,16,28,medium,city-elements-v0.1.0,city-facts-2026-09-11-v1,cities100-2026-09-11-v1,GeoNames anchor; natural spatial fields use 30 km radius,all four fields unavailable; neutral response used,nasa_power_v2.9.7_1991_2020,1991-2020,degC,NASA POWER source grid cell at GeoNames anchor,NASA open data; attribution requested,2026-09-11,false,medium,nasa_power_v2.9.7_1991_2020,1991-2020,kWh/m2/day,NASA POWER source grid cell at GeoNames anchor,NASA open data; attribution requested,2026-09-11,false,medium,nasa_power_v2.9.7_1991_2020,1991-2020,mm/year,NASA POWER source grid cell at GeoNames anchor,NASA open data; attribution requested,2026-09-11,false,medium,nasa_power_v2.9.7_1991_2020,1991-2020,percent,NASA POWER source grid cell at GeoNames anchor,NASA open data; attribution requested,2026-09-11,false,medium,nasa_power_v2.9.7_1991_2020,1991-2020,degC,NASA POWER source grid cell at GeoNames anchor,NASA open data; attribution requested,2026-09-11,false,medium,fao56_aridity_derived,1991-2020,0-1; higher=drier,NASA POWER grid cell; FAO-56 monthly ETo using 30 km median elevation,Derived metric; source licences apply,2026-09-11,false,medium,esa_worldcover_2021_v200,2021,0-1,30 km radius; 1 km systematic grid; 80 m WorldCover overview,CC BY 4.0,2026-09-11,false,medium,esa_worldcover_2021_v200,2021,0-1,30 km radius; 1 km systematic grid; 80 m WorldCover overview,CC BY 4.0,2026-09-11,false,medium,copernicus_dem_glo90_2021,2021 release,m,30 km radius land pixels; 1 km systematic grid; 180 m DEM overview,Copernicus DEM GLO-90 free and open licence,2026-09-11,false,high,copernicus_dem_glo90_2021,2021 release,0-1,30 km radius land pixels; 1 km systematic grid; 180 m DEM overview,Copernicus DEM GLO-90 free and open licence,2026-09-11,false,high,copernicus_dem_glo90_2021,2021 release,m,30 km radius land pixels; 1 km systematic grid; 180 m DEM overview,Copernicus DEM GLO-90 free and open licence,2026-09-11,false,high,natural_earth_coastline_4.1.0,version 4.1.0,km,distance from GeoNames anchor to nearest Natural Earth 1:10m coastline,Public domain,2026-09-11,false,medium,natural_earth_coastline_4.1.0,version 4.1.0,0-1,distance from GeoNames anchor to nearest Natural Earth 1:10m coastline,Public domain,2026-09-11,false,medium,nasa_power_v2.9.7_1991_2020,1991-2020,0-1 calibrated index,NASA POWER source grid cell at GeoNames anchor,NASA open data; attribution requested,2026-09-11,false,medium,not_available_globally_comparable,not available,0-1,administrative city; boundary unavailable,n.a.,2026-09-11,true,unavailable,not_available_globally_comparable,not available,0-1,administrative city; boundary unavailable,n.a.,2026-09-11,true,unavailable,not_available_globally_comparable,not available,0-1,administrative city; boundary unavailable,n.a.,2026-09-11,true,unavailable,not_available_globally_comparable,not available,0-1,administrative city; boundary unavailable,n.a.,2026-09-11,true,unavailable,geonames_cities15000_20260911,daily dump downloaded 2026-09-11,GeoNames identifier and UTF-8 text,selected populated-place record,CC BY 4.0,2026-09-11,false,high,geonames_cities15000_20260911,daily dump downloaded 2026-09-11,"decimal degrees, WGS84",GeoNames populated-place point,CC BY 4.0,2026-09-11,false,high
35,2964574,Dublin,都柏林,爱尔兰,IE,英国 + 爱尔兰,Leinster,53.33306,-6.24889,Europe/Dublin,Dublin,2022-03-09,9.98,2.725,967.892625,87.59,9.39,515.748021,0,0.014888,0.608649,0.305565,80.691605,357.102242,0.297585,2.525063,0.966893,0.160863,2821,1,1,0.290534,0,0.668384,1,0,0.014888,0.608649,0.355279,0.297585,0.160863,0.966893,,,,,24,11,21,16,28,24.294906,10.776632,21.40352,15.638689,27.886252,25,10,22,15,28,24,11,21,16,28,medium,city-elements-v0.1.0,city-facts-2026-09-11-v1,cities100-2026-09-11-v1,GeoNames anchor; natural spatial fields use 30 km radius,all four fields unavailable; neutral response used,nasa_power_v2.9.7_1991_2020,1991-2020,degC,NASA POWER source grid cell at GeoNames anchor,NASA open data; attribution requested,2026-09-11,false,medium,nasa_power_v2.9.7_1991_2020,1991-2020,kWh/m2/day,NASA POWER source grid cell at GeoNames anchor,NASA open data; attribution requested,2026-09-11,false,medium,nasa_power_v2.9.7_1991_2020,1991-2020,mm/year,NASA POWER source grid cell at GeoNames anchor,NASA open data; attribution requested,2026-09-11,false,medium,nasa_power_v2.9.7_1991_2020,1991-2020,percent,NASA POWER source grid cell at GeoNames anchor,NASA open data; attribution requested,2026-09-11,false,medium,nasa_power_v2.9.7_1991_2020,1991-2020,degC,NASA POWER source grid cell at GeoNames anchor,NASA open data; attribution requested,2026-09-11,false,medium,fao56_aridity_derived,1991-2020,0-1; higher=drier,NASA POWER grid cell; FAO-56 monthly ETo using 30 km median elevation,Derived metric; source licences apply,2026-09-11,false,medium,esa_worldcover_2021_v200,2021,0-1,30 km radius; 1 km systematic grid; 80 m WorldCover overview,CC BY 4.0,2026-09-11,false,medium,esa_worldcover_2021_v200,2021,0-1,30 km radius; 1 km systematic grid; 80 m WorldCover overview,CC BY 4.0,2026-09-11,false,medium,copernicus_dem_glo90_2021,2021 release,m,30 km radius land pixels; 1 km systematic grid; 180 m DEM overview,Copernicus DEM GLO-90 free and open licence,2026-09-11,false,high,copernicus_dem_glo90_2021,2021 release,0-1,30 km radius land pixels; 1 km systematic grid; 180 m DEM overview,Copernicus DEM GLO-90 free and open licence,2026-09-11,false,high,copernicus_dem_glo90_2021,2021 release,m,30 km radius land pixels; 1 km systematic grid; 180 m DEM overview,Copernicus DEM GLO-90 free and open licence,2026-09-11,false,high,natural_earth_coastline_4.1.0,version 4.1.0,km,distance from GeoNames anchor to nearest Natural Earth 1:10m coastline,Public domain,2026-09-11,false,medium,natural_earth_coastline_4.1.0,version 4.1.0,0-1,distance from GeoNames anchor to nearest Natural Earth 1:10m coastline,Public domain,2026-09-11,false,medium,nasa_power_v2.9.7_1991_2020,1991-2020,0-1 calibrated index,NASA POWER source grid cell at GeoNames anchor,NASA open data; attribution requested,2026-09-11,false,medium,not_available_globally_comparable,not available,0-1,administrative city; boundary unavailable,n.a.,2026-09-11,true,unavailable,not_available_globally_comparable,not available,0-1,administrative city; boundary unavailable,n.a.,2026-09-11,true,unavailable,not_available_globally_comparable,not available,0-1,administrative city; boundary unavailable,n.a.,2026-09-11,true,unavailable,not_available_globally_comparable,not available,0-1,administrative city; boundary unavailable,n.a.,2026-09-11,true,unavailable,geonames_cities15000_20260911,daily dump downloaded 2026-09-11,GeoNames identifier and UTF-8 text,selected populated-place record,CC BY 4.0,2026-09-11,false,high,geonames_cities15000_20260911,daily dump downloaded 2026-09-11,"decimal degrees, WGS84",GeoNames populated-place point,CC BY 4.0,2026-09-11,false,high
36,5128581,New York,纽约,美国,US,美国 + 加拿大 + 墨西哥,New York,40.71427,-74.00597,America/New_York,New York City,2026-03-07,12.06,3.913889,1256.4342,80.16,22.38,860.212587,0,0.027295,0.317972,0.277207,22.426733,78.664196,0.065553,0.716306,0.990495,0.779641,2821,1,1,0.400348,0.419469,0.845097,0.79236,0,0.027295,0.317972,0.067572,0.065553,0.779641,0.990495,,,,,24,13,22,17,24,24.014464,12.999953,21.98015,16.677983,24.32745,24,13,22,16,25,24,13,22,17,24,medium,city-elements-v0.1.0,city-facts-2026-09-11-v1,cities100-2026-09-11-v1,GeoNames anchor; natural spatial fields use 30 km radius,all four fields unavailable; neutral response used,nasa_power_v2.9.7_1991_2020,1991-2020,degC,NASA POWER source grid cell at GeoNames anchor,NASA open data; attribution requested,2026-09-11,false,medium,nasa_power_v2.9.7_1991_2020,1991-2020,kWh/m2/day,NASA POWER source grid cell at GeoNames anchor,NASA open data; attribution requested,2026-09-11,false,medium,nasa_power_v2.9.7_1991_2020,1991-2020,mm/year,NASA POWER source grid cell at GeoNames anchor,NASA open data; attribution requested,2026-09-11,false,medium,nasa_power_v2.9.7_1991_2020,1991-2020,percent,NASA POWER source grid cell at GeoNames anchor,NASA open data; attribution requested,2026-09-11,false,medium,nasa_power_v2.9.7_1991_2020,1991-2020,degC,NASA POWER source grid cell at GeoNames anchor,NASA open data; attribution requested,2026-09-11,false,medium,fao56_aridity_derived,1991-2020,0-1; higher=drier,NASA POWER grid cell; FAO-56 monthly ETo using 30 km median elevation,Derived metric; source licences apply,2026-09-11,false,medium,esa_worldcover_2021_v200,2021,0-1,30 km radius; 1 km systematic grid; 80 m WorldCover overview,CC BY 4.0,2026-09-11,false,medium,esa_worldcover_2021_v200,2021,0-1,30 km radius; 1 km systematic grid; 80 m WorldCover overview,CC BY 4.0,2026-09-11,false,medium,copernicus_dem_glo90_2021,2021 release,m,30 km radius land pixels; 1 km systematic grid; 180 m DEM overview,Copernicus DEM GLO-90 free and open licence,2026-09-11,false,high,copernicus_dem_glo90_2021,2021 release,0-1,30 km radius land pixels; 1 km systematic grid; 180 m DEM overview,Copernicus DEM GLO-90 free and open licence,2026-09-11,false,high,copernicus_dem_glo90_2021,2021 release,m,30 km radius land pixels; 1 km systematic grid; 180 m DEM overview,Copernicus DEM GLO-90 free and open licence,2026-09-11,false,high,natural_earth_coastline_4.1.0,version 4.1.0,km,distance from GeoNames anchor to nearest Natural Earth 1:10m coastline,Public domain,2026-09-11,false,medium,natural_earth_coastline_4.1.0,version 4.1.0,0-1,distance from GeoNames anchor to nearest Natural Earth 1:10m coastline,Public domain,2026-09-11,false,medium,nasa_power_v2.9.7_1991_2020,1991-2020,0-1 calibrated index,NASA POWER source grid cell at GeoNames anchor,NASA open data; attribution requested,2026-09-11,false,medium,not_available_globally_comparable,not available,0-1,administrative city; boundary unavailable,n.a.,2026-09-11,true,unavailable,not_available_globally_comparable,not available,0-1,administrative city; boundary unavailable,n.a.,2026-09-11,true,unavailable,not_available_globally_comparable,not available,0-1,administrative city; boundary unavailable,n.a.,2026-09-11,true,unavailable,not_available_globally_comparable,not available,0-1,administrative city; boundary unavailable,n.a.,2026-09-11,true,unavailable,geonames_cities15000_20260911,daily dump downloaded 2026-09-11,GeoNames identifier and UTF-8 text,selected populated-place record,CC BY 4.0,2026-09-11,false,high,geonames_cities15000_20260911,daily dump downloaded 2026-09-11,"decimal degrees, WGS84",GeoNames populated-place point,CC BY 4.0,2026-09-11,false,high
37,5368361,Los Angeles,洛杉矶,美国,US,美国 + 加拿大 + 墨西哥,California,34.05223,-118.24368,America/Los_Angeles,Los Angeles,2025-07-22,17.24,5.594444,372.54735,57.35,12.36,1430.571704,0.739581,0.004963,0.314782,0.060617,117.404671,668.295633,0.556913,21.789741,0.747867,0.302339,2821,1,1,0.673829,1,0.022263,0.143113,0.739581,0.004963,0.314782,0.44077,0.556913,0.302339,0.747867,,,,,19,20,27,19,15,18.98191,19.340692,27.200075,19.14229,15.335033,19,19,28,19,15,19,19,27,19,16,medium,city-elements-v0.1.0,city-facts-2026-09-11-v1,cities100-2026-09-11-v1,GeoNames anchor; natural spatial fields use 30 km radius,all four fields unavailable; neutral response used,nasa_power_v2.9.7_1991_2020,1991-2020,degC,NASA POWER source grid cell at GeoNames anchor,NASA open data; attribution requested,2026-09-11,false,medium,nasa_power_v2.9.7_1991_2020,1991-2020,kWh/m2/day,NASA POWER source grid cell at GeoNames anchor,NASA open data; attribution requested,2026-09-11,false,medium,nasa_power_v2.9.7_1991_2020,1991-2020,mm/year,NASA POWER source grid cell at GeoNames anchor,NASA open data; attribution requested,2026-09-11,false,medium,nasa_power_v2.9.7_1991_2020,1991-2020,percent,NASA POWER source grid cell at GeoNames anchor,NASA open data; attribution requested,2026-09-11,false,medium,nasa_power_v2.9.7_1991_2020,1991-2020,degC,NASA POWER source grid cell at GeoNames anchor,NASA open data; attribution requested,2026-09-11,false,medium,fao56_aridity_derived,1991-2020,0-1; higher=drier,NASA POWER grid cell; FAO-56 monthly ETo using 30 km median elevation,Derived metric; source licences apply,2026-09-11,false,medium,esa_worldcover_2021_v200,2021,0-1,30 km radius; 1 km systematic grid; 80 m WorldCover overview,CC BY 4.0,2026-09-11,false,medium,esa_worldcover_2021_v200,2021,0-1,30 km radius; 1 km systematic grid; 80 m WorldCover overview,CC BY 4.0,2026-09-11,false,medium,copernicus_dem_glo90_2021,2021 release,m,30 km radius land pixels; 1 km systematic grid; 180 m DEM overview,Copernicus DEM GLO-90 free and open licence,2026-09-11,false,high,copernicus_dem_glo90_2021,2021 release,0-1,30 km radius land pixels; 1 km systematic grid; 180 m DEM overview,Copernicus DEM GLO-90 free and open licence,2026-09-11,false,high,copernicus_dem_glo90_2021,2021 release,m,30 km radius land pixels; 1 km systematic grid; 180 m DEM overview,Copernicus DEM GLO-90 free and open licence,2026-09-11,false,high,natural_earth_coastline_4.1.0,version 4.1.0,km,distance from GeoNames anchor to nearest Natural Earth 1:10m coastline,Public domain,2026-09-11,false,medium,natural_earth_coastline_4.1.0,version 4.1.0,0-1,distance from GeoNames anchor to nearest Natural Earth 1:10m coastline,Public domain,2026-09-11,false,medium,nasa_power_v2.9.7_1991_2020,1991-2020,0-1 calibrated index,NASA POWER source grid cell at GeoNames anchor,NASA open data; attribution requested,2026-09-11,false,medium,not_available_globally_comparable,not available,0-1,administrative city; boundary unavailable,n.a.,2026-09-11,true,unavailable,not_available_globally_comparable,not available,0-1,administrative city; boundary unavailable,n.a.,2026-09-11,true,unavailable,not_available_globally_comparable,not available,0-1,administrative city; boundary unavailable,n.a.,2026-09-11,true,unavailable,not_available_globally_comparable,not available,0-1,administrative city; boundary unavailable,n.a.,2026-09-11,true,unavailable,geonames_cities15000_20260911,daily dump downloaded 2026-09-11,GeoNames identifier and UTF-8 text,selected populated-place record,CC BY 4.0,2026-09-11,false,high,geonames_cities15000_20260911,daily dump downloaded 2026-09-11,"decimal degrees, WGS84",GeoNames populated-place point,CC BY 4.0,2026-09-11,false,high
38,5391959,San Francisco,旧金山,美国,US,美国 + 加拿大 + 墨西哥,California,37.77493,-122.41942,America/Los_Angeles,San Francisco,2025-07-22,13.57,4.713889,620.91225,77,8.09,956.125459,0.350595,0.028359,0.295285,0.491315,83.062912,291.213815,0.242678,2.878325,0.962349,0.098938,2821,1,1,0.48007,0.703521,0.36783,0.702417,0.350595,0.028359,0.295285,0.36187,0.242678,0.098938,0.962349,,,,,23,15,25,17,20,22.600652,15.594024,24.631894,16.915249,20.258181,23,15,25,17,20,23,16,24,17,20,medium,city-elements-v0.1.0,city-facts-2026-09-11-v1,cities100-2026-09-11-v1,GeoNames anchor; natural spatial fields use 30 km radius,all four fields unavailable; neutral response used,nasa_power_v2.9.7_1991_2020,1991-2020,degC,NASA POWER source grid cell at GeoNames anchor,NASA open data; attribution requested,2026-09-11,false,medium,nasa_power_v2.9.7_1991_2020,1991-2020,kWh/m2/day,NASA POWER source grid cell at GeoNames anchor,NASA open data; attribution requested,2026-09-11,false,medium,nasa_power_v2.9.7_1991_2020,1991-2020,mm/year,NASA POWER source grid cell at GeoNames anchor,NASA open data; attribution requested,2026-09-11,false,medium,nasa_power_v2.9.7_1991_2020,1991-2020,percent,NASA POWER source grid cell at GeoNames anchor,NASA open data; attribution requested,2026-09-11,false,medium,nasa_power_v2.9.7_1991_2020,1991-2020,degC,NASA POWER source grid cell at GeoNames anchor,NASA open data; attribution requested,2026-09-11,false,medium,fao56_aridity_derived,1991-2020,0-1; higher=drier,NASA POWER grid cell; FAO-56 monthly ETo using 30 km median elevation,Derived metric; source licences apply,2026-09-11,false,medium,esa_worldcover_2021_v200,2021,0-1,30 km radius; 1 km systematic grid; 80 m WorldCover overview,CC BY 4.0,2026-09-11,false,medium,esa_worldcover_2021_v200,2021,0-1,30 km radius; 1 km systematic grid; 80 m WorldCover overview,CC BY 4.0,2026-09-11,false,medium,copernicus_dem_glo90_2021,2021 release,m,30 km radius land pixels; 1 km systematic grid; 180 m DEM overview,Copernicus DEM GLO-90 free and open licence,2026-09-11,false,high,copernicus_dem_glo90_2021,2021 release,0-1,30 km radius land pixels; 1 km systematic grid; 180 m DEM overview,Copernicus DEM GLO-90 free and open licence,2026-09-11,false,high,copernicus_dem_glo90_2021,2021 release,m,30 km radius land pixels; 1 km systematic grid; 180 m DEM overview,Copernicus DEM GLO-90 free and open licence,2026-09-11,false,high,natural_earth_coastline_4.1.0,version 4.1.0,km,distance from GeoNames anchor to nearest Natural Earth 1:10m coastline,Public domain,2026-09-11,false,medium,natural_earth_coastline_4.1.0,version 4.1.0,0-1,distance from GeoNames anchor to nearest Natural Earth 1:10m coastline,Public domain,2026-09-11,false,medium,nasa_power_v2.9.7_1991_2020,1991-2020,0-1 calibrated index,NASA POWER source grid cell at GeoNames anchor,NASA open data; attribution requested,2026-09-11,false,medium,not_available_globally_comparable,not available,0-1,administrative city; boundary unavailable,n.a.,2026-09-11,true,unavailable,not_available_globally_comparable,not available,0-1,administrative city; boundary unavailable,n.a.,2026-09-11,true,unavailable,not_available_globally_comparable,not available,0-1,administrative city; boundary unavailable,n.a.,2026-09-11,true,unavailable,not_available_globally_comparable,not available,0-1,administrative city; boundary unavailable,n.a.,2026-09-11,true,unavailable,geonames_cities15000_20260911,daily dump downloaded 2026-09-11,GeoNames identifier and UTF-8 text,selected populated-place record,CC BY 4.0,2026-09-11,false,high,geonames_cities15000_20260911,daily dump downloaded 2026-09-11,"decimal degrees, WGS84",GeoNames populated-place point,CC BY 4.0,2026-09-11,false,high
39,5809844,Seattle,西雅图,美国,US,美国 + 加拿大 + 墨西哥,Washington,47.60621,-122.33207,America/Los_Angeles,Seattle,2025-06-25,10.5,3.394444,1252.781775,83.15,14.31,622.368724,0,0.073378,0.592343,0.213754,91.447372,149.243701,0.12437,0.786214,0.989572,0.395227,2821,1,1,0.317987,0.235033,0.843126,0.877466,0,0.073378,0.592343,0.383769,0.12437,0.395227,0.989572,,,,,25,12,21,15,27,25.12727,11.725202,21.316592,15.406752,26.424184,26,11,21,15,27,25,12,21,16,26,medium,city-elements-v0.1.0,city-facts-2026-09-11-v1,cities100-2026-09-11-v1,GeoNames anchor; natural spatial fields use 30 km radius,all four fields unavailable; neutral response used,nasa_power_v2.9.7_1991_2020,1991-2020,degC,NASA POWER source grid cell at GeoNames anchor,NASA open data; attribution requested,2026-09-11,false,medium,nasa_power_v2.9.7_1991_2020,1991-2020,kWh/m2/day,NASA POWER source grid cell at GeoNames anchor,NASA open data; attribution requested,2026-09-11,false,medium,nasa_power_v2.9.7_1991_2020,1991-2020,mm/year,NASA POWER source grid cell at GeoNames anchor,NASA open data; attribution requested,2026-09-11,false,medium,nasa_power_v2.9.7_1991_2020,1991-2020,percent,NASA POWER source grid cell at GeoNames anchor,NASA open data; attribution requested,2026-09-11,false,medium,nasa_power_v2.9.7_1991_2020,1991-2020,degC,NASA POWER source grid cell at GeoNames anchor,NASA open data; attribution requested,2026-09-11,false,medium,fao56_aridity_derived,1991-2020,0-1; higher=drier,NASA POWER grid cell; FAO-56 monthly ETo using 30 km median elevation,Derived metric; source licences apply,2026-09-11,false,medium,esa_worldcover_2021_v200,2021,0-1,30 km radius; 1 km systematic grid; 80 m WorldCover overview,CC BY 4.0,2026-09-11,false,medium,esa_worldcover_2021_v200,2021,0-1,30 km radius; 1 km systematic grid; 80 m WorldCover overview,CC BY 4.0,2026-09-11,false,medium,copernicus_dem_glo90_2021,2021 release,m,30 km radius land pixels; 1 km systematic grid; 180 m DEM overview,Copernicus DEM GLO-90 free and open licence,2026-09-11,false,high,copernicus_dem_glo90_2021,2021 release,0-1,30 km radius land pixels; 1 km systematic grid; 180 m DEM overview,Copernicus DEM GLO-90 free and open licence,2026-09-11,false,high,copernicus_dem_glo90_2021,2021 release,m,30 km radius land pixels; 1 km systematic grid; 180 m DEM overview,Copernicus DEM GLO-90 free and open licence,2026-09-11,false,high,natural_earth_coastline_4.1.0,version 4.1.0,km,distance from GeoNames anchor to nearest Natural Earth 1:10m coastline,Public domain,2026-09-11,false,medium,natural_earth_coastline_4.1.0,version 4.1.0,0-1,distance from GeoNames anchor to nearest Natural Earth 1:10m coastline,Public domain,2026-09-11,false,medium,nasa_power_v2.9.7_1991_2020,1991-2020,0-1 calibrated index,NASA POWER source grid cell at GeoNames anchor,NASA open data; attribution requested,2026-09-11,false,medium,not_available_globally_comparable,not available,0-1,administrative city; boundary unavailable,n.a.,2026-09-11,true,unavailable,not_available_globally_comparable,not available,0-1,administrative city; boundary unavailable,n.a.,2026-09-11,true,unavailable,not_available_globally_comparable,not available,0-1,administrative city; boundary unavailable,n.a.,2026-09-11,true,unavailable,not_available_globally_comparable,not available,0-1,administrative city; boundary unavailable,n.a.,2026-09-11,true,unavailable,geonames_cities15000_20260911,daily dump downloaded 2026-09-11,GeoNames identifier and UTF-8 text,selected populated-place record,CC BY 4.0,2026-09-11,false,high,geonames_cities15000_20260911,daily dump downloaded 2026-09-11,"decimal degrees, WGS84",GeoNames populated-place point,CC BY 4.0,2026-09-11,false,high
40,4887398,Chicago,芝加哥,美国,US,美国 + 加拿大 + 墨西哥,Illinois,41.85003,-87.65005,America/Chicago,Chicago,2025-06-21,9.56,3.811111,978.8499,80.96,24.94,791.208567,0,0.401276,0.221907,0,182.714447,33.04715,0.027539,953.993292,0.000003,0.901586,2821,1,1,0.26836,0.382977,0.676007,0.815131,0,0.401276,0.221907,0.541952,0.027539,0.901586,0.000003,,,,,23,12,24,18,23,22.74856,12.654334,23.655757,18.172339,22.769011,23,12,24,18,23,23,13,23,18,23,medium,city-elements-v0.1.0,city-facts-2026-09-11-v1,cities100-2026-09-11-v1,GeoNames anchor; natural spatial fields use 30 km radius,all four fields unavailable; neutral response used,nasa_power_v2.9.7_1991_2020,1991-2020,degC,NASA POWER source grid cell at GeoNames anchor,NASA open data; attribution requested,2026-09-11,false,medium,nasa_power_v2.9.7_1991_2020,1991-2020,kWh/m2/day,NASA POWER source grid cell at GeoNames anchor,NASA open data; attribution requested,2026-09-11,false,medium,nasa_power_v2.9.7_1991_2020,1991-2020,mm/year,NASA POWER source grid cell at GeoNames anchor,NASA open data; attribution requested,2026-09-11,false,medium,nasa_power_v2.9.7_1991_2020,1991-2020,percent,NASA POWER source grid cell at GeoNames anchor,NASA open data; attribution requested,2026-09-11,false,medium,nasa_power_v2.9.7_1991_2020,1991-2020,degC,NASA POWER source grid cell at GeoNames anchor,NASA open data; attribution requested,2026-09-11,false,medium,fao56_aridity_derived,1991-2020,0-1; higher=drier,NASA POWER grid cell; FAO-56 monthly ETo using 30 km median elevation,Derived metric; source licences apply,2026-09-11,false,medium,esa_worldcover_2021_v200,2021,0-1,30 km radius; 1 km systematic grid; 80 m WorldCover overview,CC BY 4.0,2026-09-11,false,medium,esa_worldcover_2021_v200,2021,0-1,30 km radius; 1 km systematic grid; 80 m WorldCover overview,CC BY 4.0,2026-09-11,false,medium,copernicus_dem_glo90_2021,2021 release,m,30 km radius land pixels; 1 km systematic grid; 180 m DEM overview,Copernicus DEM GLO-90 free and open licence,2026-09-11,false,high,copernicus_dem_glo90_2021,2021 release,0-1,30 km radius land pixels; 1 km systematic grid; 180 m DEM overview,Copernicus DEM GLO-90 free and open licence,2026-09-11,false,high,copernicus_dem_glo90_2021,2021 release,m,30 km radius land pixels; 1 km systematic grid; 180 m DEM overview,Copernicus DEM GLO-90 free and open licence,2026-09-11,false,high,natural_earth_coastline_4.1.0,version 4.1.0,km,distance from GeoNames anchor to nearest Natural Earth 1:10m coastline,Public domain,2026-09-11,false,medium,natural_earth_coastline_4.1.0,version 4.1.0,0-1,distance from GeoNames anchor to nearest Natural Earth 1:10m coastline,Public domain,2026-09-11,false,medium,nasa_power_v2.9.7_1991_2020,1991-2020,0-1 calibrated index,NASA POWER source grid cell at GeoNames anchor,NASA open data; attribution requested,2026-09-11,false,medium,not_available_globally_comparable,not available,0-1,administrative city; boundary unavailable,n.a.,2026-09-11,true,unavailable,not_available_globally_comparable,not available,0-1,administrative city; boundary unavailable,n.a.,2026-09-11,true,unavailable,not_available_globally_comparable,not available,0-1,administrative city; boundary unavailable,n.a.,2026-09-11,true,unavailable,not_available_globally_comparable,not available,0-1,administrative city; boundary unavailable,n.a.,2026-09-11,true,unavailable,geonames_cities15000_20260911,daily dump downloaded 2026-09-11,GeoNames identifier and UTF-8 text,selected populated-place record,CC BY 4.0,2026-09-11,false,high,geonames_cities15000_20260911,daily dump downloaded 2026-09-11,"decimal degrees, WGS84",GeoNames populated-place point,CC BY 4.0,2026-09-11,false,high
41,4164138,Miami,迈阿密,美国,US,美国 + 加拿大 + 墨西哥,Florida,25.77427,-80.19366,America/New_York,Miami,2025-06-25,25.36,4.997222,1395.22635,75.86,7.57,1574.748553,0.114001,0.042893,0.175824,0.527118,3.445607,4.530902,0.003776,0.218709,0.997088,0.074168,2821,1,1,1,0.804123,0.916074,0.669968,0.114001,0.042893,0.175824,0,0.003776,0.074168,0.997088,,,,,22,19,20,15,24,22.046333,18.921946,19.856972,15.414939,23.759809,22,19,20,15,24,22,19,20,16,23,medium,city-elements-v0.1.0,city-facts-2026-09-11-v1,cities100-2026-09-11-v1,GeoNames anchor; natural spatial fields use 30 km radius,all four fields unavailable; neutral response used,nasa_power_v2.9.7_1991_2020,1991-2020,degC,NASA POWER source grid cell at GeoNames anchor,NASA open data; attribution requested,2026-09-11,false,medium,nasa_power_v2.9.7_1991_2020,1991-2020,kWh/m2/day,NASA POWER source grid cell at GeoNames anchor,NASA open data; attribution requested,2026-09-11,false,medium,nasa_power_v2.9.7_1991_2020,1991-2020,mm/year,NASA POWER source grid cell at GeoNames anchor,NASA open data; attribution requested,2026-09-11,false,medium,nasa_power_v2.9.7_1991_2020,1991-2020,percent,NASA POWER source grid cell at GeoNames anchor,NASA open data; attribution requested,2026-09-11,false,medium,nasa_power_v2.9.7_1991_2020,1991-2020,degC,NASA POWER source grid cell at GeoNames anchor,NASA open data; attribution requested,2026-09-11,false,medium,fao56_aridity_derived,1991-2020,0-1; higher=drier,NASA POWER grid cell; FAO-56 monthly ETo using 30 km median elevation,Derived metric; source licences apply,2026-09-11,false,medium,esa_worldcover_2021_v200,2021,0-1,30 km radius; 1 km systematic grid; 80 m WorldCover overview,CC BY 4.0,2026-09-11,false,medium,esa_worldcover_2021_v200,2021,0-1,30 km radius; 1 km systematic grid; 80 m WorldCover overview,CC BY 4.0,2026-09-11,false,medium,copernicus_dem_glo90_2021,2021 release,m,30 km radius land pixels; 1 km systematic grid; 180 m DEM overview,Copernicus DEM GLO-90 free and open licence,2026-09-11,false,high,copernicus_dem_glo90_2021,2021 release,0-1,30 km radius land pixels; 1 km systematic grid; 180 m DEM overview,Copernicus DEM GLO-90 free and open licence,2026-09-11,false,high,copernicus_dem_glo90_2021,2021 release,m,30 km radius land pixels; 1 km systematic grid; 180 m DEM overview,Copernicus DEM GLO-90 free and open licence,2026-09-11,false,high,natural_earth_coastline_4.1.0,version 4.1.0,km,distance from GeoNames anchor to nearest Natural Earth 1:10m coastline,Public domain,2026-09-11,false,medium,natural_earth_coastline_4.1.0,version 4.1.0,0-1,distance from GeoNames anchor to nearest Natural Earth 1:10m coastline,Public domain,2026-09-11,false,medium,nasa_power_v2.9.7_1991_2020,1991-2020,0-1 calibrated index,NASA POWER source grid cell at GeoNames anchor,NASA open data; attribution requested,2026-09-11,false,medium,not_available_globally_comparable,not available,0-1,administrative city; boundary unavailable,n.a.,2026-09-11,true,unavailable,not_available_globally_comparable,not available,0-1,administrative city; boundary unavailable,n.a.,2026-09-11,true,unavailable,not_available_globally_comparable,not available,0-1,administrative city; boundary unavailable,n.a.,2026-09-11,true,unavailable,not_available_globally_comparable,not available,0-1,administrative city; boundary unavailable,n.a.,2026-09-11,true,unavailable,geonames_cities15000_20260911,daily dump downloaded 2026-09-11,GeoNames identifier and UTF-8 text,selected populated-place record,CC BY 4.0,2026-09-11,false,high,geonames_cities15000_20260911,daily dump downloaded 2026-09-11,"decimal degrees, WGS84",GeoNames populated-place point,CC BY 4.0,2026-09-11,false,high
42,5308655,Phoenix,凤凰城,美国,US,美国 + 加拿大 + 墨西哥,Arizona,33.44838,-112.07404,America/Phoenix,Phoenix,2026-04-14,22.06,5.808333,277.5843,34.21,22.77,1965.125638,0.858745,0.00319,0.353421,0,362.71698,153.126892,0.127606,262.504678,0.030196,0.798218,2821,1,1,0.928304,1,0,0,0.858745,0.00319,0.353421,0.69927,0.127606,0.798218,0.030196,,,,,18,21,27,21,13,17.591118,21.152576,27.481347,20.999166,12.775794,18,21,28,21,12,18,21,27,21,13,medium,city-elements-v0.1.0,city-facts-2026-09-11-v1,cities100-2026-09-11-v1,GeoNames anchor; natural spatial fields use 30 km radius,all four fields unavailable; neutral response used,nasa_power_v2.9.7_1991_2020,1991-2020,degC,NASA POWER source grid cell at GeoNames anchor,NASA open data; attribution requested,2026-09-11,false,medium,nasa_power_v2.9.7_1991_2020,1991-2020,kWh/m2/day,NASA POWER source grid cell at GeoNames anchor,NASA open data; attribution requested,2026-09-11,false,medium,nasa_power_v2.9.7_1991_2020,1991-2020,mm/year,NASA POWER source grid cell at GeoNames anchor,NASA open data; attribution requested,2026-09-11,false,medium,nasa_power_v2.9.7_1991_2020,1991-2020,percent,NASA POWER source grid cell at GeoNames anchor,NASA open data; attribution requested,2026-09-11,false,medium,nasa_power_v2.9.7_1991_2020,1991-2020,degC,NASA POWER source grid cell at GeoNames anchor,NASA open data; attribution requested,2026-09-11,false,medium,fao56_aridity_derived,1991-2020,0-1; higher=drier,NASA POWER grid cell; FAO-56 monthly ETo using 30 km median elevation,Derived metric; source licences apply,2026-09-11,false,medium,esa_worldcover_2021_v200,2021,0-1,30 km radius; 1 km systematic grid; 80 m WorldCover overview,CC BY 4.0,2026-09-11,false,medium,esa_worldcover_2021_v200,2021,0-1,30 km radius; 1 km systematic grid; 80 m WorldCover overview,CC BY 4.0,2026-09-11,false,medium,copernicus_dem_glo90_2021,2021 release,m,30 km radius land pixels; 1 km systematic grid; 180 m DEM overview,Copernicus DEM GLO-90 free and open licence,2026-09-11,false,high,copernicus_dem_glo90_2021,2021 release,0-1,30 km radius land pixels; 1 km systematic grid; 180 m DEM overview,Copernicus DEM GLO-90 free and open licence,2026-09-11,false,high,copernicus_dem_glo90_2021,2021 release,m,30 km radius land pixels; 1 km systematic grid; 180 m DEM overview,Copernicus DEM GLO-90 free and open licence,2026-09-11,false,high,natural_earth_coastline_4.1.0,version 4.1.0,km,distance from GeoNames anchor to nearest Natural Earth 1:10m coastline,Public domain,2026-09-11,false,medium,natural_earth_coastline_4.1.0,version 4.1.0,0-1,distance from GeoNames anchor to nearest Natural Earth 1:10m coastline,Public domain,2026-09-11,false,medium,nasa_power_v2.9.7_1991_2020,1991-2020,0-1 calibrated index,NASA POWER source grid cell at GeoNames anchor,NASA open data; attribution requested,2026-09-11,false,medium,not_available_globally_comparable,not available,0-1,administrative city; boundary unavailable,n.a.,2026-09-11,true,unavailable,not_available_globally_comparable,not available,0-1,administrative city; boundary unavailable,n.a.,2026-09-11,true,unavailable,not_available_globally_comparable,not available,0-1,administrative city; boundary unavailable,n.a.,2026-09-11,true,unavailable,not_available_globally_comparable,not available,0-1,administrative city; boundary unavailable,n.a.,2026-09-11,true,unavailable,geonames_cities15000_20260911,daily dump downloaded 2026-09-11,GeoNames identifier and UTF-8 text,selected populated-place record,CC BY 4.0,2026-09-11,false,high,geonames_cities15000_20260911,daily dump downloaded 2026-09-11,"decimal degrees, WGS84",GeoNames populated-place point,CC BY 4.0,2026-09-11,false,high
43,5419384,Denver,丹佛,美国,US,美国 + 加拿大 + 墨西哥,Colorado,39.73915,-104.9847,America/Denver,Denver,2026-04-14,8.88,4.827778,456.553125,49.89,23.92,1240.016872,0.631817,0.017015,0.627083,0,1684.574829,420.995972,0.35083,1198.218765,0,0.852999,2821,1,1,0.232459,0.743959,0.159775,0,0.631817,0.017015,0.627083,1,0.35083,0.852999,0,,,,,20,15,29,21,15,19.989518,15.21217,28.668762,21.014563,15.114987,20,15,29,21,15,20,16,28,21,15,medium,city-elements-v0.1.0,city-facts-2026-09-11-v1,cities100-2026-09-11-v1,GeoNames anchor; natural spatial fields use 30 km radius,all four fields unavailable; neutral response used,nasa_power_v2.9.7_1991_2020,1991-2020,degC,NASA POWER source grid cell at GeoNames anchor,NASA open data; attribution requested,2026-09-11,false,medium,nasa_power_v2.9.7_1991_2020,1991-2020,kWh/m2/day,NASA POWER source grid cell at GeoNames anchor,NASA open data; attribution requested,2026-09-11,false,medium,nasa_power_v2.9.7_1991_2020,1991-2020,mm/year,NASA POWER source grid cell at GeoNames anchor,NASA open data; attribution requested,2026-09-11,false,medium,nasa_power_v2.9.7_1991_2020,1991-2020,percent,NASA POWER source grid cell at GeoNames anchor,NASA open data; attribution requested,2026-09-11,false,medium,nasa_power_v2.9.7_1991_2020,1991-2020,degC,NASA POWER source grid cell at GeoNames anchor,NASA open data; attribution requested,2026-09-11,false,medium,fao56_aridity_derived,1991-2020,0-1; higher=drier,NASA POWER grid cell; FAO-56 monthly ETo using 30 km median elevation,Derived metric; source licences apply,2026-09-11,false,medium,esa_worldcover_2021_v200,2021,0-1,30 km radius; 1 km systematic grid; 80 m WorldCover overview,CC BY 4.0,2026-09-11,false,medium,esa_worldcover_2021_v200,2021,0-1,30 km radius; 1 km systematic grid; 80 m WorldCover overview,CC BY 4.0,2026-09-11,false,medium,copernicus_dem_glo90_2021,2021 release,m,30 km radius land pixels; 1 km systematic grid; 180 m DEM overview,Copernicus DEM GLO-90 free and open licence,2026-09-11,false,high,copernicus_dem_glo90_2021,2021 release,0-1,30 km radius land pixels; 1 km systematic grid; 180 m DEM overview,Copernicus DEM GLO-90 free and open licence,2026-09-11,false,high,copernicus_dem_glo90_2021,2021 release,m,30 km radius land pixels; 1 km systematic grid; 180 m DEM overview,Copernicus DEM GLO-90 free and open licence,2026-09-11,false,high,natural_earth_coastline_4.1.0,version 4.1.0,km,distance from GeoNames anchor to nearest Natural Earth 1:10m coastline,Public domain,2026-09-11,false,medium,natural_earth_coastline_4.1.0,version 4.1.0,0-1,distance from GeoNames anchor to nearest Natural Earth 1:10m coastline,Public domain,2026-09-11,false,medium,nasa_power_v2.9.7_1991_2020,1991-2020,0-1 calibrated index,NASA POWER source grid cell at GeoNames anchor,NASA open data; attribution requested,2026-09-11,false,medium,not_available_globally_comparable,not available,0-1,administrative city; boundary unavailable,n.a.,2026-09-11,true,unavailable,not_available_globally_comparable,not available,0-1,administrative city; boundary unavailable,n.a.,2026-09-11,true,unavailable,not_available_globally_comparable,not available,0-1,administrative city; boundary unavailable,n.a.,2026-09-11,true,unavailable,not_available_globally_comparable,not available,0-1,administrative city; boundary unavailable,n.a.,2026-09-11,true,unavailable,geonames_cities15000_20260911,daily dump downloaded 2026-09-11,GeoNames identifier and UTF-8 text,selected populated-place record,CC BY 4.0,2026-09-11,false,high,geonames_cities15000_20260911,daily dump downloaded 2026-09-11,"decimal degrees, WGS84",GeoNames populated-place point,CC BY 4.0,2026-09-11,false,high
44,4335045,New Orleans,新奥尔良,美国,US,美国 + 加拿大 + 墨西哥,Louisiana,29.95465,-90.07507,America/Chicago,New Orleans,2025-06-25,21.05,4.716667,1574.195175,78.96,16.39,1270.447787,0,0.159163,0.459412,0.27118,0.210285,4.481435,0.003735,9.129917,0.885385,0.494308,2821,1,1,0.87498,0.704507,0.997834,0.758205,0,0.159163,0.459412,0,0.003735,0.494308,0.885385,,,,,25,17,19,15,24,24.931179,17.043752,19.551896,14.647517,23.825656,25,17,20,14,24,25,17,19,15,24,medium,city-elements-v0.1.0,city-facts-2026-09-11-v1,cities100-2026-09-11-v1,GeoNames anchor; natural spatial fields use 30 km radius,all four fields unavailable; neutral response used,nasa_power_v2.9.7_1991_2020,1991-2020,degC,NASA POWER source grid cell at GeoNames anchor,NASA open data; attribution requested,2026-09-11,false,medium,nasa_power_v2.9.7_1991_2020,1991-2020,kWh/m2/day,NASA POWER source grid cell at GeoNames anchor,NASA open data; attribution requested,2026-09-11,false,medium,nasa_power_v2.9.7_1991_2020,1991-2020,mm/year,NASA POWER source grid cell at GeoNames anchor,NASA open data; attribution requested,2026-09-11,false,medium,nasa_power_v2.9.7_1991_2020,1991-2020,percent,NASA POWER source grid cell at GeoNames anchor,NASA open data; attribution requested,2026-09-11,false,medium,nasa_power_v2.9.7_1991_2020,1991-2020,degC,NASA POWER source grid cell at GeoNames anchor,NASA open data; attribution requested,2026-09-11,false,medium,fao56_aridity_derived,1991-2020,0-1; higher=drier,NASA POWER grid cell; FAO-56 monthly ETo using 30 km median elevation,Derived metric; source licences apply,2026-09-11,false,medium,esa_worldcover_2021_v200,2021,0-1,30 km radius; 1 km systematic grid; 80 m WorldCover overview,CC BY 4.0,2026-09-11,false,medium,esa_worldcover_2021_v200,2021,0-1,30 km radius; 1 km systematic grid; 80 m WorldCover overview,CC BY 4.0,2026-09-11,false,medium,copernicus_dem_glo90_2021,2021 release,m,30 km radius land pixels; 1 km systematic grid; 180 m DEM overview,Copernicus DEM GLO-90 free and open licence,2026-09-11,false,high,copernicus_dem_glo90_2021,2021 release,0-1,30 km radius land pixels; 1 km systematic grid; 180 m DEM overview,Copernicus DEM GLO-90 free and open licence,2026-09-11,false,high,copernicus_dem_glo90_2021,2021 release,m,30 km radius land pixels; 1 km systematic grid; 180 m DEM overview,Copernicus DEM GLO-90 free and open licence,2026-09-11,false,high,natural_earth_coastline_4.1.0,version 4.1.0,km,distance from GeoNames anchor to nearest Natural Earth 1:10m coastline,Public domain,2026-09-11,false,medium,natural_earth_coastline_4.1.0,version 4.1.0,0-1,distance from GeoNames anchor to nearest Natural Earth 1:10m coastline,Public domain,2026-09-11,false,medium,nasa_power_v2.9.7_1991_2020,1991-2020,0-1 calibrated index,NASA POWER source grid cell at GeoNames anchor,NASA open data; attribution requested,2026-09-11,false,medium,not_available_globally_comparable,not available,0-1,administrative city; boundary unavailable,n.a.,2026-09-11,true,unavailable,not_available_globally_comparable,not available,0-1,administrative city; boundary unavailable,n.a.,2026-09-11,true,unavailable,not_available_globally_comparable,not available,0-1,administrative city; boundary unavailable,n.a.,2026-09-11,true,unavailable,not_available_globally_comparable,not available,0-1,administrative city; boundary unavailable,n.a.,2026-09-11,true,unavailable,geonames_cities15000_20260911,daily dump downloaded 2026-09-11,GeoNames identifier and UTF-8 text,selected populated-place record,CC BY 4.0,2026-09-11,false,high,geonames_cities15000_20260911,daily dump downloaded 2026-09-11,"decimal degrees, WGS84",GeoNames populated-place point,CC BY 4.0,2026-09-11,false,high
45,4930956,Boston,波士顿,美国,US,美国 + 加拿大 + 墨西哥,Massachusetts,42.35843,-71.05977,America/New_York,Boston,2026-04-14,9.35,3.802778,1205.30025,80.11,25.86,684.590001,0,0.04112,0.607231,0.215172,43.989218,65.125488,0.054271,0.919266,0.987818,0.94541,2821,1,1,0.257273,0.380018,0.816954,0.790937,0,0.04112,0.607231,0.217877,0.054271,0.94541,0.987818,,,,,25,12,21,17,25,24.730434,11.999302,21.514411,16.52342,25.232433,25,11,22,16,26,24,13,21,17,25,medium,city-elements-v0.1.0,city-facts-2026-09-11-v1,cities100-2026-09-11-v1,GeoNames anchor; natural spatial fields use 30 km radius,all four fields unavailable; neutral response used,nasa_power_v2.9.7_1991_2020,1991-2020,degC,NASA POWER source grid cell at GeoNames anchor,NASA open data; attribution requested,2026-09-11,false,medium,nasa_power_v2.9.7_1991_2020,1991-2020,kWh/m2/day,NASA POWER source grid cell at GeoNames anchor,NASA open data; attribution requested,2026-09-11,false,medium,nasa_power_v2.9.7_1991_2020,1991-2020,mm/year,NASA POWER source grid cell at GeoNames anchor,NASA open data; attribution requested,2026-09-11,false,medium,nasa_power_v2.9.7_1991_2020,1991-2020,percent,NASA POWER source grid cell at GeoNames anchor,NASA open data; attribution requested,2026-09-11,false,medium,nasa_power_v2.9.7_1991_2020,1991-2020,degC,NASA POWER source grid cell at GeoNames anchor,NASA open data; attribution requested,2026-09-11,false,medium,fao56_aridity_derived,1991-2020,0-1; higher=drier,NASA POWER grid cell; FAO-56 monthly ETo using 30 km median elevation,Derived metric; source licences apply,2026-09-11,false,medium,esa_worldcover_2021_v200,2021,0-1,30 km radius; 1 km systematic grid; 80 m WorldCover overview,CC BY 4.0,2026-09-11,false,medium,esa_worldcover_2021_v200,2021,0-1,30 km radius; 1 km systematic grid; 80 m WorldCover overview,CC BY 4.0,2026-09-11,false,medium,copernicus_dem_glo90_2021,2021 release,m,30 km radius land pixels; 1 km systematic grid; 180 m DEM overview,Copernicus DEM GLO-90 free and open licence,2026-09-11,false,high,copernicus_dem_glo90_2021,2021 release,0-1,30 km radius land pixels; 1 km systematic grid; 180 m DEM overview,Copernicus DEM GLO-90 free and open licence,2026-09-11,false,high,copernicus_dem_glo90_2021,2021 release,m,30 km radius land pixels; 1 km systematic grid; 180 m DEM overview,Copernicus DEM GLO-90 free and open licence,2026-09-11,false,high,natural_earth_coastline_4.1.0,version 4.1.0,km,distance from GeoNames anchor to nearest Natural Earth 1:10m coastline,Public domain,2026-09-11,false,medium,natural_earth_coastline_4.1.0,version 4.1.0,0-1,distance from GeoNames anchor to nearest Natural Earth 1:10m coastline,Public domain,2026-09-11,false,medium,nasa_power_v2.9.7_1991_2020,1991-2020,0-1 calibrated index,NASA POWER source grid cell at GeoNames anchor,NASA open data; attribution requested,2026-09-11,false,medium,not_available_globally_comparable,not available,0-1,administrative city; boundary unavailable,n.a.,2026-09-11,true,unavailable,not_available_globally_comparable,not available,0-1,administrative city; boundary unavailable,n.a.,2026-09-11,true,unavailable,not_available_globally_comparable,not available,0-1,administrative city; boundary unavailable,n.a.,2026-09-11,true,unavailable,not_available_globally_comparable,not available,0-1,administrative city; boundary unavailable,n.a.,2026-09-11,true,unavailable,geonames_cities15000_20260911,daily dump downloaded 2026-09-11,GeoNames identifier and UTF-8 text,selected populated-place record,CC BY 4.0,2026-09-11,false,high,geonames_cities15000_20260911,daily dump downloaded 2026-09-11,"decimal degrees, WGS84",GeoNames populated-place point,CC BY 4.0,2026-09-11,false,high
46,6173331,Vancouver,温哥华,加拿大,CA,美国 + 加拿大 + 墨西哥,British Columbia,49.24966,-123.11934,America/Vancouver,Vancouver,2025-08-04,10.55,3.222222,1292.95845,81.34,13.91,636.551321,0,0.036157,0.449132,0.433889,91.808502,937.793387,0.781494,3.79971,0.950599,0.376173,2821,1,1,0.320627,0.173883,0.864508,0.825947,0,0.036157,0.449132,0.384667,0.781494,0.376173,0.950599,,,,,24,11,23,16,26,23.712857,11.288227,23.158831,15.84524,25.994844,24,11,23,16,26,23,12,23,16,26,medium,city-elements-v0.1.0,city-facts-2026-09-11-v1,cities100-2026-09-11-v1,GeoNames anchor; natural spatial fields use 30 km radius,all four fields unavailable; neutral response used,nasa_power_v2.9.7_1991_2020,1991-2020,degC,NASA POWER source grid cell at GeoNames anchor,NASA open data; attribution requested,2026-09-11,false,medium,nasa_power_v2.9.7_1991_2020,1991-2020,kWh/m2/day,NASA POWER source grid cell at GeoNames anchor,NASA open data; attribution requested,2026-09-11,false,medium,nasa_power_v2.9.7_1991_2020,1991-2020,mm/year,NASA POWER source grid cell at GeoNames anchor,NASA open data; attribution requested,2026-09-11,false,medium,nasa_power_v2.9.7_1991_2020,1991-2020,percent,NASA POWER source grid cell at GeoNames anchor,NASA open data; attribution requested,2026-09-11,false,medium,nasa_power_v2.9.7_1991_2020,1991-2020,degC,NASA POWER source grid cell at GeoNames anchor,NASA open data; attribution requested,2026-09-11,false,medium,fao56_aridity_derived,1991-2020,0-1; higher=drier,NASA POWER grid cell; FAO-56 monthly ETo using 30 km median elevation,Derived metric; source licences apply,2026-09-11,false,medium,esa_worldcover_2021_v200,2021,0-1,30 km radius; 1 km systematic grid; 80 m WorldCover overview,CC BY 4.0,2026-09-11,false,medium,esa_worldcover_2021_v200,2021,0-1,30 km radius; 1 km systematic grid; 80 m WorldCover overview,CC BY 4.0,2026-09-11,false,medium,copernicus_dem_glo90_2021,2021 release,m,30 km radius land pixels; 1 km systematic grid; 180 m DEM overview,Copernicus DEM GLO-90 free and open licence,2026-09-11,false,high,copernicus_dem_glo90_2021,2021 release,0-1,30 km radius land pixels; 1 km systematic grid; 180 m DEM overview,Copernicus DEM GLO-90 free and open licence,2026-09-11,false,high,copernicus_dem_glo90_2021,2021 release,m,30 km radius land pixels; 1 km systematic grid; 180 m DEM overview,Copernicus DEM GLO-90 free and open licence,2026-09-11,false,high,natural_earth_coastline_4.1.0,version 4.1.0,km,distance from GeoNames anchor to nearest Natural Earth 1:10m coastline,Public domain,2026-09-11,false,medium,natural_earth_coastline_4.1.0,version 4.1.0,0-1,distance from GeoNames anchor to nearest Natural Earth 1:10m coastline,Public domain,2026-09-11,false,medium,nasa_power_v2.9.7_1991_2020,1991-2020,0-1 calibrated index,NASA POWER source grid cell at GeoNames anchor,NASA open data; attribution requested,2026-09-11,false,medium,not_available_globally_comparable,not available,0-1,administrative city; boundary unavailable,n.a.,2026-09-11,true,unavailable,not_available_globally_comparable,not available,0-1,administrative city; boundary unavailable,n.a.,2026-09-11,true,unavailable,not_available_globally_comparable,not available,0-1,administrative city; boundary unavailable,n.a.,2026-09-11,true,unavailable,not_available_globally_comparable,not available,0-1,administrative city; boundary unavailable,n.a.,2026-09-11,true,unavailable,geonames_cities15000_20260911,daily dump downloaded 2026-09-11,GeoNames identifier and UTF-8 text,selected populated-place record,CC BY 4.0,2026-09-11,false,high,geonames_cities15000_20260911,daily dump downloaded 2026-09-11,"decimal degrees, WGS84",GeoNames populated-place point,CC BY 4.0,2026-09-11,false,high
47,6167865,Toronto,多伦多,加拿大,CA,美国 + 加拿大 + 墨西哥,Ontario,43.70643,-79.39864,America/Toronto,Toronto,2026-04-13,8.59,3.630556,712.222875,78.54,23.84,778.072722,0.084632,0.364764,0.328252,0,145.307083,160.438461,0.133699,400.178771,0.004816,0.849188,2821,1,1,0.217148,0.318868,0.4607,0.74625,0.084632,0.364764,0.328252,0.48951,0.133699,0.849188,0.004816,,,,,23,13,24,18,22,22.678676,12.568112,24.319346,18.388453,22.045412,23,12,25,18,22,23,13,24,18,22,medium,city-elements-v0.1.0,city-facts-2026-09-11-v1,cities100-2026-09-11-v1,GeoNames anchor; natural spatial fields use 30 km radius,all four fields unavailable; neutral response used,nasa_power_v2.9.7_1991_2020,1991-2020,degC,NASA POWER source grid cell at GeoNames anchor,NASA open data; attribution requested,2026-09-11,false,medium,nasa_power_v2.9.7_1991_2020,1991-2020,kWh/m2/day,NASA POWER source grid cell at GeoNames anchor,NASA open data; attribution requested,2026-09-11,false,medium,nasa_power_v2.9.7_1991_2020,1991-2020,mm/year,NASA POWER source grid cell at GeoNames anchor,NASA open data; attribution requested,2026-09-11,false,medium,nasa_power_v2.9.7_1991_2020,1991-2020,percent,NASA POWER source grid cell at GeoNames anchor,NASA open data; attribution requested,2026-09-11,false,medium,nasa_power_v2.9.7_1991_2020,1991-2020,degC,NASA POWER source grid cell at GeoNames anchor,NASA open data; attribution requested,2026-09-11,false,medium,fao56_aridity_derived,1991-2020,0-1; higher=drier,NASA POWER grid cell; FAO-56 monthly ETo using 30 km median elevation,Derived metric; source licences apply,2026-09-11,false,medium,esa_worldcover_2021_v200,2021,0-1,30 km radius; 1 km systematic grid; 80 m WorldCover overview,CC BY 4.0,2026-09-11,false,medium,esa_worldcover_2021_v200,2021,0-1,30 km radius; 1 km systematic grid; 80 m WorldCover overview,CC BY 4.0,2026-09-11,false,medium,copernicus_dem_glo90_2021,2021 release,m,30 km radius land pixels; 1 km systematic grid; 180 m DEM overview,Copernicus DEM GLO-90 free and open licence,2026-09-11,false,high,copernicus_dem_glo90_2021,2021 release,0-1,30 km radius land pixels; 1 km systematic grid; 180 m DEM overview,Copernicus DEM GLO-90 free and open licence,2026-09-11,false,high,copernicus_dem_glo90_2021,2021 release,m,30 km radius land pixels; 1 km systematic grid; 180 m DEM overview,Copernicus DEM GLO-90 free and open licence,2026-09-11,false,high,natural_earth_coastline_4.1.0,version 4.1.0,km,distance from GeoNames anchor to nearest Natural Earth 1:10m coastline,Public domain,2026-09-11,false,medium,natural_earth_coastline_4.1.0,version 4.1.0,0-1,distance from GeoNames anchor to nearest Natural Earth 1:10m coastline,Public domain,2026-09-11,false,medium,nasa_power_v2.9.7_1991_2020,1991-2020,0-1 calibrated index,NASA POWER source grid cell at GeoNames anchor,NASA open data; attribution requested,2026-09-11,false,medium,not_available_globally_comparable,not available,0-1,administrative city; boundary unavailable,n.a.,2026-09-11,true,unavailable,not_available_globally_comparable,not available,0-1,administrative city; boundary unavailable,n.a.,2026-09-11,true,unavailable,not_available_globally_comparable,not available,0-1,administrative city; boundary unavailable,n.a.,2026-09-11,true,unavailable,not_available_globally_comparable,not available,0-1,administrative city; boundary unavailable,n.a.,2026-09-11,true,unavailable,geonames_cities15000_20260911,daily dump downloaded 2026-09-11,GeoNames identifier and UTF-8 text,selected populated-place record,CC BY 4.0,2026-09-11,false,high,geonames_cities15000_20260911,daily dump downloaded 2026-09-11,"decimal degrees, WGS84",GeoNames populated-place point,CC BY 4.0,2026-09-11,false,high
48,3530597,Mexico City,墨西哥城,墨西哥,MX,美国 + 加拿大 + 墨西哥,Mexico City,19.42847,-99.12766,America/Mexico_City,Mexico City,2024-03-26,13.69,5.508333,774.3141,65.99,6.74,1231.364706,0.371174,0.005317,0.479263,0,2283.177734,720.163574,0.600136,246.94671,0.037156,0.034631,2821,1,1,0.486405,0.9856,0.517288,0.389036,0.371174,0.005317,0.479263,1,0.600136,0.034631,0.037156,,,,,22,17,27,18,16,21.856523,16.809267,27.524439,17.60207,16.207701,22,17,28,17,16,22,17,27,18,16,medium,city-elements-v0.1.0,city-facts-2026-09-11-v1,cities100-2026-09-11-v1,GeoNames anchor; natural spatial fields use 30 km radius,all four fields unavailable; neutral response used,nasa_power_v2.9.7_1991_2020,1991-2020,degC,NASA POWER source grid cell at GeoNames anchor,NASA open data; attribution requested,2026-09-11,false,medium,nasa_power_v2.9.7_1991_2020,1991-2020,kWh/m2/day,NASA POWER source grid cell at GeoNames anchor,NASA open data; attribution requested,2026-09-11,false,medium,nasa_power_v2.9.7_1991_2020,1991-2020,mm/year,NASA POWER source grid cell at GeoNames anchor,NASA open data; attribution requested,2026-09-11,false,medium,nasa_power_v2.9.7_1991_2020,1991-2020,percent,NASA POWER source grid cell at GeoNames anchor,NASA open data; attribution requested,2026-09-11,false,medium,nasa_power_v2.9.7_1991_2020,1991-2020,degC,NASA POWER source grid cell at GeoNames anchor,NASA open data; attribution requested,2026-09-11,false,medium,fao56_aridity_derived,1991-2020,0-1; higher=drier,NASA POWER grid cell; FAO-56 monthly ETo using 30 km median elevation,Derived metric; source licences apply,2026-09-11,false,medium,esa_worldcover_2021_v200,2021,0-1,30 km radius; 1 km systematic grid; 80 m WorldCover overview,CC BY 4.0,2026-09-11,false,medium,esa_worldcover_2021_v200,2021,0-1,30 km radius; 1 km systematic grid; 80 m WorldCover overview,CC BY 4.0,2026-09-11,false,medium,copernicus_dem_glo90_2021,2021 release,m,30 km radius land pixels; 1 km systematic grid; 180 m DEM overview,Copernicus DEM GLO-90 free and open licence,2026-09-11,false,high,copernicus_dem_glo90_2021,2021 release,0-1,30 km radius land pixels; 1 km systematic grid; 180 m DEM overview,Copernicus DEM GLO-90 free and open licence,2026-09-11,false,high,copernicus_dem_glo90_2021,2021 release,m,30 km radius land pixels; 1 km systematic grid; 180 m DEM overview,Copernicus DEM GLO-90 free and open licence,2026-09-11,false,high,natural_earth_coastline_4.1.0,version 4.1.0,km,distance from GeoNames anchor to nearest Natural Earth 1:10m coastline,Public domain,2026-09-11,false,medium,natural_earth_coastline_4.1.0,version 4.1.0,0-1,distance from GeoNames anchor to nearest Natural Earth 1:10m coastline,Public domain,2026-09-11,false,medium,nasa_power_v2.9.7_1991_2020,1991-2020,0-1 calibrated index,NASA POWER source grid cell at GeoNames anchor,NASA open data; attribution requested,2026-09-11,false,medium,not_available_globally_comparable,not available,0-1,administrative city; boundary unavailable,n.a.,2026-09-11,true,unavailable,not_available_globally_comparable,not available,0-1,administrative city; boundary unavailable,n.a.,2026-09-11,true,unavailable,not_available_globally_comparable,not available,0-1,administrative city; boundary unavailable,n.a.,2026-09-11,true,unavailable,not_available_globally_comparable,not available,0-1,administrative city; boundary unavailable,n.a.,2026-09-11,true,unavailable,geonames_cities15000_20260911,daily dump downloaded 2026-09-11,GeoNames identifier and UTF-8 text,selected populated-place record,CC BY 4.0,2026-09-11,false,high,geonames_cities15000_20260911,daily dump downloaded 2026-09-11,"decimal degrees, WGS84",GeoNames populated-place point,CC BY 4.0,2026-09-11,false,high
49,5856195,Honolulu,檀香山,美国,US,美国 + 加拿大 + 墨西哥,Hawaii,21.30694,-157.85833,Pacific/Honolulu,Honolulu,2026-04-14,24.46,5.633333,606.30255,74.32,3.68,1743.436557,0.652237,0.011698,0.274371,0.646225,162.17247,488.542272,0.407119,1.889011,0.975128,0,2821,1,1,1,1,0.351714,0.626135,0.652237,0.011698,0.274371,0.514639,0.407119,0,0.975128,,,,,20,21,24,17,18,19.952869,20.707632,24.231011,16.615906,18.492583,20,21,25,16,18,20,21,24,17,18,medium,city-elements-v0.1.0,city-facts-2026-09-11-v1,cities100-2026-09-11-v1,GeoNames anchor; natural spatial fields use 30 km radius,all four fields unavailable; neutral response used,nasa_power_v2.9.7_1991_2020,1991-2020,degC,NASA POWER source grid cell at GeoNames anchor,NASA open data; attribution requested,2026-09-11,false,medium,nasa_power_v2.9.7_1991_2020,1991-2020,kWh/m2/day,NASA POWER source grid cell at GeoNames anchor,NASA open data; attribution requested,2026-09-11,false,medium,nasa_power_v2.9.7_1991_2020,1991-2020,mm/year,NASA POWER source grid cell at GeoNames anchor,NASA open data; attribution requested,2026-09-11,false,medium,nasa_power_v2.9.7_1991_2020,1991-2020,percent,NASA POWER source grid cell at GeoNames anchor,NASA open data; attribution requested,2026-09-11,false,medium,nasa_power_v2.9.7_1991_2020,1991-2020,degC,NASA POWER source grid cell at GeoNames anchor,NASA open data; attribution requested,2026-09-11,false,medium,fao56_aridity_derived,1991-2020,0-1; higher=drier,NASA POWER grid cell; FAO-56 monthly ETo using 30 km median elevation,Derived metric; source licences apply,2026-09-11,false,medium,esa_worldcover_2021_v200,2021,0-1,30 km radius; 1 km systematic grid; 80 m WorldCover overview,CC BY 4.0,2026-09-11,false,medium,esa_worldcover_2021_v200,2021,0-1,30 km radius; 1 km systematic grid; 80 m WorldCover overview,CC BY 4.0,2026-09-11,false,medium,copernicus_dem_glo90_2021,2021 release,m,30 km radius land pixels; 1 km systematic grid; 180 m DEM overview,Copernicus DEM GLO-90 free and open licence,2026-09-11,false,high,copernicus_dem_glo90_2021,2021 release,0-1,30 km radius land pixels; 1 km systematic grid; 180 m DEM overview,Copernicus DEM GLO-90 free and open licence,2026-09-11,false,high,copernicus_dem_glo90_2021,2021 release,m,30 km radius land pixels; 1 km systematic grid; 180 m DEM overview,Copernicus DEM GLO-90 free and open licence,2026-09-11,false,high,natural_earth_coastline_4.1.0,version 4.1.0,km,distance from GeoNames anchor to nearest Natural Earth 1:10m coastline,Public domain,2026-09-11,false,medium,natural_earth_coastline_4.1.0,version 4.1.0,0-1,distance from GeoNames anchor to nearest Natural Earth 1:10m coastline,Public domain,2026-09-11,false,medium,nasa_power_v2.9.7_1991_2020,1991-2020,0-1 calibrated index,NASA POWER source grid cell at GeoNames anchor,NASA open data; attribution requested,2026-09-11,false,medium,not_available_globally_comparable,not available,0-1,administrative city; boundary unavailable,n.a.,2026-09-11,true,unavailable,not_available_globally_comparable,not available,0-1,administrative city; boundary unavailable,n.a.,2026-09-11,true,unavailable,not_available_globally_comparable,not available,0-1,administrative city; boundary unavailable,n.a.,2026-09-11,true,unavailable,not_available_globally_comparable,not available,0-1,administrative city; boundary unavailable,n.a.,2026-09-11,true,unavailable,geonames_cities15000_20260911,daily dump downloaded 2026-09-11,GeoNames identifier and UTF-8 text,selected populated-place record,CC BY 4.0,2026-09-11,false,high,geonames_cities15000_20260911,daily dump downloaded 2026-09-11,"decimal degrees, WGS84",GeoNames populated-place point,CC BY 4.0,2026-09-11,false,high
50,2988507,Paris,巴黎,法国,FR,欧洲大陆,Ile-de-France,48.85341,2.3488,Europe/Paris,Paris,2026-02-23,10.83,3.291667,664.74135,81.25,16.28,743.639728,0.106098,0.012761,0.623183,0,86.371948,117.311539,0.09776,149.546786,0.136156,0.489068,2821,1,1,0.33541,0.19854,0.413997,0.823385,0.106098,0.012761,0.623183,0.370763,0.09776,0.489068,0.136156,,,,,24,13,24,17,22,24.368931,12.527982,24.051033,17.384599,21.667455,25,12,24,17,22,24,13,24,17,22,medium,city-elements-v0.1.0,city-facts-2026-09-11-v1,cities100-2026-09-11-v1,GeoNames anchor; natural spatial fields use 30 km radius,all four fields unavailable; neutral response used,nasa_power_v2.9.7_1991_2020,1991-2020,degC,NASA POWER source grid cell at GeoNames anchor,NASA open data; attribution requested,2026-09-11,false,medium,nasa_power_v2.9.7_1991_2020,1991-2020,kWh/m2/day,NASA POWER source grid cell at GeoNames anchor,NASA open data; attribution requested,2026-09-11,false,medium,nasa_power_v2.9.7_1991_2020,1991-2020,mm/year,NASA POWER source grid cell at GeoNames anchor,NASA open data; attribution requested,2026-09-11,false,medium,nasa_power_v2.9.7_1991_2020,1991-2020,percent,NASA POWER source grid cell at GeoNames anchor,NASA open data; attribution requested,2026-09-11,false,medium,nasa_power_v2.9.7_1991_2020,1991-2020,degC,NASA POWER source grid cell at GeoNames anchor,NASA open data; attribution requested,2026-09-11,false,medium,fao56_aridity_derived,1991-2020,0-1; higher=drier,NASA POWER grid cell; FAO-56 monthly ETo using 30 km median elevation,Derived metric; source licences apply,2026-09-11,false,medium,esa_worldcover_2021_v200,2021,0-1,30 km radius; 1 km systematic grid; 80 m WorldCover overview,CC BY 4.0,2026-09-11,false,medium,esa_worldcover_2021_v200,2021,0-1,30 km radius; 1 km systematic grid; 80 m WorldCover overview,CC BY 4.0,2026-09-11,false,medium,copernicus_dem_glo90_2021,2021 release,m,30 km radius land pixels; 1 km systematic grid; 180 m DEM overview,Copernicus DEM GLO-90 free and open licence,2026-09-11,false,high,copernicus_dem_glo90_2021,2021 release,0-1,30 km radius land pixels; 1 km systematic grid; 180 m DEM overview,Copernicus DEM GLO-90 free and open licence,2026-09-11,false,high,copernicus_dem_glo90_2021,2021 release,m,30 km radius land pixels; 1 km systematic grid; 180 m DEM overview,Copernicus DEM GLO-90 free and open licence,2026-09-11,false,high,natural_earth_coastline_4.1.0,version 4.1.0,km,distance from GeoNames anchor to nearest Natural Earth 1:10m coastline,Public domain,2026-09-11,false,medium,natural_earth_coastline_4.1.0,version 4.1.0,0-1,distance from GeoNames anchor to nearest Natural Earth 1:10m coastline,Public domain,2026-09-11,false,medium,nasa_power_v2.9.7_1991_2020,1991-2020,0-1 calibrated index,NASA POWER source grid cell at GeoNames anchor,NASA open data; attribution requested,2026-09-11,false,medium,not_available_globally_comparable,not available,0-1,administrative city; boundary unavailable,n.a.,2026-09-11,true,unavailable,not_available_globally_comparable,not available,0-1,administrative city; boundary unavailable,n.a.,2026-09-11,true,unavailable,not_available_globally_comparable,not available,0-1,administrative city; boundary unavailable,n.a.,2026-09-11,true,unavailable,not_available_globally_comparable,not available,0-1,administrative city; boundary unavailable,n.a.,2026-09-11,true,unavailable,geonames_cities15000_20260911,daily dump downloaded 2026-09-11,GeoNames identifier and UTF-8 text,selected populated-place record,CC BY 4.0,2026-09-11,false,high,geonames_cities15000_20260911,daily dump downloaded 2026-09-11,"decimal degrees, WGS84",GeoNames populated-place point,CC BY 4.0,2026-09-11,false,high
51,2759794,Amsterdam,阿姆斯特丹,荷兰,NL,欧洲大陆,North Holland,52.37403,4.88969,Europe/Amsterdam,Amsterdam,2026-02-23,10.29,2.936111,829.100475,84.8,14.53,619.650266,0,0.193548,0.597306,0.054945,-1.035281,9.667854,0.008057,23.238453,0.73356,0.405707,2821,1,1,0.3069,0.072295,0.563574,0.92443,0,0.193548,0.597306,0,0.008057,0.405707,0.73356,,,,,25,12,20,16,27,25.210202,11.798789,20.476662,15.911266,26.603082,26,11,20,16,27,25,12,21,16,26,medium,city-elements-v0.1.0,city-facts-2026-09-11-v1,cities100-2026-09-11-v1,GeoNames anchor; natural spatial fields use 30 km radius,all four fields unavailable; neutral response used,nasa_power_v2.9.7_1991_2020,1991-2020,degC,NASA POWER source grid cell at GeoNames anchor,NASA open data; attribution requested,2026-09-11,false,medium,nasa_power_v2.9.7_1991_2020,1991-2020,kWh/m2/day,NASA POWER source grid cell at GeoNames anchor,NASA open data; attribution requested,2026-09-11,false,medium,nasa_power_v2.9.7_1991_2020,1991-2020,mm/year,NASA POWER source grid cell at GeoNames anchor,NASA open data; attribution requested,2026-09-11,false,medium,nasa_power_v2.9.7_1991_2020,1991-2020,percent,NASA POWER source grid cell at GeoNames anchor,NASA open data; attribution requested,2026-09-11,false,medium,nasa_power_v2.9.7_1991_2020,1991-2020,degC,NASA POWER source grid cell at GeoNames anchor,NASA open data; attribution requested,2026-09-11,false,medium,fao56_aridity_derived,1991-2020,0-1; higher=drier,NASA POWER grid cell; FAO-56 monthly ETo using 30 km median elevation,Derived metric; source licences apply,2026-09-11,false,medium,esa_worldcover_2021_v200,2021,0-1,30 km radius; 1 km systematic grid; 80 m WorldCover overview,CC BY 4.0,2026-09-11,false,medium,esa_worldcover_2021_v200,2021,0-1,30 km radius; 1 km systematic grid; 80 m WorldCover overview,CC BY 4.0,2026-09-11,false,medium,copernicus_dem_glo90_2021,2021 release,m,30 km radius land pixels; 1 km systematic grid; 180 m DEM overview,Copernicus DEM GLO-90 free and open licence,2026-09-11,false,high,copernicus_dem_glo90_2021,2021 release,0-1,30 km radius land pixels; 1 km systematic grid; 180 m DEM overview,Copernicus DEM GLO-90 free and open licence,2026-09-11,false,high,copernicus_dem_glo90_2021,2021 release,m,30 km radius land pixels; 1 km systematic grid; 180 m DEM overview,Copernicus DEM GLO-90 free and open licence,2026-09-11,false,high,natural_earth_coastline_4.1.0,version 4.1.0,km,distance from GeoNames anchor to nearest Natural Earth 1:10m coastline,Public domain,2026-09-11,false,medium,natural_earth_coastline_4.1.0,version 4.1.0,0-1,distance from GeoNames anchor to nearest Natural Earth 1:10m coastline,Public domain,2026-09-11,false,medium,nasa_power_v2.9.7_1991_2020,1991-2020,0-1 calibrated index,NASA POWER source grid cell at GeoNames anchor,NASA open data; attribution requested,2026-09-11,false,medium,not_available_globally_comparable,not available,0-1,administrative city; boundary unavailable,n.a.,2026-09-11,true,unavailable,not_available_globally_comparable,not available,0-1,administrative city; boundary unavailable,n.a.,2026-09-11,true,unavailable,not_available_globally_comparable,not available,0-1,administrative city; boundary unavailable,n.a.,2026-09-11,true,unavailable,not_available_globally_comparable,not available,0-1,administrative city; boundary unavailable,n.a.,2026-09-11,true,unavailable,geonames_cities15000_20260911,daily dump downloaded 2026-09-11,GeoNames identifier and UTF-8 text,selected populated-place record,CC BY 4.0,2026-09-11,false,high,geonames_cities15000_20260911,daily dump downloaded 2026-09-11,"decimal degrees, WGS84",GeoNames populated-place point,CC BY 4.0,2026-09-11,false,high
52,2950159,Berlin,柏林,德国,DE,欧洲大陆,State of Berlin,52.52437,13.41053,Europe/Berlin,Berlin,2025-07-22,9.47,2.794444,595.345275,79.63,20.91,715.19524,0.167577,0.033676,0.814605,0,49.691265,40.320847,0.033601,142.13876,0.150291,0.709617,2821,1,1,0.263608,0.021994,0.339372,0.777275,0.167577,0.033676,0.814605,0.245363,0.033601,0.709617,0.150291,,,,,24,12,23,18,23,24.366187,11.763988,23.170639,17.726389,22.972797,25,11,23,18,23,24,12,23,18,23,medium,city-elements-v0.1.0,city-facts-2026-09-11-v1,cities100-2026-09-11-v1,GeoNames anchor; natural spatial fields use 30 km radius,all four fields unavailable; neutral response used,nasa_power_v2.9.7_1991_2020,1991-2020,degC,NASA POWER source grid cell at GeoNames anchor,NASA open data; attribution requested,2026-09-11,false,medium,nasa_power_v2.9.7_1991_2020,1991-2020,kWh/m2/day,NASA POWER source grid cell at GeoNames anchor,NASA open data; attribution requested,2026-09-11,false,medium,nasa_power_v2.9.7_1991_2020,1991-2020,mm/year,NASA POWER source grid cell at GeoNames anchor,NASA open data; attribution requested,2026-09-11,false,medium,nasa_power_v2.9.7_1991_2020,1991-2020,percent,NASA POWER source grid cell at GeoNames anchor,NASA open data; attribution requested,2026-09-11,false,medium,nasa_power_v2.9.7_1991_2020,1991-2020,degC,NASA POWER source grid cell at GeoNames anchor,NASA open data; attribution requested,2026-09-11,false,medium,fao56_aridity_derived,1991-2020,0-1; higher=drier,NASA POWER grid cell; FAO-56 monthly ETo using 30 km median elevation,Derived metric; source licences apply,2026-09-11,false,medium,esa_worldcover_2021_v200,2021,0-1,30 km radius; 1 km systematic grid; 80 m WorldCover overview,CC BY 4.0,2026-09-11,false,medium,esa_worldcover_2021_v200,2021,0-1,30 km radius; 1 km systematic grid; 80 m WorldCover overview,CC BY 4.0,2026-09-11,false,medium,copernicus_dem_glo90_2021,2021 release,m,30 km radius land pixels; 1 km systematic grid; 180 m DEM overview,Copernicus DEM GLO-90 free and open licence,2026-09-11,false,high,copernicus_dem_glo90_2021,2021 release,0-1,30 km radius land pixels; 1 km systematic grid; 180 m DEM overview,Copernicus DEM GLO-90 free and open licence,2026-09-11,false,high,copernicus_dem_glo90_2021,2021 release,m,30 km radius land pixels; 1 km systematic grid; 180 m DEM overview,Copernicus DEM GLO-90 free and open licence,2026-09-11,false,high,natural_earth_coastline_4.1.0,version 4.1.0,km,distance from GeoNames anchor to nearest Natural Earth 1:10m coastline,Public domain,2026-09-11,false,medium,natural_earth_coastline_4.1.0,version 4.1.0,0-1,distance from GeoNames anchor to nearest Natural Earth 1:10m coastline,Public domain,2026-09-11,false,medium,nasa_power_v2.9.7_1991_2020,1991-2020,0-1 calibrated index,NASA POWER source grid cell at GeoNames anchor,NASA open data; attribution requested,2026-09-11,false,medium,not_available_globally_comparable,not available,0-1,administrative city; boundary unavailable,n.a.,2026-09-11,true,unavailable,not_available_globally_comparable,not available,0-1,administrative city; boundary unavailable,n.a.,2026-09-11,true,unavailable,not_available_globally_comparable,not available,0-1,administrative city; boundary unavailable,n.a.,2026-09-11,true,unavailable,not_available_globally_comparable,not available,0-1,administrative city; boundary unavailable,n.a.,2026-09-11,true,unavailable,geonames_cities15000_20260911,daily dump downloaded 2026-09-11,GeoNames identifier and UTF-8 text,selected populated-place record,CC BY 4.0,2026-09-11,false,high,geonames_cities15000_20260911,daily dump downloaded 2026-09-11,"decimal degrees, WGS84",GeoNames populated-place point,CC BY 4.0,2026-09-11,false,high
53,2657896,Zurich,苏黎世,瑞士,CH,欧洲大陆,Zurich,47.36667,8.55,Europe/Zurich,Zürich,2026-04-13,8.86,3.380556,1274.696325,82.42,19.11,661.229574,0,0.054945,0.837646,0,503.888611,335.946167,0.279955,326.58963,0.012848,0.623875,2821,1,1,0.231403,0.230102,0.854872,0.856687,0,0.054945,0.837646,0.774812,0.279955,0.623875,0.012848,,,,,25,11,24,17,23,25.073122,11.095784,23.584552,16.742647,23.503895,25,11,24,16,24,25,12,23,17,23,medium,city-elements-v0.1.0,city-facts-2026-09-11-v1,cities100-2026-09-11-v1,GeoNames anchor; natural spatial fields use 30 km radius,all four fields unavailable; neutral response used,nasa_power_v2.9.7_1991_2020,1991-2020,degC,NASA POWER source grid cell at GeoNames anchor,NASA open data; attribution requested,2026-09-11,false,medium,nasa_power_v2.9.7_1991_2020,1991-2020,kWh/m2/day,NASA POWER source grid cell at GeoNames anchor,NASA open data; attribution requested,2026-09-11,false,medium,nasa_power_v2.9.7_1991_2020,1991-2020,mm/year,NASA POWER source grid cell at GeoNames anchor,NASA open data; attribution requested,2026-09-11,false,medium,nasa_power_v2.9.7_1991_2020,1991-2020,percent,NASA POWER source grid cell at GeoNames anchor,NASA open data; attribution requested,2026-09-11,false,medium,nasa_power_v2.9.7_1991_2020,1991-2020,degC,NASA POWER source grid cell at GeoNames anchor,NASA open data; attribution requested,2026-09-11,false,medium,fao56_aridity_derived,1991-2020,0-1; higher=drier,NASA POWER grid cell; FAO-56 monthly ETo using 30 km median elevation,Derived metric; source licences apply,2026-09-11,false,medium,esa_worldcover_2021_v200,2021,0-1,30 km radius; 1 km systematic grid; 80 m WorldCover overview,CC BY 4.0,2026-09-11,false,medium,esa_worldcover_2021_v200,2021,0-1,30 km radius; 1 km systematic grid; 80 m WorldCover overview,CC BY 4.0,2026-09-11,false,medium,copernicus_dem_glo90_2021,2021 release,m,30 km radius land pixels; 1 km systematic grid; 180 m DEM overview,Copernicus DEM GLO-90 free and open licence,2026-09-11,false,high,copernicus_dem_glo90_2021,2021 release,0-1,30 km radius land pixels; 1 km systematic grid; 180 m DEM overview,Copernicus DEM GLO-90 free and open licence,2026-09-11,false,high,copernicus_dem_glo90_2021,2021 release,m,30 km radius land pixels; 1 km systematic grid; 180 m DEM overview,Copernicus DEM GLO-90 free and open licence,2026-09-11,false,high,natural_earth_coastline_4.1.0,version 4.1.0,km,distance from GeoNames anchor to nearest Natural Earth 1:10m coastline,Public domain,2026-09-11,false,medium,natural_earth_coastline_4.1.0,version 4.1.0,0-1,distance from GeoNames anchor to nearest Natural Earth 1:10m coastline,Public domain,2026-09-11,false,medium,nasa_power_v2.9.7_1991_2020,1991-2020,0-1 calibrated index,NASA POWER source grid cell at GeoNames anchor,NASA open data; attribution requested,2026-09-11,false,medium,not_available_globally_comparable,not available,0-1,administrative city; boundary unavailable,n.a.,2026-09-11,true,unavailable,not_available_globally_comparable,not available,0-1,administrative city; boundary unavailable,n.a.,2026-09-11,true,unavailable,not_available_globally_comparable,not available,0-1,administrative city; boundary unavailable,n.a.,2026-09-11,true,unavailable,not_available_globally_comparable,not available,0-1,administrative city; boundary unavailable,n.a.,2026-09-11,true,unavailable,geonames_cities15000_20260911,daily dump downloaded 2026-09-11,GeoNames identifier and UTF-8 text,selected populated-place record,CC BY 4.0,2026-09-11,false,high,geonames_cities15000_20260911,daily dump downloaded 2026-09-11,"decimal degrees, WGS84",GeoNames populated-place point,CC BY 4.0,2026-09-11,false,high
54,2761369,Vienna,维也纳,奥地利,AT,欧洲大陆,Vienna,48.20849,16.37208,Europe/Vienna,Vienna,2025-11-01,9.45,3.263889,723.18015,76.83,22.38,764.186469,0.05366,0.018788,0.86565,0,192.670609,251.54361,0.20962,341.820996,0.010487,0.779641,2821,1,1,0.262552,0.188677,0.471035,0.697578,0.05366,0.018788,0.86565,0.554108,0.20962,0.779641,0.010487,,,,,25,12,24,18,21,24.809912,11.700725,24.448341,17.62315,21.417872,25,11,25,17,22,25,12,24,18,21,medium,city-elements-v0.1.0,city-facts-2026-09-11-v1,cities100-2026-09-11-v1,GeoNames anchor; natural spatial fields use 30 km radius,all four fields unavailable; neutral response used,nasa_power_v2.9.7_1991_2020,1991-2020,degC,NASA POWER source grid cell at GeoNames anchor,NASA open data; attribution requested,2026-09-11,false,medium,nasa_power_v2.9.7_1991_2020,1991-2020,kWh/m2/day,NASA POWER source grid cell at GeoNames anchor,NASA open data; attribution requested,2026-09-11,false,medium,nasa_power_v2.9.7_1991_2020,1991-2020,mm/year,NASA POWER source grid cell at GeoNames anchor,NASA open data; attribution requested,2026-09-11,false,medium,nasa_power_v2.9.7_1991_2020,1991-2020,percent,NASA POWER source grid cell at GeoNames anchor,NASA open data; attribution requested,2026-09-11,false,medium,nasa_power_v2.9.7_1991_2020,1991-2020,degC,NASA POWER source grid cell at GeoNames anchor,NASA open data; attribution requested,2026-09-11,false,medium,fao56_aridity_derived,1991-2020,0-1; higher=drier,NASA POWER grid cell; FAO-56 monthly ETo using 30 km median elevation,Derived metric; source licences apply,2026-09-11,false,medium,esa_worldcover_2021_v200,2021,0-1,30 km radius; 1 km systematic grid; 80 m WorldCover overview,CC BY 4.0,2026-09-11,false,medium,esa_worldcover_2021_v200,2021,0-1,30 km radius; 1 km systematic grid; 80 m WorldCover overview,CC BY 4.0,2026-09-11,false,medium,copernicus_dem_glo90_2021,2021 release,m,30 km radius land pixels; 1 km systematic grid; 180 m DEM overview,Copernicus DEM GLO-90 free and open licence,2026-09-11,false,high,copernicus_dem_glo90_2021,2021 release,0-1,30 km radius land pixels; 1 km systematic grid; 180 m DEM overview,Copernicus DEM GLO-90 free and open licence,2026-09-11,false,high,copernicus_dem_glo90_2021,2021 release,m,30 km radius land pixels; 1 km systematic grid; 180 m DEM overview,Copernicus DEM GLO-90 free and open licence,2026-09-11,false,high,natural_earth_coastline_4.1.0,version 4.1.0,km,distance from GeoNames anchor to nearest Natural Earth 1:10m coastline,Public domain,2026-09-11,false,medium,natural_earth_coastline_4.1.0,version 4.1.0,0-1,distance from GeoNames anchor to nearest Natural Earth 1:10m coastline,Public domain,2026-09-11,false,medium,nasa_power_v2.9.7_1991_2020,1991-2020,0-1 calibrated index,NASA POWER source grid cell at GeoNames anchor,NASA open data; attribution requested,2026-09-11,false,medium,not_available_globally_comparable,not available,0-1,administrative city; boundary unavailable,n.a.,2026-09-11,true,unavailable,not_available_globally_comparable,not available,0-1,administrative city; boundary unavailable,n.a.,2026-09-11,true,unavailable,not_available_globally_comparable,not available,0-1,administrative city; boundary unavailable,n.a.,2026-09-11,true,unavailable,not_available_globally_comparable,not available,0-1,administrative city; boundary unavailable,n.a.,2026-09-11,true,unavailable,geonames_cities15000_20260911,daily dump downloaded 2026-09-11,GeoNames identifier and UTF-8 text,selected populated-place record,CC BY 4.0,2026-09-11,false,high,geonames_cities15000_20260911,daily dump downloaded 2026-09-11,"decimal degrees, WGS84",GeoNames populated-place point,CC BY 4.0,2026-09-11,false,high
55,3173435,Milan,米兰,意大利,IT,欧洲大陆,Lombardy,45.46427,9.18951,Europe/Rome,Milan,2026-04-01,13.17,3.747222,989.807175,72,21.05,846.252042,0,0.006381,0.730592,0,120.076431,154.619049,0.128849,118.612789,0.205666,0.716286,2821,1,1,0.458951,0.360292,0.683546,0.5601,0,0.006381,0.730592,0.44591,0.128849,0.716286,0.205666,,,,,26,13,24,17,20,25.717006,13.042727,24.329288,16.820935,20.090043,26,13,24,17,20,25,14,24,17,20,medium,city-elements-v0.1.0,city-facts-2026-09-11-v1,cities100-2026-09-11-v1,GeoNames anchor; natural spatial fields use 30 km radius,all four fields unavailable; neutral response used,nasa_power_v2.9.7_1991_2020,1991-2020,degC,NASA POWER source grid cell at GeoNames anchor,NASA open data; attribution requested,2026-09-11,false,medium,nasa_power_v2.9.7_1991_2020,1991-2020,kWh/m2/day,NASA POWER source grid cell at GeoNames anchor,NASA open data; attribution requested,2026-09-11,false,medium,nasa_power_v2.9.7_1991_2020,1991-2020,mm/year,NASA POWER source grid cell at GeoNames anchor,NASA open data; attribution requested,2026-09-11,false,medium,nasa_power_v2.9.7_1991_2020,1991-2020,percent,NASA POWER source grid cell at GeoNames anchor,NASA open data; attribution requested,2026-09-11,false,medium,nasa_power_v2.9.7_1991_2020,1991-2020,degC,NASA POWER source grid cell at GeoNames anchor,NASA open data; attribution requested,2026-09-11,false,medium,fao56_aridity_derived,1991-2020,0-1; higher=drier,NASA POWER grid cell; FAO-56 monthly ETo using 30 km median elevation,Derived metric; source licences apply,2026-09-11,false,medium,esa_worldcover_2021_v200,2021,0-1,30 km radius; 1 km systematic grid; 80 m WorldCover overview,CC BY 4.0,2026-09-11,false,medium,esa_worldcover_2021_v200,2021,0-1,30 km radius; 1 km systematic grid; 80 m WorldCover overview,CC BY 4.0,2026-09-11,false,medium,copernicus_dem_glo90_2021,2021 release,m,30 km radius land pixels; 1 km systematic grid; 180 m DEM overview,Copernicus DEM GLO-90 free and open licence,2026-09-11,false,high,copernicus_dem_glo90_2021,2021 release,0-1,30 km radius land pixels; 1 km systematic grid; 180 m DEM overview,Copernicus DEM GLO-90 free and open licence,2026-09-11,false,high,copernicus_dem_glo90_2021,2021 release,m,30 km radius land pixels; 1 km systematic grid; 180 m DEM overview,Copernicus DEM GLO-90 free and open licence,2026-09-11,false,high,natural_earth_coastline_4.1.0,version 4.1.0,km,distance from GeoNames anchor to nearest Natural Earth 1:10m coastline,Public domain,2026-09-11,false,medium,natural_earth_coastline_4.1.0,version 4.1.0,0-1,distance from GeoNames anchor to nearest Natural Earth 1:10m coastline,Public domain,2026-09-11,false,medium,nasa_power_v2.9.7_1991_2020,1991-2020,0-1 calibrated index,NASA POWER source grid cell at GeoNames anchor,NASA open data; attribution requested,2026-09-11,false,medium,not_available_globally_comparable,not available,0-1,administrative city; boundary unavailable,n.a.,2026-09-11,true,unavailable,not_available_globally_comparable,not available,0-1,administrative city; boundary unavailable,n.a.,2026-09-11,true,unavailable,not_available_globally_comparable,not available,0-1,administrative city; boundary unavailable,n.a.,2026-09-11,true,unavailable,not_available_globally_comparable,not available,0-1,administrative city; boundary unavailable,n.a.,2026-09-11,true,unavailable,geonames_cities15000_20260911,daily dump downloaded 2026-09-11,GeoNames identifier and UTF-8 text,selected populated-place record,CC BY 4.0,2026-09-11,false,high,geonames_cities15000_20260911,daily dump downloaded 2026-09-11,"decimal degrees, WGS84",GeoNames populated-place point,CC BY 4.0,2026-09-11,false,high
56,3128760,Barcelona,巴塞罗那,西班牙,ES,欧洲大陆,Catalonia,41.38879,2.15899,Europe/Madrid,Barcelona,2026-05-20,15.43,4.316667,518.64435,69.8,17.14,1105.124089,0.530691,0.010989,0.392414,0.447005,170.90892,390.157954,0.325132,4.151779,0.946147,0.530034,2821,1,1,0.578269,0.562482,0.24604,0.497481,0.530691,0.010989,0.392414,0.526653,0.325132,0.530034,0.946147,,,,,23,16,27,17,17,22.733487,15.70008,26.627679,17.571856,17.366898,23,16,27,17,17,23,16,26,18,17,medium,city-elements-v0.1.0,city-facts-2026-09-11-v1,cities100-2026-09-11-v1,GeoNames anchor; natural spatial fields use 30 km radius,all four fields unavailable; neutral response used,nasa_power_v2.9.7_1991_2020,1991-2020,degC,NASA POWER source grid cell at GeoNames anchor,NASA open data; attribution requested,2026-09-11,false,medium,nasa_power_v2.9.7_1991_2020,1991-2020,kWh/m2/day,NASA POWER source grid cell at GeoNames anchor,NASA open data; attribution requested,2026-09-11,false,medium,nasa_power_v2.9.7_1991_2020,1991-2020,mm/year,NASA POWER source grid cell at GeoNames anchor,NASA open data; attribution requested,2026-09-11,false,medium,nasa_power_v2.9.7_1991_2020,1991-2020,percent,NASA POWER source grid cell at GeoNames anchor,NASA open data; attribution requested,2026-09-11,false,medium,nasa_power_v2.9.7_1991_2020,1991-2020,degC,NASA POWER source grid cell at GeoNames anchor,NASA open data; attribution requested,2026-09-11,false,medium,fao56_aridity_derived,1991-2020,0-1; higher=drier,NASA POWER grid cell; FAO-56 monthly ETo using 30 km median elevation,Derived metric; source licences apply,2026-09-11,false,medium,esa_worldcover_2021_v200,2021,0-1,30 km radius; 1 km systematic grid; 80 m WorldCover overview,CC BY 4.0,2026-09-11,false,medium,esa_worldcover_2021_v200,2021,0-1,30 km radius; 1 km systematic grid; 80 m WorldCover overview,CC BY 4.0,2026-09-11,false,medium,copernicus_dem_glo90_2021,2021 release,m,30 km radius land pixels; 1 km systematic grid; 180 m DEM overview,Copernicus DEM GLO-90 free and open licence,2026-09-11,false,high,copernicus_dem_glo90_2021,2021 release,0-1,30 km radius land pixels; 1 km systematic grid; 180 m DEM overview,Copernicus DEM GLO-90 free and open licence,2026-09-11,false,high,copernicus_dem_glo90_2021,2021 release,m,30 km radius land pixels; 1 km systematic grid; 180 m DEM overview,Copernicus DEM GLO-90 free and open licence,2026-09-11,false,high,natural_earth_coastline_4.1.0,version 4.1.0,km,distance from GeoNames anchor to nearest Natural Earth 1:10m coastline,Public domain,2026-09-11,false,medium,natural_earth_coastline_4.1.0,version 4.1.0,0-1,distance from GeoNames anchor to nearest Natural Earth 1:10m coastline,Public domain,2026-09-11,false,medium,nasa_power_v2.9.7_1991_2020,1991-2020,0-1 calibrated index,NASA POWER source grid cell at GeoNames anchor,NASA open data; attribution requested,2026-09-11,false,medium,not_available_globally_comparable,not available,0-1,administrative city; boundary unavailable,n.a.,2026-09-11,true,unavailable,not_available_globally_comparable,not available,0-1,administrative city; boundary unavailable,n.a.,2026-09-11,true,unavailable,not_available_globally_comparable,not available,0-1,administrative city; boundary unavailable,n.a.,2026-09-11,true,unavailable,not_available_globally_comparable,not available,0-1,administrative city; boundary unavailable,n.a.,2026-09-11,true,unavailable,geonames_cities15000_20260911,daily dump downloaded 2026-09-11,GeoNames identifier and UTF-8 text,selected populated-place record,CC BY 4.0,2026-09-11,false,high,geonames_cities15000_20260911,daily dump downloaded 2026-09-11,"decimal degrees, WGS84",GeoNames populated-place point,CC BY 4.0,2026-09-11,false,high
57,3117735,Madrid,马德里,西班牙,ES,欧洲大陆,Madrid,40.4165,-3.70256,Europe/Madrid,Madrid,2026-02-23,13.29,4.672222,445.59585,63,21.47,1242.156069,0.641272,0.00319,0.766749,0,647.661011,152.76123,0.127301,305.495639,0.017022,0.736293,2821,1,1,0.465287,0.688727,0.143344,0.303931,0.641272,0.00319,0.766749,0.832528,0.127301,0.736293,0.017022,,,,,23,16,28,19,14,22.70357,15.816938,27.826212,19.335561,14.317719,23,16,28,19,14,23,16,27,19,15,medium,city-elements-v0.1.0,city-facts-2026-09-11-v1,cities100-2026-09-11-v1,GeoNames anchor; natural spatial fields use 30 km radius,all four fields unavailable; neutral response used,nasa_power_v2.9.7_1991_2020,1991-2020,degC,NASA POWER source grid cell at GeoNames anchor,NASA open data; attribution requested,2026-09-11,false,medium,nasa_power_v2.9.7_1991_2020,1991-2020,kWh/m2/day,NASA POWER source grid cell at GeoNames anchor,NASA open data; attribution requested,2026-09-11,false,medium,nasa_power_v2.9.7_1991_2020,1991-2020,mm/year,NASA POWER source grid cell at GeoNames anchor,NASA open data; attribution requested,2026-09-11,false,medium,nasa_power_v2.9.7_1991_2020,1991-2020,percent,NASA POWER source grid cell at GeoNames anchor,NASA open data; attribution requested,2026-09-11,false,medium,nasa_power_v2.9.7_1991_2020,1991-2020,degC,NASA POWER source grid cell at GeoNames anchor,NASA open data; attribution requested,2026-09-11,false,medium,fao56_aridity_derived,1991-2020,0-1; higher=drier,NASA POWER grid cell; FAO-56 monthly ETo using 30 km median elevation,Derived metric; source licences apply,2026-09-11,false,medium,esa_worldcover_2021_v200,2021,0-1,30 km radius; 1 km systematic grid; 80 m WorldCover overview,CC BY 4.0,2026-09-11,false,medium,esa_worldcover_2021_v200,2021,0-1,30 km radius; 1 km systematic grid; 80 m WorldCover overview,CC BY 4.0,2026-09-11,false,medium,copernicus_dem_glo90_2021,2021 release,m,30 km radius land pixels; 1 km systematic grid; 180 m DEM overview,Copernicus DEM GLO-90 free and open licence,2026-09-11,false,high,copernicus_dem_glo90_2021,2021 release,0-1,30 km radius land pixels; 1 km systematic grid; 180 m DEM overview,Copernicus DEM GLO-90 free and open licence,2026-09-11,false,high,copernicus_dem_glo90_2021,2021 release,m,30 km radius land pixels; 1 km systematic grid; 180 m DEM overview,Copernicus DEM GLO-90 free and open licence,2026-09-11,false,high,natural_earth_coastline_4.1.0,version 4.1.0,km,distance from GeoNames anchor to nearest Natural Earth 1:10m coastline,Public domain,2026-09-11,false,medium,natural_earth_coastline_4.1.0,version 4.1.0,0-1,distance from GeoNames anchor to nearest Natural Earth 1:10m coastline,Public domain,2026-09-11,false,medium,nasa_power_v2.9.7_1991_2020,1991-2020,0-1 calibrated index,NASA POWER source grid cell at GeoNames anchor,NASA open data; attribution requested,2026-09-11,false,medium,not_available_globally_comparable,not available,0-1,administrative city; boundary unavailable,n.a.,2026-09-11,true,unavailable,not_available_globally_comparable,not available,0-1,administrative city; boundary unavailable,n.a.,2026-09-11,true,unavailable,not_available_globally_comparable,not available,0-1,administrative city; boundary unavailable,n.a.,2026-09-11,true,unavailable,not_available_globally_comparable,not available,0-1,administrative city; boundary unavailable,n.a.,2026-09-11,true,unavailable,geonames_cities15000_20260911,daily dump downloaded 2026-09-11,GeoNames identifier and UTF-8 text,selected populated-place record,CC BY 4.0,2026-09-11,false,high,geonames_cities15000_20260911,daily dump downloaded 2026-09-11,"decimal degrees, WGS84",GeoNames populated-place point,CC BY 4.0,2026-09-11,false,high
58,2267057,Lisbon,里斯本,葡萄牙,PT,欧洲大陆,Lisbon,38.72509,-9.1498,Europe/Lisbon,Lisbon,2026-02-23,16.56,4.775,566.125875,80.29,7.68,1050.698869,0.461191,0.03793,0.583127,0.253456,68.377995,230.174832,0.191812,2.127756,0.972029,0.079407,2821,1,1,0.637928,0.725219,0.305314,0.796061,0.461191,0.03793,0.583127,0.317647,0.191812,0.079407,0.972029,,,,,24,16,24,16,20,23.833587,16.48598,23.526332,16.079555,20.074546,24,16,24,16,20,24,17,23,16,20,medium,city-elements-v0.1.0,city-facts-2026-09-11-v1,cities100-2026-09-11-v1,GeoNames anchor; natural spatial fields use 30 km radius,all four fields unavailable; neutral response used,nasa_power_v2.9.7_1991_2020,1991-2020,degC,NASA POWER source grid cell at GeoNames anchor,NASA open data; attribution requested,2026-09-11,false,medium,nasa_power_v2.9.7_1991_2020,1991-2020,kWh/m2/day,NASA POWER source grid cell at GeoNames anchor,NASA open data; attribution requested,2026-09-11,false,medium,nasa_power_v2.9.7_1991_2020,1991-2020,mm/year,NASA POWER source grid cell at GeoNames anchor,NASA open data; attribution requested,2026-09-11,false,medium,nasa_power_v2.9.7_1991_2020,1991-2020,percent,NASA POWER source grid cell at GeoNames anchor,NASA open data; attribution requested,2026-09-11,false,medium,nasa_power_v2.9.7_1991_2020,1991-2020,degC,NASA POWER source grid cell at GeoNames anchor,NASA open data; attribution requested,2026-09-11,false,medium,fao56_aridity_derived,1991-2020,0-1; higher=drier,NASA POWER grid cell; FAO-56 monthly ETo using 30 km median elevation,Derived metric; source licences apply,2026-09-11,false,medium,esa_worldcover_2021_v200,2021,0-1,30 km radius; 1 km systematic grid; 80 m WorldCover overview,CC BY 4.0,2026-09-11,false,medium,esa_worldcover_2021_v200,2021,0-1,30 km radius; 1 km systematic grid; 80 m WorldCover overview,CC BY 4.0,2026-09-11,false,medium,copernicus_dem_glo90_2021,2021 release,m,30 km radius land pixels; 1 km systematic grid; 180 m DEM overview,Copernicus DEM GLO-90 free and open licence,2026-09-11,false,high,copernicus_dem_glo90_2021,2021 release,0-1,30 km radius land pixels; 1 km systematic grid; 180 m DEM overview,Copernicus DEM GLO-90 free and open licence,2026-09-11,false,high,copernicus_dem_glo90_2021,2021 release,m,30 km radius land pixels; 1 km systematic grid; 180 m DEM overview,Copernicus DEM GLO-90 free and open licence,2026-09-11,false,high,natural_earth_coastline_4.1.0,version 4.1.0,km,distance from GeoNames anchor to nearest Natural Earth 1:10m coastline,Public domain,2026-09-11,false,medium,natural_earth_coastline_4.1.0,version 4.1.0,0-1,distance from GeoNames anchor to nearest Natural Earth 1:10m coastline,Public domain,2026-09-11,false,medium,nasa_power_v2.9.7_1991_2020,1991-2020,0-1 calibrated index,NASA POWER source grid cell at GeoNames anchor,NASA open data; attribution requested,2026-09-11,false,medium,not_available_globally_comparable,not available,0-1,administrative city; boundary unavailable,n.a.,2026-09-11,true,unavailable,not_available_globally_comparable,not available,0-1,administrative city; boundary unavailable,n.a.,2026-09-11,true,unavailable,not_available_globally_comparable,not available,0-1,administrative city; boundary unavailable,n.a.,2026-09-11,true,unavailable,not_available_globally_comparable,not available,0-1,administrative city; boundary unavailable,n.a.,2026-09-11,true,unavailable,geonames_cities15000_20260911,daily dump downloaded 2026-09-11,GeoNames identifier and UTF-8 text,selected populated-place record,CC BY 4.0,2026-09-11,false,high,geonames_cities15000_20260911,daily dump downloaded 2026-09-11,"decimal degrees, WGS84",GeoNames populated-place point,CC BY 4.0,2026-09-11,false,high
59,3169070,Rome,罗马,意大利,IT,欧洲大陆,Lazio,41.89193,12.51133,Europe/Rome,Rome,2025-07-22,15.78,4.475,748.747125,70.33,19.07,1149.370121,0.348559,0.008508,0.794045,0.043247,85.137695,298.082523,0.248402,25.228129,0.714355,0.621969,2821,1,1,0.596748,0.6187,0.494556,0.512567,0.348559,0.008508,0.794045,0.367486,0.248402,0.621969,0.714355,,,,,26,15,25,16,18,25.729398,15.451964,24.743691,16.249879,17.825067,26,15,25,16,18,25,16,24,17,18,medium,city-elements-v0.1.0,city-facts-2026-09-11-v1,cities100-2026-09-11-v1,GeoNames anchor; natural spatial fields use 30 km radius,all four fields unavailable; neutral response used,nasa_power_v2.9.7_1991_2020,1991-2020,degC,NASA POWER source grid cell at GeoNames anchor,NASA open data; attribution requested,2026-09-11,false,medium,nasa_power_v2.9.7_1991_2020,1991-2020,kWh/m2/day,NASA POWER source grid cell at GeoNames anchor,NASA open data; attribution requested,2026-09-11,false,medium,nasa_power_v2.9.7_1991_2020,1991-2020,mm/year,NASA POWER source grid cell at GeoNames anchor,NASA open data; attribution requested,2026-09-11,false,medium,nasa_power_v2.9.7_1991_2020,1991-2020,percent,NASA POWER source grid cell at GeoNames anchor,NASA open data; attribution requested,2026-09-11,false,medium,nasa_power_v2.9.7_1991_2020,1991-2020,degC,NASA POWER source grid cell at GeoNames anchor,NASA open data; attribution requested,2026-09-11,false,medium,fao56_aridity_derived,1991-2020,0-1; higher=drier,NASA POWER grid cell; FAO-56 monthly ETo using 30 km median elevation,Derived metric; source licences apply,2026-09-11,false,medium,esa_worldcover_2021_v200,2021,0-1,30 km radius; 1 km systematic grid; 80 m WorldCover overview,CC BY 4.0,2026-09-11,false,medium,esa_worldcover_2021_v200,2021,0-1,30 km radius; 1 km systematic grid; 80 m WorldCover overview,CC BY 4.0,2026-09-11,false,medium,copernicus_dem_glo90_2021,2021 release,m,30 km radius land pixels; 1 km systematic grid; 180 m DEM overview,Copernicus DEM GLO-90 free and open licence,2026-09-11,false,high,copernicus_dem_glo90_2021,2021 release,0-1,30 km radius land pixels; 1 km systematic grid; 180 m DEM overview,Copernicus DEM GLO-90 free and open licence,2026-09-11,false,high,copernicus_dem_glo90_2021,2021 release,m,30 km radius land pixels; 1 km systematic grid; 180 m DEM overview,Copernicus DEM GLO-90 free and open licence,2026-09-11,false,high,natural_earth_coastline_4.1.0,version 4.1.0,km,distance from GeoNames anchor to nearest Natural Earth 1:10m coastline,Public domain,2026-09-11,false,medium,natural_earth_coastline_4.1.0,version 4.1.0,0-1,distance from GeoNames anchor to nearest Natural Earth 1:10m coastline,Public domain,2026-09-11,false,medium,nasa_power_v2.9.7_1991_2020,1991-2020,0-1 calibrated index,NASA POWER source grid cell at GeoNames anchor,NASA open data; attribution requested,2026-09-11,false,medium,not_available_globally_comparable,not available,0-1,administrative city; boundary unavailable,n.a.,2026-09-11,true,unavailable,not_available_globally_comparable,not available,0-1,administrative city; boundary unavailable,n.a.,2026-09-11,true,unavailable,not_available_globally_comparable,not available,0-1,administrative city; boundary unavailable,n.a.,2026-09-11,true,unavailable,not_available_globally_comparable,not available,0-1,administrative city; boundary unavailable,n.a.,2026-09-11,true,unavailable,geonames_cities15000_20260911,daily dump downloaded 2026-09-11,GeoNames identifier and UTF-8 text,selected populated-place record,CC BY 4.0,2026-09-11,false,high,geonames_cities15000_20260911,daily dump downloaded 2026-09-11,"decimal degrees, WGS84",GeoNames populated-place point,CC BY 4.0,2026-09-11,false,high
60,264371,Athens,雅典,希腊,GR,欧洲大陆,Attica,37.98376,23.72784,Europe/Athens,Athens,2026-03-11,17.64,4.788889,478.467675,68.16,18.18,1383.073159,0.654055,0.014179,0.515775,0.311946,205.968262,589.491398,0.491243,5.607282,0.927963,0.579574,2821,1,1,0.694947,0.730151,0.19149,0.450801,0.654055,0.014179,0.515775,0.569404,0.491243,0.579574,0.927963,,,,,22,17,27,18,16,22.046811,17.296016,26.670269,17.537332,16.449571,22,17,27,18,16,22,17,26,18,17,medium,city-elements-v0.1.0,city-facts-2026-09-11-v1,cities100-2026-09-11-v1,GeoNames anchor; natural spatial fields use 30 km radius,all four fields unavailable; neutral response used,nasa_power_v2.9.7_1991_2020,1991-2020,degC,NASA POWER source grid cell at GeoNames anchor,NASA open data; attribution requested,2026-09-11,false,medium,nasa_power_v2.9.7_1991_2020,1991-2020,kWh/m2/day,NASA POWER source grid cell at GeoNames anchor,NASA open data; attribution requested,2026-09-11,false,medium,nasa_power_v2.9.7_1991_2020,1991-2020,mm/year,NASA POWER source grid cell at GeoNames anchor,NASA open data; attribution requested,2026-09-11,false,medium,nasa_power_v2.9.7_1991_2020,1991-2020,percent,NASA POWER source grid cell at GeoNames anchor,NASA open data; attribution requested,2026-09-11,false,medium,nasa_power_v2.9.7_1991_2020,1991-2020,degC,NASA POWER source grid cell at GeoNames anchor,NASA open data; attribution requested,2026-09-11,false,medium,fao56_aridity_derived,1991-2020,0-1; higher=drier,NASA POWER grid cell; FAO-56 monthly ETo using 30 km median elevation,Derived metric; source licences apply,2026-09-11,false,medium,esa_worldcover_2021_v200,2021,0-1,30 km radius; 1 km systematic grid; 80 m WorldCover overview,CC BY 4.0,2026-09-11,false,medium,esa_worldcover_2021_v200,2021,0-1,30 km radius; 1 km systematic grid; 80 m WorldCover overview,CC BY 4.0,2026-09-11,false,medium,copernicus_dem_glo90_2021,2021 release,m,30 km radius land pixels; 1 km systematic grid; 180 m DEM overview,Copernicus DEM GLO-90 free and open licence,2026-09-11,false,high,copernicus_dem_glo90_2021,2021 release,0-1,30 km radius land pixels; 1 km systematic grid; 180 m DEM overview,Copernicus DEM GLO-90 free and open licence,2026-09-11,false,high,copernicus_dem_glo90_2021,2021 release,m,30 km radius land pixels; 1 km systematic grid; 180 m DEM overview,Copernicus DEM GLO-90 free and open licence,2026-09-11,false,high,natural_earth_coastline_4.1.0,version 4.1.0,km,distance from GeoNames anchor to nearest Natural Earth 1:10m coastline,Public domain,2026-09-11,false,medium,natural_earth_coastline_4.1.0,version 4.1.0,0-1,distance from GeoNames anchor to nearest Natural Earth 1:10m coastline,Public domain,2026-09-11,false,medium,nasa_power_v2.9.7_1991_2020,1991-2020,0-1 calibrated index,NASA POWER source grid cell at GeoNames anchor,NASA open data; attribution requested,2026-09-11,false,medium,not_available_globally_comparable,not available,0-1,administrative city; boundary unavailable,n.a.,2026-09-11,true,unavailable,not_available_globally_comparable,not available,0-1,administrative city; boundary unavailable,n.a.,2026-09-11,true,unavailable,not_available_globally_comparable,not available,0-1,administrative city; boundary unavailable,n.a.,2026-09-11,true,unavailable,not_available_globally_comparable,not available,0-1,administrative city; boundary unavailable,n.a.,2026-09-11,true,unavailable,geonames_cities15000_20260911,daily dump downloaded 2026-09-11,GeoNames identifier and UTF-8 text,selected populated-place record,CC BY 4.0,2026-09-11,false,high,geonames_cities15000_20260911,daily dump downloaded 2026-09-11,"decimal degrees, WGS84",GeoNames populated-place point,CC BY 4.0,2026-09-11,false,high
61,3143244,Oslo,奥斯陆,挪威,NO,欧洲大陆,Oslo,59.91273,10.74609,Europe/Oslo,Oslo,2024-08-27,4.45,2.663889,1015.37415,88.73,21.74,422.984213,0,0.075505,0.812832,0.070897,198.451721,349.467033,0.291223,1.949478,0.974342,0.749154,2821,1,1,0,0,0.700817,1,0,0.075505,0.812832,0.560883,0.291223,0.749154,0.974342,,,,,24,10,21,16,29,24.049925,9.402031,21.136549,16.317815,29.09368,24,9,21,16,30,24,10,21,16,29,medium,city-elements-v0.1.0,city-facts-2026-09-11-v1,cities100-2026-09-11-v1,GeoNames anchor; natural spatial fields use 30 km radius,all four fields unavailable; neutral response used,nasa_power_v2.9.7_1991_2020,1991-2020,degC,NASA POWER source grid cell at GeoNames anchor,NASA open data; attribution requested,2026-09-11,false,medium,nasa_power_v2.9.7_1991_2020,1991-2020,kWh/m2/day,NASA POWER source grid cell at GeoNames anchor,NASA open data; attribution requested,2026-09-11,false,medium,nasa_power_v2.9.7_1991_2020,1991-2020,mm/year,NASA POWER source grid cell at GeoNames anchor,NASA open data; attribution requested,2026-09-11,false,medium,nasa_power_v2.9.7_1991_2020,1991-2020,percent,NASA POWER source grid cell at GeoNames anchor,NASA open data; attribution requested,2026-09-11,false,medium,nasa_power_v2.9.7_1991_2020,1991-2020,degC,NASA POWER source grid cell at GeoNames anchor,NASA open data; attribution requested,2026-09-11,false,medium,fao56_aridity_derived,1991-2020,0-1; higher=drier,NASA POWER grid cell; FAO-56 monthly ETo using 30 km median elevation,Derived metric; source licences apply,2026-09-11,false,medium,esa_worldcover_2021_v200,2021,0-1,30 km radius; 1 km systematic grid; 80 m WorldCover overview,CC BY 4.0,2026-09-11,false,medium,esa_worldcover_2021_v200,2021,0-1,30 km radius; 1 km systematic grid; 80 m WorldCover overview,CC BY 4.0,2026-09-11,false,medium,copernicus_dem_glo90_2021,2021 release,m,30 km radius land pixels; 1 km systematic grid; 180 m DEM overview,Copernicus DEM GLO-90 free and open licence,2026-09-11,false,high,copernicus_dem_glo90_2021,2021 release,0-1,30 km radius land pixels; 1 km systematic grid; 180 m DEM overview,Copernicus DEM GLO-90 free and open licence,2026-09-11,false,high,copernicus_dem_glo90_2021,2021 release,m,30 km radius land pixels; 1 km systematic grid; 180 m DEM overview,Copernicus DEM GLO-90 free and open licence,2026-09-11,false,high,natural_earth_coastline_4.1.0,version 4.1.0,km,distance from GeoNames anchor to nearest Natural Earth 1:10m coastline,Public domain,2026-09-11,false,medium,natural_earth_coastline_4.1.0,version 4.1.0,0-1,distance from GeoNames anchor to nearest Natural Earth 1:10m coastline,Public domain,2026-09-11,false,medium,nasa_power_v2.9.7_1991_2020,1991-2020,0-1 calibrated index,NASA POWER source grid cell at GeoNames anchor,NASA open data; attribution requested,2026-09-11,false,medium,not_available_globally_comparable,not available,0-1,administrative city; boundary unavailable,n.a.,2026-09-11,true,unavailable,not_available_globally_comparable,not available,0-1,administrative city; boundary unavailable,n.a.,2026-09-11,true,unavailable,not_available_globally_comparable,not available,0-1,administrative city; boundary unavailable,n.a.,2026-09-11,true,unavailable,not_available_globally_comparable,not available,0-1,administrative city; boundary unavailable,n.a.,2026-09-11,true,unavailable,geonames_cities15000_20260911,daily dump downloaded 2026-09-11,GeoNames identifier and UTF-8 text,selected populated-place record,CC BY 4.0,2026-09-11,false,high,geonames_cities15000_20260911,daily dump downloaded 2026-09-11,"decimal degrees, WGS84",GeoNames populated-place point,CC BY 4.0,2026-09-11,false,high
62,2673730,Stockholm,斯德哥尔摩,瑞典,SE,欧洲大陆,Stockholm,59.32938,18.06871,Europe/Stockholm,Stockholm,2024-06-20,6.56,2.783333,675.698625,85.48,21.18,485.357371,0,0.125133,0.707551,0.167317,29.396633,60.125359,0.050104,1.503733,0.98015,0.722479,2821,1,1,0.109973,0.018049,0.425063,0.943785,0,0.125133,0.707551,0.127564,0.050104,0.722479,0.98015,,,,,24,11,20,17,28,24.154677,10.624344,20.445074,16.652546,28.123359,24,10,21,16,29,24,11,20,17,28,medium,city-elements-v0.1.0,city-facts-2026-09-11-v1,cities100-2026-09-11-v1,GeoNames anchor; natural spatial fields use 30 km radius,all four fields unavailable; neutral response used,nasa_power_v2.9.7_1991_2020,1991-2020,degC,NASA POWER source grid cell at GeoNames anchor,NASA open data; attribution requested,2026-09-11,false,medium,nasa_power_v2.9.7_1991_2020,1991-2020,kWh/m2/day,NASA POWER source grid cell at GeoNames anchor,NASA open data; attribution requested,2026-09-11,false,medium,nasa_power_v2.9.7_1991_2020,1991-2020,mm/year,NASA POWER source grid cell at GeoNames anchor,NASA open data; attribution requested,2026-09-11,false,medium,nasa_power_v2.9.7_1991_2020,1991-2020,percent,NASA POWER source grid cell at GeoNames anchor,NASA open data; attribution requested,2026-09-11,false,medium,nasa_power_v2.9.7_1991_2020,1991-2020,degC,NASA POWER source grid cell at GeoNames anchor,NASA open data; attribution requested,2026-09-11,false,medium,fao56_aridity_derived,1991-2020,0-1; higher=drier,NASA POWER grid cell; FAO-56 monthly ETo using 30 km median elevation,Derived metric; source licences apply,2026-09-11,false,medium,esa_worldcover_2021_v200,2021,0-1,30 km radius; 1 km systematic grid; 80 m WorldCover overview,CC BY 4.0,2026-09-11,false,medium,esa_worldcover_2021_v200,2021,0-1,30 km radius; 1 km systematic grid; 80 m WorldCover overview,CC BY 4.0,2026-09-11,false,medium,copernicus_dem_glo90_2021,2021 release,m,30 km radius land pixels; 1 km systematic grid; 180 m DEM overview,Copernicus DEM GLO-90 free and open licence,2026-09-11,false,high,copernicus_dem_glo90_2021,2021 release,0-1,30 km radius land pixels; 1 km systematic grid; 180 m DEM overview,Copernicus DEM GLO-90 free and open licence,2026-09-11,false,high,copernicus_dem_glo90_2021,2021 release,m,30 km radius land pixels; 1 km systematic grid; 180 m DEM overview,Copernicus DEM GLO-90 free and open licence,2026-09-11,false,high,natural_earth_coastline_4.1.0,version 4.1.0,km,distance from GeoNames anchor to nearest Natural Earth 1:10m coastline,Public domain,2026-09-11,false,medium,natural_earth_coastline_4.1.0,version 4.1.0,0-1,distance from GeoNames anchor to nearest Natural Earth 1:10m coastline,Public domain,2026-09-11,false,medium,nasa_power_v2.9.7_1991_2020,1991-2020,0-1 calibrated index,NASA POWER source grid cell at GeoNames anchor,NASA open data; attribution requested,2026-09-11,false,medium,not_available_globally_comparable,not available,0-1,administrative city; boundary unavailable,n.a.,2026-09-11,true,unavailable,not_available_globally_comparable,not available,0-1,administrative city; boundary unavailable,n.a.,2026-09-11,true,unavailable,not_available_globally_comparable,not available,0-1,administrative city; boundary unavailable,n.a.,2026-09-11,true,unavailable,not_available_globally_comparable,not available,0-1,administrative city; boundary unavailable,n.a.,2026-09-11,true,unavailable,geonames_cities15000_20260911,daily dump downloaded 2026-09-11,GeoNames identifier and UTF-8 text,selected populated-place record,CC BY 4.0,2026-09-11,false,high,geonames_cities15000_20260911,daily dump downloaded 2026-09-11,"decimal degrees, WGS84",GeoNames populated-place point,CC BY 4.0,2026-09-11,false,high
63,658225,Helsinki,赫尔辛基,芬兰,FI,欧洲大陆,Uusimaa,60.16952,24.93545,Europe/Helsinki,Helsinki,2023-02-13,6.09,2.572222,715.8753,86.32,21.26,478.786289,0,0.035803,0.435661,0.482808,38.244438,63.713092,0.053094,1.860939,0.975493,0.72629,2821,1,1,0.085159,0,0.464162,0.967694,0,0.035803,0.435661,0.18641,0.053094,0.72629,0.975493,,,,,23,11,21,17,28,22.521586,10.667172,21.233012,17.393216,28.185013,23,10,21,17,29,22,11,21,18,28,medium,city-elements-v0.1.0,city-facts-2026-09-11-v1,cities100-2026-09-11-v1,GeoNames anchor; natural spatial fields use 30 km radius,all four fields unavailable; neutral response used,nasa_power_v2.9.7_1991_2020,1991-2020,degC,NASA POWER source grid cell at GeoNames anchor,NASA open data; attribution requested,2026-09-11,false,medium,nasa_power_v2.9.7_1991_2020,1991-2020,kWh/m2/day,NASA POWER source grid cell at GeoNames anchor,NASA open data; attribution requested,2026-09-11,false,medium,nasa_power_v2.9.7_1991_2020,1991-2020,mm/year,NASA POWER source grid cell at GeoNames anchor,NASA open data; attribution requested,2026-09-11,false,medium,nasa_power_v2.9.7_1991_2020,1991-2020,percent,NASA POWER source grid cell at GeoNames anchor,NASA open data; attribution requested,2026-09-11,false,medium,nasa_power_v2.9.7_1991_2020,1991-2020,degC,NASA POWER source grid cell at GeoNames anchor,NASA open data; attribution requested,2026-09-11,false,medium,fao56_aridity_derived,1991-2020,0-1; higher=drier,NASA POWER grid cell; FAO-56 monthly ETo using 30 km median elevation,Derived metric; source licences apply,2026-09-11,false,medium,esa_worldcover_2021_v200,2021,0-1,30 km radius; 1 km systematic grid; 80 m WorldCover overview,CC BY 4.0,2026-09-11,false,medium,esa_worldcover_2021_v200,2021,0-1,30 km radius; 1 km systematic grid; 80 m WorldCover overview,CC BY 4.0,2026-09-11,false,medium,copernicus_dem_glo90_2021,2021 release,m,30 km radius land pixels; 1 km systematic grid; 180 m DEM overview,Copernicus DEM GLO-90 free and open licence,2026-09-11,false,high,copernicus_dem_glo90_2021,2021 release,0-1,30 km radius land pixels; 1 km systematic grid; 180 m DEM overview,Copernicus DEM GLO-90 free and open licence,2026-09-11,false,high,copernicus_dem_glo90_2021,2021 release,m,30 km radius land pixels; 1 km systematic grid; 180 m DEM overview,Copernicus DEM GLO-90 free and open licence,2026-09-11,false,high,natural_earth_coastline_4.1.0,version 4.1.0,km,distance from GeoNames anchor to nearest Natural Earth 1:10m coastline,Public domain,2026-09-11,false,medium,natural_earth_coastline_4.1.0,version 4.1.0,0-1,distance from GeoNames anchor to nearest Natural Earth 1:10m coastline,Public domain,2026-09-11,false,medium,nasa_power_v2.9.7_1991_2020,1991-2020,0-1 calibrated index,NASA POWER source grid cell at GeoNames anchor,NASA open data; attribution requested,2026-09-11,false,medium,not_available_globally_comparable,not available,0-1,administrative city; boundary unavailable,n.a.,2026-09-11,true,unavailable,not_available_globally_comparable,not available,0-1,administrative city; boundary unavailable,n.a.,2026-09-11,true,unavailable,not_available_globally_comparable,not available,0-1,administrative city; boundary unavailable,n.a.,2026-09-11,true,unavailable,not_available_globally_comparable,not available,0-1,administrative city; boundary unavailable,n.a.,2026-09-11,true,unavailable,geonames_cities15000_20260911,daily dump downloaded 2026-09-11,GeoNames identifier and UTF-8 text,selected populated-place record,CC BY 4.0,2026-09-11,false,high,geonames_cities15000_20260911,daily dump downloaded 2026-09-11,"decimal degrees, WGS84",GeoNames populated-place point,CC BY 4.0,2026-09-11,false,high
64,3413829,Reykjavik,雷克雅未克,冰岛,IS,欧洲大陆,Capital Region,64.13548,-21.89541,Atlantic/Reykjavik,Reykjavík,2025-05-08,4.42,2.297222,1643.59125,87.68,11.15,364.976438,0,0.033676,0.57072,0.369018,204.549385,431.261161,0.359384,1.593659,0.978975,0.244701,2821,1,1,0,0,1,1,0,0.033676,0.57072,0.567819,0.359384,0.244701,0.978975,,,,,23,9,21,16,31,23.084818,9.499635,20.767368,15.80395,30.844228,23,9,21,16,31,23,10,21,16,30,medium,city-elements-v0.1.0,city-facts-2026-09-11-v1,cities100-2026-09-11-v1,GeoNames anchor; natural spatial fields use 30 km radius,all four fields unavailable; neutral response used,nasa_power_v2.9.7_1991_2020,1991-2020,degC,NASA POWER source grid cell at GeoNames anchor,NASA open data; attribution requested,2026-09-11,false,medium,nasa_power_v2.9.7_1991_2020,1991-2020,kWh/m2/day,NASA POWER source grid cell at GeoNames anchor,NASA open data; attribution requested,2026-09-11,false,medium,nasa_power_v2.9.7_1991_2020,1991-2020,mm/year,NASA POWER source grid cell at GeoNames anchor,NASA open data; attribution requested,2026-09-11,false,medium,nasa_power_v2.9.7_1991_2020,1991-2020,percent,NASA POWER source grid cell at GeoNames anchor,NASA open data; attribution requested,2026-09-11,false,medium,nasa_power_v2.9.7_1991_2020,1991-2020,degC,NASA POWER source grid cell at GeoNames anchor,NASA open data; attribution requested,2026-09-11,false,medium,fao56_aridity_derived,1991-2020,0-1; higher=drier,NASA POWER grid cell; FAO-56 monthly ETo using 30 km median elevation,Derived metric; source licences apply,2026-09-11,false,medium,esa_worldcover_2021_v200,2021,0-1,30 km radius; 1 km systematic grid; 80 m WorldCover overview,CC BY 4.0,2026-09-11,false,medium,esa_worldcover_2021_v200,2021,0-1,30 km radius; 1 km systematic grid; 80 m WorldCover overview,CC BY 4.0,2026-09-11,false,medium,copernicus_dem_glo90_2021,2021 release,m,30 km radius land pixels; 1 km systematic grid; 180 m DEM overview,Copernicus DEM GLO-90 free and open licence,2026-09-11,false,high,copernicus_dem_glo90_2021,2021 release,0-1,30 km radius land pixels; 1 km systematic grid; 180 m DEM overview,Copernicus DEM GLO-90 free and open licence,2026-09-11,false,high,copernicus_dem_glo90_2021,2021 release,m,30 km radius land pixels; 1 km systematic grid; 180 m DEM overview,Copernicus DEM GLO-90 free and open licence,2026-09-11,false,high,natural_earth_coastline_4.1.0,version 4.1.0,km,distance from GeoNames anchor to nearest Natural Earth 1:10m coastline,Public domain,2026-09-11,false,medium,natural_earth_coastline_4.1.0,version 4.1.0,0-1,distance from GeoNames anchor to nearest Natural Earth 1:10m coastline,Public domain,2026-09-11,false,medium,nasa_power_v2.9.7_1991_2020,1991-2020,0-1 calibrated index,NASA POWER source grid cell at GeoNames anchor,NASA open data; attribution requested,2026-09-11,false,medium,not_available_globally_comparable,not available,0-1,administrative city; boundary unavailable,n.a.,2026-09-11,true,unavailable,not_available_globally_comparable,not available,0-1,administrative city; boundary unavailable,n.a.,2026-09-11,true,unavailable,not_available_globally_comparable,not available,0-1,administrative city; boundary unavailable,n.a.,2026-09-11,true,unavailable,not_available_globally_comparable,not available,0-1,administrative city; boundary unavailable,n.a.,2026-09-11,true,unavailable,geonames_cities15000_20260911,daily dump downloaded 2026-09-11,GeoNames identifier and UTF-8 text,selected populated-place record,CC BY 4.0,2026-09-11,false,high,geonames_cities15000_20260911,daily dump downloaded 2026-09-11,"decimal degrees, WGS84",GeoNames populated-place point,CC BY 4.0,2026-09-11,false,high
65,3176959,Florence,佛罗伦萨,意大利,IT,欧洲大陆,Tuscany,43.77925,11.24626,Europe/Rome,Florence,2026-03-23,11.71,4,741.442275,77.62,20.24,855.510303,0.133333,0.006381,0.92804,0,245.269348,525.023689,0.43752,78.457444,0.351305,0.677702,2821,1,1,0.38187,0.450044,0.487919,0.720064,0.133333,0.006381,0.92804,0.60945,0.43752,0.677702,0.351305,,,,,26,13,25,17,19,26.097159,12.788079,25.408925,16.73501,18.970826,26,12,26,17,19,26,13,25,17,19,medium,city-elements-v0.1.0,city-facts-2026-09-11-v1,cities100-2026-09-11-v1,GeoNames anchor; natural spatial fields use 30 km radius,all four fields unavailable; neutral response used,nasa_power_v2.9.7_1991_2020,1991-2020,degC,NASA POWER source grid cell at GeoNames anchor,NASA open data; attribution requested,2026-09-11,false,medium,nasa_power_v2.9.7_1991_2020,1991-2020,kWh/m2/day,NASA POWER source grid cell at GeoNames anchor,NASA open data; attribution requested,2026-09-11,false,medium,nasa_power_v2.9.7_1991_2020,1991-2020,mm/year,NASA POWER source grid cell at GeoNames anchor,NASA open data; attribution requested,2026-09-11,false,medium,nasa_power_v2.9.7_1991_2020,1991-2020,percent,NASA POWER source grid cell at GeoNames anchor,NASA open data; attribution requested,2026-09-11,false,medium,nasa_power_v2.9.7_1991_2020,1991-2020,degC,NASA POWER source grid cell at GeoNames anchor,NASA open data; attribution requested,2026-09-11,false,medium,fao56_aridity_derived,1991-2020,0-1; higher=drier,NASA POWER grid cell; FAO-56 monthly ETo using 30 km median elevation,Derived metric; source licences apply,2026-09-11,false,medium,esa_worldcover_2021_v200,2021,0-1,30 km radius; 1 km systematic grid; 80 m WorldCover overview,CC BY 4.0,2026-09-11,false,medium,esa_worldcover_2021_v200,2021,0-1,30 km radius; 1 km systematic grid; 80 m WorldCover overview,CC BY 4.0,2026-09-11,false,medium,copernicus_dem_glo90_2021,2021 release,m,30 km radius land pixels; 1 km systematic grid; 180 m DEM overview,Copernicus DEM GLO-90 free and open licence,2026-09-11,false,high,copernicus_dem_glo90_2021,2021 release,0-1,30 km radius land pixels; 1 km systematic grid; 180 m DEM overview,Copernicus DEM GLO-90 free and open licence,2026-09-11,false,high,copernicus_dem_glo90_2021,2021 release,m,30 km radius land pixels; 1 km systematic grid; 180 m DEM overview,Copernicus DEM GLO-90 free and open licence,2026-09-11,false,high,natural_earth_coastline_4.1.0,version 4.1.0,km,distance from GeoNames anchor to nearest Natural Earth 1:10m coastline,Public domain,2026-09-11,false,medium,natural_earth_coastline_4.1.0,version 4.1.0,0-1,distance from GeoNames anchor to nearest Natural Earth 1:10m coastline,Public domain,2026-09-11,false,medium,nasa_power_v2.9.7_1991_2020,1991-2020,0-1 calibrated index,NASA POWER source grid cell at GeoNames anchor,NASA open data; attribution requested,2026-09-11,false,medium,not_available_globally_comparable,not available,0-1,administrative city; boundary unavailable,n.a.,2026-09-11,true,unavailable,not_available_globally_comparable,not available,0-1,administrative city; boundary unavailable,n.a.,2026-09-11,true,unavailable,not_available_globally_comparable,not available,0-1,administrative city; boundary unavailable,n.a.,2026-09-11,true,unavailable,not_available_globally_comparable,not available,0-1,administrative city; boundary unavailable,n.a.,2026-09-11,true,unavailable,geonames_cities15000_20260911,daily dump downloaded 2026-09-11,GeoNames identifier and UTF-8 text,selected populated-place record,CC BY 4.0,2026-09-11,false,high,geonames_cities15000_20260911,daily dump downloaded 2026-09-11,"decimal degrees, WGS84",GeoNames populated-place point,CC BY 4.0,2026-09-11,false,high
66,3164603,Venice,威尼斯,意大利,IT,欧洲大陆,Veneto,45.43713,12.33265,Europe/Rome,Venice,2026-03-23,14.94,3.777778,902.148975,73.14,20.02,974.376447,0.074127,0.05849,0.463311,0.409075,3.892961,16.260476,0.01355,0.98547,0.986946,0.667222,2821,1,1,0.5524,0.371141,0.62075,0.592548,0.074127,0.05849,0.463311,0,0.01355,0.667222,0.986946,,,,,25,14,22,16,23,25.018547,13.997697,22.267825,16.267926,22.448005,25,14,22,16,23,25,14,22,17,22,medium,city-elements-v0.1.0,city-facts-2026-09-11-v1,cities100-2026-09-11-v1,GeoNames anchor; natural spatial fields use 30 km radius,all four fields unavailable; neutral response used,nasa_power_v2.9.7_1991_2020,1991-2020,degC,NASA POWER source grid cell at GeoNames anchor,NASA open data; attribution requested,2026-09-11,false,medium,nasa_power_v2.9.7_1991_2020,1991-2020,kWh/m2/day,NASA POWER source grid cell at GeoNames anchor,NASA open data; attribution requested,2026-09-11,false,medium,nasa_power_v2.9.7_1991_2020,1991-2020,mm/year,NASA POWER source grid cell at GeoNames anchor,NASA open data; attribution requested,2026-09-11,false,medium,nasa_power_v2.9.7_1991_2020,1991-2020,percent,NASA POWER source grid cell at GeoNames anchor,NASA open data; attribution requested,2026-09-11,false,medium,nasa_power_v2.9.7_1991_2020,1991-2020,degC,NASA POWER source grid cell at GeoNames anchor,NASA open data; attribution requested,2026-09-11,false,medium,fao56_aridity_derived,1991-2020,0-1; higher=drier,NASA POWER grid cell; FAO-56 monthly ETo using 30 km median elevation,Derived metric; source licences apply,2026-09-11,false,medium,esa_worldcover_2021_v200,2021,0-1,30 km radius; 1 km systematic grid; 80 m WorldCover overview,CC BY 4.0,2026-09-11,false,medium,esa_worldcover_2021_v200,2021,0-1,30 km radius; 1 km systematic grid; 80 m WorldCover overview,CC BY 4.0,2026-09-11,false,medium,copernicus_dem_glo90_2021,2021 release,m,30 km radius land pixels; 1 km systematic grid; 180 m DEM overview,Copernicus DEM GLO-90 free and open licence,2026-09-11,false,high,copernicus_dem_glo90_2021,2021 release,0-1,30 km radius land pixels; 1 km systematic grid; 180 m DEM overview,Copernicus DEM GLO-90 free and open licence,2026-09-11,false,high,copernicus_dem_glo90_2021,2021 release,m,30 km radius land pixels; 1 km systematic grid; 180 m DEM overview,Copernicus DEM GLO-90 free and open licence,2026-09-11,false,high,natural_earth_coastline_4.1.0,version 4.1.0,km,distance from GeoNames anchor to nearest Natural Earth 1:10m coastline,Public domain,2026-09-11,false,medium,natural_earth_coastline_4.1.0,version 4.1.0,0-1,distance from GeoNames anchor to nearest Natural Earth 1:10m coastline,Public domain,2026-09-11,false,medium,nasa_power_v2.9.7_1991_2020,1991-2020,0-1 calibrated index,NASA POWER source grid cell at GeoNames anchor,NASA open data; attribution requested,2026-09-11,false,medium,not_available_globally_comparable,not available,0-1,administrative city; boundary unavailable,n.a.,2026-09-11,true,unavailable,not_available_globally_comparable,not available,0-1,administrative city; boundary unavailable,n.a.,2026-09-11,true,unavailable,not_available_globally_comparable,not available,0-1,administrative city; boundary unavailable,n.a.,2026-09-11,true,unavailable,not_available_globally_comparable,not available,0-1,administrative city; boundary unavailable,n.a.,2026-09-11,true,unavailable,geonames_cities15000_20260911,daily dump downloaded 2026-09-11,GeoNames identifier and UTF-8 text,selected populated-place record,CC BY 4.0,2026-09-11,false,high,geonames_cities15000_20260911,daily dump downloaded 2026-09-11,"decimal degrees, WGS84",GeoNames populated-place point,CC BY 4.0,2026-09-11,false,high
67,745044,Istanbul,伊斯坦布尔,土耳其,TR,欧洲大陆,Istanbul,41.01384,28.94966,Europe/Istanbul,Istanbul,2026-08-25,14.89,3.958333,628.2171,75.47,19.45,1092.170107,0.424799,0.018433,0.350939,0.406948,101.572029,151.316383,0.126097,0.53397,0.992906,0.64007,2821,1,1,0.54976,0.43525,0.375746,0.658868,0.424799,0.018433,0.350939,0.407707,0.126097,0.64007,0.992906,,,,,23,15,25,17,20,23.346274,14.666182,25.200686,17.363925,19.422933,24,14,26,17,19,23,15,25,18,19,medium,city-elements-v0.1.0,city-facts-2026-09-11-v1,cities100-2026-09-11-v1,GeoNames anchor; natural spatial fields use 30 km radius,all four fields unavailable; neutral response used,nasa_power_v2.9.7_1991_2020,1991-2020,degC,NASA POWER source grid cell at GeoNames anchor,NASA open data; attribution requested,2026-09-11,false,medium,nasa_power_v2.9.7_1991_2020,1991-2020,kWh/m2/day,NASA POWER source grid cell at GeoNames anchor,NASA open data; attribution requested,2026-09-11,false,medium,nasa_power_v2.9.7_1991_2020,1991-2020,mm/year,NASA POWER source grid cell at GeoNames anchor,NASA open data; attribution requested,2026-09-11,false,medium,nasa_power_v2.9.7_1991_2020,1991-2020,percent,NASA POWER source grid cell at GeoNames anchor,NASA open data; attribution requested,2026-09-11,false,medium,nasa_power_v2.9.7_1991_2020,1991-2020,degC,NASA POWER source grid cell at GeoNames anchor,NASA open data; attribution requested,2026-09-11,false,medium,fao56_aridity_derived,1991-2020,0-1; higher=drier,NASA POWER grid cell; FAO-56 monthly ETo using 30 km median elevation,Derived metric; source licences apply,2026-09-11,false,medium,esa_worldcover_2021_v200,2021,0-1,30 km radius; 1 km systematic grid; 80 m WorldCover overview,CC BY 4.0,2026-09-11,false,medium,esa_worldcover_2021_v200,2021,0-1,30 km radius; 1 km systematic grid; 80 m WorldCover overview,CC BY 4.0,2026-09-11,false,medium,copernicus_dem_glo90_2021,2021 release,m,30 km radius land pixels; 1 km systematic grid; 180 m DEM overview,Copernicus DEM GLO-90 free and open licence,2026-09-11,false,high,copernicus_dem_glo90_2021,2021 release,0-1,30 km radius land pixels; 1 km systematic grid; 180 m DEM overview,Copernicus DEM GLO-90 free and open licence,2026-09-11,false,high,copernicus_dem_glo90_2021,2021 release,m,30 km radius land pixels; 1 km systematic grid; 180 m DEM overview,Copernicus DEM GLO-90 free and open licence,2026-09-11,false,high,natural_earth_coastline_4.1.0,version 4.1.0,km,distance from GeoNames anchor to nearest Natural Earth 1:10m coastline,Public domain,2026-09-11,false,medium,natural_earth_coastline_4.1.0,version 4.1.0,0-1,distance from GeoNames anchor to nearest Natural Earth 1:10m coastline,Public domain,2026-09-11,false,medium,nasa_power_v2.9.7_1991_2020,1991-2020,0-1 calibrated index,NASA POWER source grid cell at GeoNames anchor,NASA open data; attribution requested,2026-09-11,false,medium,not_available_globally_comparable,not available,0-1,administrative city; boundary unavailable,n.a.,2026-09-11,true,unavailable,not_available_globally_comparable,not available,0-1,administrative city; boundary unavailable,n.a.,2026-09-11,true,unavailable,not_available_globally_comparable,not available,0-1,administrative city; boundary unavailable,n.a.,2026-09-11,true,unavailable,not_available_globally_comparable,not available,0-1,administrative city; boundary unavailable,n.a.,2026-09-11,true,unavailable,geonames_cities15000_20260911,daily dump downloaded 2026-09-11,GeoNames identifier and UTF-8 text,selected populated-place record,CC BY 4.0,2026-09-11,false,high,geonames_cities15000_20260911,daily dump downloaded 2026-09-11,"decimal degrees, WGS84",GeoNames populated-place point,CC BY 4.0,2026-09-11,false,high
68,524901,Moscow,莫斯科,俄罗斯,RU,俄罗斯 + 中亚,Moscow,55.75204,37.61781,Europe/Moscow,Moscow,2025-09-09,3.98,2.85,748.747125,87.76,28.95,523.094774,0,0.021978,0.657568,0,166.659576,60.967865,0.050807,636.613636,0.000206,1,2821,1,1,0,0.04172,0.494556,1,0,0.021978,0.657568,0.520888,0.050807,1,0.000206,,,,,23,10,23,19,25,22.670622,10.182194,23.024002,18.666259,25.456924,23,10,23,18,26,22,11,23,19,25,medium,city-elements-v0.1.0,city-facts-2026-09-11-v1,cities100-2026-09-11-v1,GeoNames anchor; natural spatial fields use 30 km radius,all four fields unavailable; neutral response used,nasa_power_v2.9.7_1991_2020,1991-2020,degC,NASA POWER source grid cell at GeoNames anchor,NASA open data; attribution requested,2026-09-11,false,medium,nasa_power_v2.9.7_1991_2020,1991-2020,kWh/m2/day,NASA POWER source grid cell at GeoNames anchor,NASA open data; attribution requested,2026-09-11,false,medium,nasa_power_v2.9.7_1991_2020,1991-2020,mm/year,NASA POWER source grid cell at GeoNames anchor,NASA open data; attribution requested,2026-09-11,false,medium,nasa_power_v2.9.7_1991_2020,1991-2020,percent,NASA POWER source grid cell at GeoNames anchor,NASA open data; attribution requested,2026-09-11,false,medium,nasa_power_v2.9.7_1991_2020,1991-2020,degC,NASA POWER source grid cell at GeoNames anchor,NASA open data; attribution requested,2026-09-11,false,medium,fao56_aridity_derived,1991-2020,0-1; higher=drier,NASA POWER grid cell; FAO-56 monthly ETo using 30 km median elevation,Derived metric; source licences apply,2026-09-11,false,medium,esa_worldcover_2021_v200,2021,0-1,30 km radius; 1 km systematic grid; 80 m WorldCover overview,CC BY 4.0,2026-09-11,false,medium,esa_worldcover_2021_v200,2021,0-1,30 km radius; 1 km systematic grid; 80 m WorldCover overview,CC BY 4.0,2026-09-11,false,medium,copernicus_dem_glo90_2021,2021 release,m,30 km radius land pixels; 1 km systematic grid; 180 m DEM overview,Copernicus DEM GLO-90 free and open licence,2026-09-11,false,high,copernicus_dem_glo90_2021,2021 release,0-1,30 km radius land pixels; 1 km systematic grid; 180 m DEM overview,Copernicus DEM GLO-90 free and open licence,2026-09-11,false,high,copernicus_dem_glo90_2021,2021 release,m,30 km radius land pixels; 1 km systematic grid; 180 m DEM overview,Copernicus DEM GLO-90 free and open licence,2026-09-11,false,high,natural_earth_coastline_4.1.0,version 4.1.0,km,distance from GeoNames anchor to nearest Natural Earth 1:10m coastline,Public domain,2026-09-11,false,medium,natural_earth_coastline_4.1.0,version 4.1.0,0-1,distance from GeoNames anchor to nearest Natural Earth 1:10m coastline,Public domain,2026-09-11,false,medium,nasa_power_v2.9.7_1991_2020,1991-2020,0-1 calibrated index,NASA POWER source grid cell at GeoNames anchor,NASA open data; attribution requested,2026-09-11,false,medium,not_available_globally_comparable,not available,0-1,administrative city; boundary unavailable,n.a.,2026-09-11,true,unavailable,not_available_globally_comparable,not available,0-1,administrative city; boundary unavailable,n.a.,2026-09-11,true,unavailable,not_available_globally_comparable,not available,0-1,administrative city; boundary unavailable,n.a.,2026-09-11,true,unavailable,not_available_globally_comparable,not available,0-1,administrative city; boundary unavailable,n.a.,2026-09-11,true,unavailable,geonames_cities15000_20260911,daily dump downloaded 2026-09-11,GeoNames identifier and UTF-8 text,selected populated-place record,CC BY 4.0,2026-09-11,false,high,geonames_cities15000_20260911,daily dump downloaded 2026-09-11,"decimal degrees, WGS84",GeoNames populated-place point,CC BY 4.0,2026-09-11,false,high
69,498817,St Petersburg,圣彼得堡,俄罗斯,RU,俄罗斯 + 中亚,St.-Petersburg,59.93863,30.31413,Europe/Moscow,Saint Petersburg,2026-04-14,4.16,2.577778,785.271375,88.91,26.68,435.841098,0,0.04821,0.66005,0.125842,25.589241,60.852989,0.050711,5.058093,0.934783,0.984471,2821,1,1,0,0,0.526801,1,0,0.04821,0.66005,0.096739,0.050711,0.984471,0.934783,,,,,23,10,21,17,29,23.293203,10.023416,20.403186,17.390908,28.889288,24,10,20,17,29,23,11,20,18,28,medium,city-elements-v0.1.0,city-facts-2026-09-11-v1,cities100-2026-09-11-v1,GeoNames anchor; natural spatial fields use 30 km radius,all four fields unavailable; neutral response used,nasa_power_v2.9.7_1991_2020,1991-2020,degC,NASA POWER source grid cell at GeoNames anchor,NASA open data; attribution requested,2026-09-11,false,medium,nasa_power_v2.9.7_1991_2020,1991-2020,kWh/m2/day,NASA POWER source grid cell at GeoNames anchor,NASA open data; attribution requested,2026-09-11,false,medium,nasa_power_v2.9.7_1991_2020,1991-2020,mm/year,NASA POWER source grid cell at GeoNames anchor,NASA open data; attribution requested,2026-09-11,false,medium,nasa_power_v2.9.7_1991_2020,1991-2020,percent,NASA POWER source grid cell at GeoNames anchor,NASA open data; attribution requested,2026-09-11,false,medium,nasa_power_v2.9.7_1991_2020,1991-2020,degC,NASA POWER source grid cell at GeoNames anchor,NASA open data; attribution requested,2026-09-11,false,medium,fao56_aridity_derived,1991-2020,0-1; higher=drier,NASA POWER grid cell; FAO-56 monthly ETo using 30 km median elevation,Derived metric; source licences apply,2026-09-11,false,medium,esa_worldcover_2021_v200,2021,0-1,30 km radius; 1 km systematic grid; 80 m WorldCover overview,CC BY 4.0,2026-09-11,false,medium,esa_worldcover_2021_v200,2021,0-1,30 km radius; 1 km systematic grid; 80 m WorldCover overview,CC BY 4.0,2026-09-11,false,medium,copernicus_dem_glo90_2021,2021 release,m,30 km radius land pixels; 1 km systematic grid; 180 m DEM overview,Copernicus DEM GLO-90 free and open licence,2026-09-11,false,high,copernicus_dem_glo90_2021,2021 release,0-1,30 km radius land pixels; 1 km systematic grid; 180 m DEM overview,Copernicus DEM GLO-90 free and open licence,2026-09-11,false,high,copernicus_dem_glo90_2021,2021 release,m,30 km radius land pixels; 1 km systematic grid; 180 m DEM overview,Copernicus DEM GLO-90 free and open licence,2026-09-11,false,high,natural_earth_coastline_4.1.0,version 4.1.0,km,distance from GeoNames anchor to nearest Natural Earth 1:10m coastline,Public domain,2026-09-11,false,medium,natural_earth_coastline_4.1.0,version 4.1.0,0-1,distance from GeoNames anchor to nearest Natural Earth 1:10m coastline,Public domain,2026-09-11,false,medium,nasa_power_v2.9.7_1991_2020,1991-2020,0-1 calibrated index,NASA POWER source grid cell at GeoNames anchor,NASA open data; attribution requested,2026-09-11,false,medium,not_available_globally_comparable,not available,0-1,administrative city; boundary unavailable,n.a.,2026-09-11,true,unavailable,not_available_globally_comparable,not available,0-1,administrative city; boundary unavailable,n.a.,2026-09-11,true,unavailable,not_available_globally_comparable,not available,0-1,administrative city; boundary unavailable,n.a.,2026-09-11,true,unavailable,not_available_globally_comparable,not available,0-1,administrative city; boundary unavailable,n.a.,2026-09-11,true,unavailable,geonames_cities15000_20260911,daily dump downloaded 2026-09-11,GeoNames identifier and UTF-8 text,selected populated-place record,CC BY 4.0,2026-09-11,false,high,geonames_cities15000_20260911,daily dump downloaded 2026-09-11,"decimal degrees, WGS84",GeoNames populated-place point,CC BY 4.0,2026-09-11,false,high
70,524305,Murmansk,摩尔曼斯克,俄罗斯,RU,俄罗斯 + 中亚,Murmansk,68.96778,33.09922,Europe/Moscow,Murmansk,2026-04-14,-0.81,2.033333,799.881075,93.58,24.38,273.968552,0,0.11308,0.854661,0.02765,143.368439,183.377101,0.152814,2.57553,0.966243,0.874911,2821,1,1,0,0,0.539282,1,0,0.11308,0.854661,0.486437,0.152814,0.874911,0.966243,,,,,24,9,21,17,29,24.232169,9.560389,20.888198,16.617013,28.702231,25,9,21,16,29,24,10,21,17,28,medium,city-elements-v0.1.0,city-facts-2026-09-11-v1,cities100-2026-09-11-v1,GeoNames anchor; natural spatial fields use 30 km radius,all four fields unavailable; neutral response used,nasa_power_v2.9.7_1991_2020,1991-2020,degC,NASA POWER source grid cell at GeoNames anchor,NASA open data; attribution requested,2026-09-11,false,medium,nasa_power_v2.9.7_1991_2020,1991-2020,kWh/m2/day,NASA POWER source grid cell at GeoNames anchor,NASA open data; attribution requested,2026-09-11,false,medium,nasa_power_v2.9.7_1991_2020,1991-2020,mm/year,NASA POWER source grid cell at GeoNames anchor,NASA open data; attribution requested,2026-09-11,false,medium,nasa_power_v2.9.7_1991_2020,1991-2020,percent,NASA POWER source grid cell at GeoNames anchor,NASA open data; attribution requested,2026-09-11,false,medium,nasa_power_v2.9.7_1991_2020,1991-2020,degC,NASA POWER source grid cell at GeoNames anchor,NASA open data; attribution requested,2026-09-11,false,medium,fao56_aridity_derived,1991-2020,0-1; higher=drier,NASA POWER grid cell; FAO-56 monthly ETo using 30 km median elevation,Derived metric; source licences apply,2026-09-11,false,medium,esa_worldcover_2021_v200,2021,0-1,30 km radius; 1 km systematic grid; 80 m WorldCover overview,CC BY 4.0,2026-09-11,false,medium,esa_worldcover_2021_v200,2021,0-1,30 km radius; 1 km systematic grid; 80 m WorldCover overview,CC BY 4.0,2026-09-11,false,medium,copernicus_dem_glo90_2021,2021 release,m,30 km radius land pixels; 1 km systematic grid; 180 m DEM overview,Copernicus DEM GLO-90 free and open licence,2026-09-11,false,high,copernicus_dem_glo90_2021,2021 release,0-1,30 km radius land pixels; 1 km systematic grid; 180 m DEM overview,Copernicus DEM GLO-90 free and open licence,2026-09-11,false,high,copernicus_dem_glo90_2021,2021 release,m,30 km radius land pixels; 1 km systematic grid; 180 m DEM overview,Copernicus DEM GLO-90 free and open licence,2026-09-11,false,high,natural_earth_coastline_4.1.0,version 4.1.0,km,distance from GeoNames anchor to nearest Natural Earth 1:10m coastline,Public domain,2026-09-11,false,medium,natural_earth_coastline_4.1.0,version 4.1.0,0-1,distance from GeoNames anchor to nearest Natural Earth 1:10m coastline,Public domain,2026-09-11,false,medium,nasa_power_v2.9.7_1991_2020,1991-2020,0-1 calibrated index,NASA POWER source grid cell at GeoNames anchor,NASA open data; attribution requested,2026-09-11,false,medium,not_available_globally_comparable,not available,0-1,administrative city; boundary unavailable,n.a.,2026-09-11,true,unavailable,not_available_globally_comparable,not available,0-1,administrative city; boundary unavailable,n.a.,2026-09-11,true,unavailable,not_available_globally_comparable,not available,0-1,administrative city; boundary unavailable,n.a.,2026-09-11,true,unavailable,not_available_globally_comparable,not available,0-1,administrative city; boundary unavailable,n.a.,2026-09-11,true,unavailable,geonames_cities15000_20260911,daily dump downloaded 2026-09-11,GeoNames identifier and UTF-8 text,selected populated-place record,CC BY 4.0,2026-09-11,false,high,geonames_cities15000_20260911,daily dump downloaded 2026-09-11,"decimal degrees, WGS84",GeoNames populated-place point,CC BY 4.0,2026-09-11,false,high
71,2013159,Yakutsk,雅库茨克,俄罗斯,RU,俄罗斯 + 中亚,Sakha,62.03114,129.72288,Asia/Yakutsk,Yakutsk,2026-04-14,-8.6,2.897222,390.809475,85.15,56.75,411.288627,0.049793,0.09252,0.871677,0,141.847717,156.556099,0.130463,739.87992,0.000052,1,2821,1,1,0,0.058487,0.05462,0.934392,0.049793,0.09252,0.871677,0.483998,0.130463,1,0.000052,,,,,22,11,24,19,24,22.400897,10.49846,23.499699,19.219654,24.381289,22,10,24,19,25,22,11,24,19,24,medium,city-elements-v0.1.0,city-facts-2026-09-11-v1,cities100-2026-09-11-v1,GeoNames anchor; natural spatial fields use 30 km radius,all four fields unavailable; neutral response used,nasa_power_v2.9.7_1991_2020,1991-2020,degC,NASA POWER source grid cell at GeoNames anchor,NASA open data; attribution requested,2026-09-11,false,medium,nasa_power_v2.9.7_1991_2020,1991-2020,kWh/m2/day,NASA POWER source grid cell at GeoNames anchor,NASA open data; attribution requested,2026-09-11,false,medium,nasa_power_v2.9.7_1991_2020,1991-2020,mm/year,NASA POWER source grid cell at GeoNames anchor,NASA open data; attribution requested,2026-09-11,false,medium,nasa_power_v2.9.7_1991_2020,1991-2020,percent,NASA POWER source grid cell at GeoNames anchor,NASA open data; attribution requested,2026-09-11,false,medium,nasa_power_v2.9.7_1991_2020,1991-2020,degC,NASA POWER source grid cell at GeoNames anchor,NASA open data; attribution requested,2026-09-11,false,medium,fao56_aridity_derived,1991-2020,0-1; higher=drier,NASA POWER grid cell; FAO-56 monthly ETo using 30 km median elevation,Derived metric; source licences apply,2026-09-11,false,medium,esa_worldcover_2021_v200,2021,0-1,30 km radius; 1 km systematic grid; 80 m WorldCover overview,CC BY 4.0,2026-09-11,false,medium,esa_worldcover_2021_v200,2021,0-1,30 km radius; 1 km systematic grid; 80 m WorldCover overview,CC BY 4.0,2026-09-11,false,medium,copernicus_dem_glo90_2021,2021 release,m,30 km radius land pixels; 1 km systematic grid; 180 m DEM overview,Copernicus DEM GLO-90 free and open licence,2026-09-11,false,high,copernicus_dem_glo90_2021,2021 release,0-1,30 km radius land pixels; 1 km systematic grid; 180 m DEM overview,Copernicus DEM GLO-90 free and open licence,2026-09-11,false,high,copernicus_dem_glo90_2021,2021 release,m,30 km radius land pixels; 1 km systematic grid; 180 m DEM overview,Copernicus DEM GLO-90 free and open licence,2026-09-11,false,high,natural_earth_coastline_4.1.0,version 4.1.0,km,distance from GeoNames anchor to nearest Natural Earth 1:10m coastline,Public domain,2026-09-11,false,medium,natural_earth_coastline_4.1.0,version 4.1.0,0-1,distance from GeoNames anchor to nearest Natural Earth 1:10m coastline,Public domain,2026-09-11,false,medium,nasa_power_v2.9.7_1991_2020,1991-2020,0-1 calibrated index,NASA POWER source grid cell at GeoNames anchor,NASA open data; attribution requested,2026-09-11,false,medium,not_available_globally_comparable,not available,0-1,administrative city; boundary unavailable,n.a.,2026-09-11,true,unavailable,not_available_globally_comparable,not available,0-1,administrative city; boundary unavailable,n.a.,2026-09-11,true,unavailable,not_available_globally_comparable,not available,0-1,administrative city; boundary unavailable,n.a.,2026-09-11,true,unavailable,not_available_globally_comparable,not available,0-1,administrative city; boundary unavailable,n.a.,2026-09-11,true,unavailable,geonames_cities15000_20260911,daily dump downloaded 2026-09-11,GeoNames identifier and UTF-8 text,selected populated-place record,CC BY 4.0,2026-09-11,false,high,geonames_cities15000_20260911,daily dump downloaded 2026-09-11,"decimal degrees, WGS84",GeoNames populated-place point,CC BY 4.0,2026-09-11,false,high
72,1526273,Astana,阿斯塔纳,哈萨克斯坦,KZ,俄罗斯 + 中亚,Astana,51.1801,71.44598,Asia/Almaty,Astana,2026-06-12,3.27,3.730556,350.6328,71.78,37.45,876.743848,0.600074,0.01737,0.914569,0,352.914246,50.15036,0.041792,1421.645291,0,1,2821,1,1,0,0.354374,0,0.553838,0.600074,0.01737,0.914569,0.692977,0.041792,1,0,,,,,22,13,26,20,19,21.755884,12.7199,26.263336,20.279723,18.981157,22,12,27,20,19,22,13,26,20,19,medium,city-elements-v0.1.0,city-facts-2026-09-11-v1,cities100-2026-09-11-v1,GeoNames anchor; natural spatial fields use 30 km radius,all four fields unavailable; neutral response used,nasa_power_v2.9.7_1991_2020,1991-2020,degC,NASA POWER source grid cell at GeoNames anchor,NASA open data; attribution requested,2026-09-11,false,medium,nasa_power_v2.9.7_1991_2020,1991-2020,kWh/m2/day,NASA POWER source grid cell at GeoNames anchor,NASA open data; attribution requested,2026-09-11,false,medium,nasa_power_v2.9.7_1991_2020,1991-2020,mm/year,NASA POWER source grid cell at GeoNames anchor,NASA open data; attribution requested,2026-09-11,false,medium,nasa_power_v2.9.7_1991_2020,1991-2020,percent,NASA POWER source grid cell at GeoNames anchor,NASA open data; attribution requested,2026-09-11,false,medium,nasa_power_v2.9.7_1991_2020,1991-2020,degC,NASA POWER source grid cell at GeoNames anchor,NASA open data; attribution requested,2026-09-11,false,medium,fao56_aridity_derived,1991-2020,0-1; higher=drier,NASA POWER grid cell; FAO-56 monthly ETo using 30 km median elevation,Derived metric; source licences apply,2026-09-11,false,medium,esa_worldcover_2021_v200,2021,0-1,30 km radius; 1 km systematic grid; 80 m WorldCover overview,CC BY 4.0,2026-09-11,false,medium,esa_worldcover_2021_v200,2021,0-1,30 km radius; 1 km systematic grid; 80 m WorldCover overview,CC BY 4.0,2026-09-11,false,medium,copernicus_dem_glo90_2021,2021 release,m,30 km radius land pixels; 1 km systematic grid; 180 m DEM overview,Copernicus DEM GLO-90 free and open licence,2026-09-11,false,high,copernicus_dem_glo90_2021,2021 release,0-1,30 km radius land pixels; 1 km systematic grid; 180 m DEM overview,Copernicus DEM GLO-90 free and open licence,2026-09-11,false,high,copernicus_dem_glo90_2021,2021 release,m,30 km radius land pixels; 1 km systematic grid; 180 m DEM overview,Copernicus DEM GLO-90 free and open licence,2026-09-11,false,high,natural_earth_coastline_4.1.0,version 4.1.0,km,distance from GeoNames anchor to nearest Natural Earth 1:10m coastline,Public domain,2026-09-11,false,medium,natural_earth_coastline_4.1.0,version 4.1.0,0-1,distance from GeoNames anchor to nearest Natural Earth 1:10m coastline,Public domain,2026-09-11,false,medium,nasa_power_v2.9.7_1991_2020,1991-2020,0-1 calibrated index,NASA POWER source grid cell at GeoNames anchor,NASA open data; attribution requested,2026-09-11,false,medium,not_available_globally_comparable,not available,0-1,administrative city; boundary unavailable,n.a.,2026-09-11,true,unavailable,not_available_globally_comparable,not available,0-1,administrative city; boundary unavailable,n.a.,2026-09-11,true,unavailable,not_available_globally_comparable,not available,0-1,administrative city; boundary unavailable,n.a.,2026-09-11,true,unavailable,not_available_globally_comparable,not available,0-1,administrative city; boundary unavailable,n.a.,2026-09-11,true,unavailable,geonames_cities15000_20260911,daily dump downloaded 2026-09-11,GeoNames identifier and UTF-8 text,selected populated-place record,CC BY 4.0,2026-09-11,false,high,geonames_cities15000_20260911,daily dump downloaded 2026-09-11,"decimal degrees, WGS84",GeoNames populated-place point,CC BY 4.0,2026-09-11,false,high
73,1850147,Tokyo,东京,日本,JP,日本 + 韩国 + 东南亚,Tokyo,35.6895,139.69171,Asia/Tokyo,Tokyo,2025-07-22,15.55,3.888889,1636.2864,79.05,21.9,921.546249,0,0.036157,0.170152,0.14463,19.33193,77.043357,0.064203,7.765409,0.901641,0.756776,2821,1,1,0.584605,0.410593,1,0.760766,0,0.036157,0.170152,0.034936,0.064203,0.756776,0.901641,,,,,23,14,22,17,24,23.513393,13.9275,21.929705,16.656391,23.973012,24,14,22,16,24,23,14,22,17,24,medium,city-elements-v0.1.0,city-facts-2026-09-11-v1,cities100-2026-09-11-v1,GeoNames anchor; natural spatial fields use 30 km radius,all four fields unavailable; neutral response used,nasa_power_v2.9.7_1991_2020,1991-2020,degC,NASA POWER source grid cell at GeoNames anchor,NASA open data; attribution requested,2026-09-11,false,medium,nasa_power_v2.9.7_1991_2020,1991-2020,kWh/m2/day,NASA POWER source grid cell at GeoNames anchor,NASA open data; attribution requested,2026-09-11,false,medium,nasa_power_v2.9.7_1991_2020,1991-2020,mm/year,NASA POWER source grid cell at GeoNames anchor,NASA open data; attribution requested,2026-09-11,false,medium,nasa_power_v2.9.7_1991_2020,1991-2020,percent,NASA POWER source grid cell at GeoNames anchor,NASA open data; attribution requested,2026-09-11,false,medium,nasa_power_v2.9.7_1991_2020,1991-2020,degC,NASA POWER source grid cell at GeoNames anchor,NASA open data; attribution requested,2026-09-11,false,medium,fao56_aridity_derived,1991-2020,0-1; higher=drier,NASA POWER grid cell; FAO-56 monthly ETo using 30 km median elevation,Derived metric; source licences apply,2026-09-11,false,medium,esa_worldcover_2021_v200,2021,0-1,30 km radius; 1 km systematic grid; 80 m WorldCover overview,CC BY 4.0,2026-09-11,false,medium,esa_worldcover_2021_v200,2021,0-1,30 km radius; 1 km systematic grid; 80 m WorldCover overview,CC BY 4.0,2026-09-11,false,medium,copernicus_dem_glo90_2021,2021 release,m,30 km radius land pixels; 1 km systematic grid; 180 m DEM overview,Copernicus DEM GLO-90 free and open licence,2026-09-11,false,high,copernicus_dem_glo90_2021,2021 release,0-1,30 km radius land pixels; 1 km systematic grid; 180 m DEM overview,Copernicus DEM GLO-90 free and open licence,2026-09-11,false,high,copernicus_dem_glo90_2021,2021 release,m,30 km radius land pixels; 1 km systematic grid; 180 m DEM overview,Copernicus DEM GLO-90 free and open licence,2026-09-11,false,high,natural_earth_coastline_4.1.0,version 4.1.0,km,distance from GeoNames anchor to nearest Natural Earth 1:10m coastline,Public domain,2026-09-11,false,medium,natural_earth_coastline_4.1.0,version 4.1.0,0-1,distance from GeoNames anchor to nearest Natural Earth 1:10m coastline,Public domain,2026-09-11,false,medium,nasa_power_v2.9.7_1991_2020,1991-2020,0-1 calibrated index,NASA POWER source grid cell at GeoNames anchor,NASA open data; attribution requested,2026-09-11,false,medium,not_available_globally_comparable,not available,0-1,administrative city; boundary unavailable,n.a.,2026-09-11,true,unavailable,not_available_globally_comparable,not available,0-1,administrative city; boundary unavailable,n.a.,2026-09-11,true,unavailable,not_available_globally_comparable,not available,0-1,administrative city; boundary unavailable,n.a.,2026-09-11,true,unavailable,not_available_globally_comparable,not available,0-1,administrative city; boundary unavailable,n.a.,2026-09-11,true,unavailable,geonames_cities15000_20260911,daily dump downloaded 2026-09-11,GeoNames identifier and UTF-8 text,selected populated-place record,CC BY 4.0,2026-09-11,false,high,geonames_cities15000_20260911,daily dump downloaded 2026-09-11,"decimal degrees, WGS84",GeoNames populated-place point,CC BY 4.0,2026-09-11,false,high
74,1857910,Kyoto,京都,日本,JP,日本 + 韩国 + 东南亚,Kyoto,35.02107,135.75385,Asia/Tokyo,Kyoto,2022-10-24,13.6,3.566667,1625.329125,83.33,23.16,815.777321,0,0.053882,0.740518,0,229.906448,537.712875,0.448094,47.999556,0.527296,0.816796,2821,1,1,0.481654,0.296183,1,0.882589,0,0.053882,0.740518,0.594613,0.448094,0.816796,0.527296,,,,,26,12,23,16,23,25.983054,11.866233,23.621773,15.812588,22.716352,26,11,24,16,23,26,12,23,16,23,medium,city-elements-v0.1.0,city-facts-2026-09-11-v1,cities100-2026-09-11-v1,GeoNames anchor; natural spatial fields use 30 km radius,all four fields unavailable; neutral response used,nasa_power_v2.9.7_1991_2020,1991-2020,degC,NASA POWER source grid cell at GeoNames anchor,NASA open data; attribution requested,2026-09-11,false,medium,nasa_power_v2.9.7_1991_2020,1991-2020,kWh/m2/day,NASA POWER source grid cell at GeoNames anchor,NASA open data; attribution requested,2026-09-11,false,medium,nasa_power_v2.9.7_1991_2020,1991-2020,mm/year,NASA POWER source grid cell at GeoNames anchor,NASA open data; attribution requested,2026-09-11,false,medium,nasa_power_v2.9.7_1991_2020,1991-2020,percent,NASA POWER source grid cell at GeoNames anchor,NASA open data; attribution requested,2026-09-11,false,medium,nasa_power_v2.9.7_1991_2020,1991-2020,degC,NASA POWER source grid cell at GeoNames anchor,NASA open data; attribution requested,2026-09-11,false,medium,fao56_aridity_derived,1991-2020,0-1; higher=drier,NASA POWER grid cell; FAO-56 monthly ETo using 30 km median elevation,Derived metric; source licences apply,2026-09-11,false,medium,esa_worldcover_2021_v200,2021,0-1,30 km radius; 1 km systematic grid; 80 m WorldCover overview,CC BY 4.0,2026-09-11,false,medium,esa_worldcover_2021_v200,2021,0-1,30 km radius; 1 km systematic grid; 80 m WorldCover overview,CC BY 4.0,2026-09-11,false,medium,copernicus_dem_glo90_2021,2021 release,m,30 km radius land pixels; 1 km systematic grid; 180 m DEM overview,Copernicus DEM GLO-90 free and open licence,2026-09-11,false,high,copernicus_dem_glo90_2021,2021 release,0-1,30 km radius land pixels; 1 km systematic grid; 180 m DEM overview,Copernicus DEM GLO-90 free and open licence,2026-09-11,false,high,copernicus_dem_glo90_2021,2021 release,m,30 km radius land pixels; 1 km systematic grid; 180 m DEM overview,Copernicus DEM GLO-90 free and open licence,2026-09-11,false,high,natural_earth_coastline_4.1.0,version 4.1.0,km,distance from GeoNames anchor to nearest Natural Earth 1:10m coastline,Public domain,2026-09-11,false,medium,natural_earth_coastline_4.1.0,version 4.1.0,0-1,distance from GeoNames anchor to nearest Natural Earth 1:10m coastline,Public domain,2026-09-11,false,medium,nasa_power_v2.9.7_1991_2020,1991-2020,0-1 calibrated index,NASA POWER source grid cell at GeoNames anchor,NASA open data; attribution requested,2026-09-11,false,medium,not_available_globally_comparable,not available,0-1,administrative city; boundary unavailable,n.a.,2026-09-11,true,unavailable,not_available_globally_comparable,not available,0-1,administrative city; boundary unavailable,n.a.,2026-09-11,true,unavailable,not_available_globally_comparable,not available,0-1,administrative city; boundary unavailable,n.a.,2026-09-11,true,unavailable,not_available_globally_comparable,not available,0-1,administrative city; boundary unavailable,n.a.,2026-09-11,true,unavailable,geonames_cities15000_20260911,daily dump downloaded 2026-09-11,GeoNames identifier and UTF-8 text,selected populated-place record,CC BY 4.0,2026-09-11,false,high,geonames_cities15000_20260911,daily dump downloaded 2026-09-11,"decimal degrees, WGS84",GeoNames populated-place point,CC BY 4.0,2026-09-11,false,high
75,2128295,Sapporo,札幌,日本,JP,日本 + 韩国 + 东南亚,Hokkaido,43.06667,141.35,Asia/Tokyo,Sapporo,2025-11-03,6.13,3.241667,1267.391475,87.44,26.7,563.599056,0,0.01028,0.721375,0.148174,87.587166,770.288903,0.641907,13.803449,0.831898,0.985424,2821,1,1,0.087271,0.180787,0.850979,0.999573,0,0.01028,0.721375,0.373945,0.641907,0.985424,0.831898,,,,,24,10,22,17,27,23.840097,10.02459,22.388605,16.776322,26.970385,24,9,23,17,27,24,11,22,17,26,medium,city-elements-v0.1.0,city-facts-2026-09-11-v1,cities100-2026-09-11-v1,GeoNames anchor; natural spatial fields use 30 km radius,all four fields unavailable; neutral response used,nasa_power_v2.9.7_1991_2020,1991-2020,degC,NASA POWER source grid cell at GeoNames anchor,NASA open data; attribution requested,2026-09-11,false,medium,nasa_power_v2.9.7_1991_2020,1991-2020,kWh/m2/day,NASA POWER source grid cell at GeoNames anchor,NASA open data; attribution requested,2026-09-11,false,medium,nasa_power_v2.9.7_1991_2020,1991-2020,mm/year,NASA POWER source grid cell at GeoNames anchor,NASA open data; attribution requested,2026-09-11,false,medium,nasa_power_v2.9.7_1991_2020,1991-2020,percent,NASA POWER source grid cell at GeoNames anchor,NASA open data; attribution requested,2026-09-11,false,medium,nasa_power_v2.9.7_1991_2020,1991-2020,degC,NASA POWER source grid cell at GeoNames anchor,NASA open data; attribution requested,2026-09-11,false,medium,fao56_aridity_derived,1991-2020,0-1; higher=drier,NASA POWER grid cell; FAO-56 monthly ETo using 30 km median elevation,Derived metric; source licences apply,2026-09-11,false,medium,esa_worldcover_2021_v200,2021,0-1,30 km radius; 1 km systematic grid; 80 m WorldCover overview,CC BY 4.0,2026-09-11,false,medium,esa_worldcover_2021_v200,2021,0-1,30 km radius; 1 km systematic grid; 80 m WorldCover overview,CC BY 4.0,2026-09-11,false,medium,copernicus_dem_glo90_2021,2021 release,m,30 km radius land pixels; 1 km systematic grid; 180 m DEM overview,Copernicus DEM GLO-90 free and open licence,2026-09-11,false,high,copernicus_dem_glo90_2021,2021 release,0-1,30 km radius land pixels; 1 km systematic grid; 180 m DEM overview,Copernicus DEM GLO-90 free and open licence,2026-09-11,false,high,copernicus_dem_glo90_2021,2021 release,m,30 km radius land pixels; 1 km systematic grid; 180 m DEM overview,Copernicus DEM GLO-90 free and open licence,2026-09-11,false,high,natural_earth_coastline_4.1.0,version 4.1.0,km,distance from GeoNames anchor to nearest Natural Earth 1:10m coastline,Public domain,2026-09-11,false,medium,natural_earth_coastline_4.1.0,version 4.1.0,0-1,distance from GeoNames anchor to nearest Natural Earth 1:10m coastline,Public domain,2026-09-11,false,medium,nasa_power_v2.9.7_1991_2020,1991-2020,0-1 calibrated index,NASA POWER source grid cell at GeoNames anchor,NASA open data; attribution requested,2026-09-11,false,medium,not_available_globally_comparable,not available,0-1,administrative city; boundary unavailable,n.a.,2026-09-11,true,unavailable,not_available_globally_comparable,not available,0-1,administrative city; boundary unavailable,n.a.,2026-09-11,true,unavailable,not_available_globally_comparable,not available,0-1,administrative city; boundary unavailable,n.a.,2026-09-11,true,unavailable,not_available_globally_comparable,not available,0-1,administrative city; boundary unavailable,n.a.,2026-09-11,true,unavailable,geonames_cities15000_20260911,daily dump downloaded 2026-09-11,GeoNames identifier and UTF-8 text,selected populated-place record,CC BY 4.0,2026-09-11,false,high,geonames_cities15000_20260911,daily dump downloaded 2026-09-11,"decimal degrees, WGS84",GeoNames populated-place point,CC BY 4.0,2026-09-11,false,high
76,1835848,Seoul,首尔,韩国,KR,日本 + 韩国 + 东南亚,Seoul,37.566,126.9784,Asia/Seoul,Seoul,2024-12-01,11.2,3.941667,1256.4342,77.28,27.97,852.796435,0,0.028359,0.598369,0.006026,59.644543,239.18658,0.199322,21.261728,0.753151,1,2821,1,1,0.354944,0.429332,0.845097,0.710386,0,0.028359,0.598369,0.286657,0.199322,1,0.753151,,,,,25,12,23,17,23,24.896063,12.498375,22.948483,16.754486,22.902592,25,12,23,17,23,24,13,23,17,23,medium,city-elements-v0.1.0,city-facts-2026-09-11-v1,cities100-2026-09-11-v1,GeoNames anchor; natural spatial fields use 30 km radius,all four fields unavailable; neutral response used,nasa_power_v2.9.7_1991_2020,1991-2020,degC,NASA POWER source grid cell at GeoNames anchor,NASA open data; attribution requested,2026-09-11,false,medium,nasa_power_v2.9.7_1991_2020,1991-2020,kWh/m2/day,NASA POWER source grid cell at GeoNames anchor,NASA open data; attribution requested,2026-09-11,false,medium,nasa_power_v2.9.7_1991_2020,1991-2020,mm/year,NASA POWER source grid cell at GeoNames anchor,NASA open data; attribution requested,2026-09-11,false,medium,nasa_power_v2.9.7_1991_2020,1991-2020,percent,NASA POWER source grid cell at GeoNames anchor,NASA open data; attribution requested,2026-09-11,false,medium,nasa_power_v2.9.7_1991_2020,1991-2020,degC,NASA POWER source grid cell at GeoNames anchor,NASA open data; attribution requested,2026-09-11,false,medium,fao56_aridity_derived,1991-2020,0-1; higher=drier,NASA POWER grid cell; FAO-56 monthly ETo using 30 km median elevation,Derived metric; source licences apply,2026-09-11,false,medium,esa_worldcover_2021_v200,2021,0-1,30 km radius; 1 km systematic grid; 80 m WorldCover overview,CC BY 4.0,2026-09-11,false,medium,esa_worldcover_2021_v200,2021,0-1,30 km radius; 1 km systematic grid; 80 m WorldCover overview,CC BY 4.0,2026-09-11,false,medium,copernicus_dem_glo90_2021,2021 release,m,30 km radius land pixels; 1 km systematic grid; 180 m DEM overview,Copernicus DEM GLO-90 free and open licence,2026-09-11,false,high,copernicus_dem_glo90_2021,2021 release,0-1,30 km radius land pixels; 1 km systematic grid; 180 m DEM overview,Copernicus DEM GLO-90 free and open licence,2026-09-11,false,high,copernicus_dem_glo90_2021,2021 release,m,30 km radius land pixels; 1 km systematic grid; 180 m DEM overview,Copernicus DEM GLO-90 free and open licence,2026-09-11,false,high,natural_earth_coastline_4.1.0,version 4.1.0,km,distance from GeoNames anchor to nearest Natural Earth 1:10m coastline,Public domain,2026-09-11,false,medium,natural_earth_coastline_4.1.0,version 4.1.0,0-1,distance from GeoNames anchor to nearest Natural Earth 1:10m coastline,Public domain,2026-09-11,false,medium,nasa_power_v2.9.7_1991_2020,1991-2020,0-1 calibrated index,NASA POWER source grid cell at GeoNames anchor,NASA open data; attribution requested,2026-09-11,false,medium,not_available_globally_comparable,not available,0-1,administrative city; boundary unavailable,n.a.,2026-09-11,true,unavailable,not_available_globally_comparable,not available,0-1,administrative city; boundary unavailable,n.a.,2026-09-11,true,unavailable,not_available_globally_comparable,not available,0-1,administrative city; boundary unavailable,n.a.,2026-09-11,true,unavailable,not_available_globally_comparable,not available,0-1,administrative city; boundary unavailable,n.a.,2026-09-11,true,unavailable,geonames_cities15000_20260911,daily dump downloaded 2026-09-11,GeoNames identifier and UTF-8 text,selected populated-place record,CC BY 4.0,2026-09-11,false,high,geonames_cities15000_20260911,daily dump downloaded 2026-09-11,"decimal degrees, WGS84",GeoNames populated-place point,CC BY 4.0,2026-09-11,false,high
77,1838524,Busan,釜山,韩国,KR,日本 + 韩国 + 东南亚,Busan,35.10168,129.03004,Asia/Seoul,Busan,2026-04-14,13.98,3.913889,1493.841825,78.55,23.29,913.021614,0,0.023041,0.299185,0.55335,76.682125,319.93146,0.26661,0.812774,0.989222,0.822989,2821,1,1,0.501716,0.419469,0.96234,0.746535,0,0.023041,0.299185,0.343687,0.26661,0.822989,0.989222,,,,,24,13,23,17,23,23.996278,12.957534,23.279683,16.461296,23.30521,24,13,23,16,24,24,13,23,17,23,medium,city-elements-v0.1.0,city-facts-2026-09-11-v1,cities100-2026-09-11-v1,GeoNames anchor; natural spatial fields use 30 km radius,all four fields unavailable; neutral response used,nasa_power_v2.9.7_1991_2020,1991-2020,degC,NASA POWER source grid cell at GeoNames anchor,NASA open data; attribution requested,2026-09-11,false,medium,nasa_power_v2.9.7_1991_2020,1991-2020,kWh/m2/day,NASA POWER source grid cell at GeoNames anchor,NASA open data; attribution requested,2026-09-11,false,medium,nasa_power_v2.9.7_1991_2020,1991-2020,mm/year,NASA POWER source grid cell at GeoNames anchor,NASA open data; attribution requested,2026-09-11,false,medium,nasa_power_v2.9.7_1991_2020,1991-2020,percent,NASA POWER source grid cell at GeoNames anchor,NASA open data; attribution requested,2026-09-11,false,medium,nasa_power_v2.9.7_1991_2020,1991-2020,degC,NASA POWER source grid cell at GeoNames anchor,NASA open data; attribution requested,2026-09-11,false,medium,fao56_aridity_derived,1991-2020,0-1; higher=drier,NASA POWER grid cell; FAO-56 monthly ETo using 30 km median elevation,Derived metric; source licences apply,2026-09-11,false,medium,esa_worldcover_2021_v200,2021,0-1,30 km radius; 1 km systematic grid; 80 m WorldCover overview,CC BY 4.0,2026-09-11,false,medium,esa_worldcover_2021_v200,2021,0-1,30 km radius; 1 km systematic grid; 80 m WorldCover overview,CC BY 4.0,2026-09-11,false,medium,copernicus_dem_glo90_2021,2021 release,m,30 km radius land pixels; 1 km systematic grid; 180 m DEM overview,Copernicus DEM GLO-90 free and open licence,2026-09-11,false,high,copernicus_dem_glo90_2021,2021 release,0-1,30 km radius land pixels; 1 km systematic grid; 180 m DEM overview,Copernicus DEM GLO-90 free and open licence,2026-09-11,false,high,copernicus_dem_glo90_2021,2021 release,m,30 km radius land pixels; 1 km systematic grid; 180 m DEM overview,Copernicus DEM GLO-90 free and open licence,2026-09-11,false,high,natural_earth_coastline_4.1.0,version 4.1.0,km,distance from GeoNames anchor to nearest Natural Earth 1:10m coastline,Public domain,2026-09-11,false,medium,natural_earth_coastline_4.1.0,version 4.1.0,0-1,distance from GeoNames anchor to nearest Natural Earth 1:10m coastline,Public domain,2026-09-11,false,medium,nasa_power_v2.9.7_1991_2020,1991-2020,0-1 calibrated index,NASA POWER source grid cell at GeoNames anchor,NASA open data; attribution requested,2026-09-11,false,medium,not_available_globally_comparable,not available,0-1,administrative city; boundary unavailable,n.a.,2026-09-11,true,unavailable,not_available_globally_comparable,not available,0-1,administrative city; boundary unavailable,n.a.,2026-09-11,true,unavailable,not_available_globally_comparable,not available,0-1,administrative city; boundary unavailable,n.a.,2026-09-11,true,unavailable,not_available_globally_comparable,not available,0-1,administrative city; boundary unavailable,n.a.,2026-09-11,true,unavailable,geonames_cities15000_20260911,daily dump downloaded 2026-09-11,GeoNames identifier and UTF-8 text,selected populated-place record,CC BY 4.0,2026-09-11,false,high,geonames_cities15000_20260911,daily dump downloaded 2026-09-11,"decimal degrees, WGS84",GeoNames populated-place point,CC BY 4.0,2026-09-11,false,high
78,1880252,Singapore,新加坡,新加坡,SG,日本 + 韩国 + 东南亚,,1.28967,103.85007,Asia/Singapore,Singapore,2025-07-23,26.96,4.633333,2275.460775,84.74,2.08,1317.721047,0,0.033322,0.2648,0.607586,16.983791,38.712448,0.03226,1.297263,0.982852,0,2821,1,1,1,0.674919,1,0.922722,0,0.033322,0.2648,0.006669,0.03226,0,0.982852,,,,,23,18,19,15,25,23.112686,17.541183,19.016868,14.865967,25.463296,23,17,19,15,26,23,18,19,15,25,medium,city-elements-v0.1.0,city-facts-2026-09-11-v1,cities100-2026-09-11-v1,GeoNames anchor; natural spatial fields use 30 km radius,all four fields unavailable; neutral response used,nasa_power_v2.9.7_1991_2020,1991-2020,degC,NASA POWER source grid cell at GeoNames anchor,NASA open data; attribution requested,2026-09-11,false,medium,nasa_power_v2.9.7_1991_2020,1991-2020,kWh/m2/day,NASA POWER source grid cell at GeoNames anchor,NASA open data; attribution requested,2026-09-11,false,medium,nasa_power_v2.9.7_1991_2020,1991-2020,mm/year,NASA POWER source grid cell at GeoNames anchor,NASA open data; attribution requested,2026-09-11,false,medium,nasa_power_v2.9.7_1991_2020,1991-2020,percent,NASA POWER source grid cell at GeoNames anchor,NASA open data; attribution requested,2026-09-11,false,medium,nasa_power_v2.9.7_1991_2020,1991-2020,degC,NASA POWER source grid cell at GeoNames anchor,NASA open data; attribution requested,2026-09-11,false,medium,fao56_aridity_derived,1991-2020,0-1; higher=drier,NASA POWER grid cell; FAO-56 monthly ETo using 30 km median elevation,Derived metric; source licences apply,2026-09-11,false,medium,esa_worldcover_2021_v200,2021,0-1,30 km radius; 1 km systematic grid; 80 m WorldCover overview,CC BY 4.0,2026-09-11,false,medium,esa_worldcover_2021_v200,2021,0-1,30 km radius; 1 km systematic grid; 80 m WorldCover overview,CC BY 4.0,2026-09-11,false,medium,copernicus_dem_glo90_2021,2021 release,m,30 km radius land pixels; 1 km systematic grid; 180 m DEM overview,Copernicus DEM GLO-90 free and open licence,2026-09-11,false,high,copernicus_dem_glo90_2021,2021 release,0-1,30 km radius land pixels; 1 km systematic grid; 180 m DEM overview,Copernicus DEM GLO-90 free and open licence,2026-09-11,false,high,copernicus_dem_glo90_2021,2021 release,m,30 km radius land pixels; 1 km systematic grid; 180 m DEM overview,Copernicus DEM GLO-90 free and open licence,2026-09-11,false,high,natural_earth_coastline_4.1.0,version 4.1.0,km,distance from GeoNames anchor to nearest Natural Earth 1:10m coastline,Public domain,2026-09-11,false,medium,natural_earth_coastline_4.1.0,version 4.1.0,0-1,distance from GeoNames anchor to nearest Natural Earth 1:10m coastline,Public domain,2026-09-11,false,medium,nasa_power_v2.9.7_1991_2020,1991-2020,0-1 calibrated index,NASA POWER source grid cell at GeoNames anchor,NASA open data; attribution requested,2026-09-11,false,medium,not_available_globally_comparable,not available,0-1,administrative city; boundary unavailable,n.a.,2026-09-11,true,unavailable,not_available_globally_comparable,not available,0-1,administrative city; boundary unavailable,n.a.,2026-09-11,true,unavailable,not_available_globally_comparable,not available,0-1,administrative city; boundary unavailable,n.a.,2026-09-11,true,unavailable,not_available_globally_comparable,not available,0-1,administrative city; boundary unavailable,n.a.,2026-09-11,true,unavailable,geonames_cities15000_20260911,daily dump downloaded 2026-09-11,GeoNames identifier and UTF-8 text,selected populated-place record,CC BY 4.0,2026-09-11,false,high,geonames_cities15000_20260911,daily dump downloaded 2026-09-11,"decimal degrees, WGS84",GeoNames populated-place point,CC BY 4.0,2026-09-11,false,high
79,1609350,Bangkok,曼谷,泰国,TH,日本 + 韩国 + 东南亚,Bangkok,13.75398,100.50144,Asia/Bangkok,Bangkok,2024-03-26,27.8,5.305556,1333.135125,74.3,5.86,1651.069625,0.192563,0.090393,0.387806,0.022333,3.629012,4.296772,0.003581,18.831089,0.777959,0,2821,1,1,1,0.913601,0.885236,0.625566,0.192563,0.090393,0.387806,0,0.003581,0,0.777959,,,,,23,20,20,15,22,22.991951,19.65831,19.762711,14.953696,22.633332,23,19,20,15,23,23,20,20,15,22,medium,city-elements-v0.1.0,city-facts-2026-09-11-v1,cities100-2026-09-11-v1,GeoNames anchor; natural spatial fields use 30 km radius,all four fields unavailable; neutral response used,nasa_power_v2.9.7_1991_2020,1991-2020,degC,NASA POWER source grid cell at GeoNames anchor,NASA open data; attribution requested,2026-09-11,false,medium,nasa_power_v2.9.7_1991_2020,1991-2020,kWh/m2/day,NASA POWER source grid cell at GeoNames anchor,NASA open data; attribution requested,2026-09-11,false,medium,nasa_power_v2.9.7_1991_2020,1991-2020,mm/year,NASA POWER source grid cell at GeoNames anchor,NASA open data; attribution requested,2026-09-11,false,medium,nasa_power_v2.9.7_1991_2020,1991-2020,percent,NASA POWER source grid cell at GeoNames anchor,NASA open data; attribution requested,2026-09-11,false,medium,nasa_power_v2.9.7_1991_2020,1991-2020,degC,NASA POWER source grid cell at GeoNames anchor,NASA open data; attribution requested,2026-09-11,false,medium,fao56_aridity_derived,1991-2020,0-1; higher=drier,NASA POWER grid cell; FAO-56 monthly ETo using 30 km median elevation,Derived metric; source licences apply,2026-09-11,false,medium,esa_worldcover_2021_v200,2021,0-1,30 km radius; 1 km systematic grid; 80 m WorldCover overview,CC BY 4.0,2026-09-11,false,medium,esa_worldcover_2021_v200,2021,0-1,30 km radius; 1 km systematic grid; 80 m WorldCover overview,CC BY 4.0,2026-09-11,false,medium,copernicus_dem_glo90_2021,2021 release,m,30 km radius land pixels; 1 km systematic grid; 180 m DEM overview,Copernicus DEM GLO-90 free and open licence,2026-09-11,false,high,copernicus_dem_glo90_2021,2021 release,0-1,30 km radius land pixels; 1 km systematic grid; 180 m DEM overview,Copernicus DEM GLO-90 free and open licence,2026-09-11,false,high,copernicus_dem_glo90_2021,2021 release,m,30 km radius land pixels; 1 km systematic grid; 180 m DEM overview,Copernicus DEM GLO-90 free and open licence,2026-09-11,false,high,natural_earth_coastline_4.1.0,version 4.1.0,km,distance from GeoNames anchor to nearest Natural Earth 1:10m coastline,Public domain,2026-09-11,false,medium,natural_earth_coastline_4.1.0,version 4.1.0,0-1,distance from GeoNames anchor to nearest Natural Earth 1:10m coastline,Public domain,2026-09-11,false,medium,nasa_power_v2.9.7_1991_2020,1991-2020,0-1 calibrated index,NASA POWER source grid cell at GeoNames anchor,NASA open data; attribution requested,2026-09-11,false,medium,not_available_globally_comparable,not available,0-1,administrative city; boundary unavailable,n.a.,2026-09-11,true,unavailable,not_available_globally_comparable,not available,0-1,administrative city; boundary unavailable,n.a.,2026-09-11,true,unavailable,not_available_globally_comparable,not available,0-1,administrative city; boundary unavailable,n.a.,2026-09-11,true,unavailable,not_available_globally_comparable,not available,0-1,administrative city; boundary unavailable,n.a.,2026-09-11,true,unavailable,geonames_cities15000_20260911,daily dump downloaded 2026-09-11,GeoNames identifier and UTF-8 text,selected populated-place record,CC BY 4.0,2026-09-11,false,high,geonames_cities15000_20260911,daily dump downloaded 2026-09-11,"decimal degrees, WGS84",GeoNames populated-place point,CC BY 4.0,2026-09-11,false,high
80,1735161,Kuala Lumpur,吉隆坡,马来西亚,MY,日本 + 韩国 + 东南亚,Kuala Lumpur,3.1412,101.68653,Asia/Kuala_Lumpur,Kuala Lumpur,2026-04-29,25.4,4.85,2472.691725,87.07,1.58,1270.659558,0,0.01347,0.641262,0,64.771324,473.209805,0.394342,36.452188,0.615064,0,2821,1,1,1,0.751849,1,0.989042,0,0.01347,0.641262,0.30535,0.394342,0,0.615064,,,,,25,17,21,14,23,24.612988,17.303957,20.473712,14.257554,23.351789,25,17,20,14,24,24,18,20,15,23,medium,city-elements-v0.1.0,city-facts-2026-09-11-v1,cities100-2026-09-11-v1,GeoNames anchor; natural spatial fields use 30 km radius,all four fields unavailable; neutral response used,nasa_power_v2.9.7_1991_2020,1991-2020,degC,NASA POWER source grid cell at GeoNames anchor,NASA open data; attribution requested,2026-09-11,false,medium,nasa_power_v2.9.7_1991_2020,1991-2020,kWh/m2/day,NASA POWER source grid cell at GeoNames anchor,NASA open data; attribution requested,2026-09-11,false,medium,nasa_power_v2.9.7_1991_2020,1991-2020,mm/year,NASA POWER source grid cell at GeoNames anchor,NASA open data; attribution requested,2026-09-11,false,medium,nasa_power_v2.9.7_1991_2020,1991-2020,percent,NASA POWER source grid cell at GeoNames anchor,NASA open data; attribution requested,2026-09-11,false,medium,nasa_power_v2.9.7_1991_2020,1991-2020,degC,NASA POWER source grid cell at GeoNames anchor,NASA open data; attribution requested,2026-09-11,false,medium,fao56_aridity_derived,1991-2020,0-1; higher=drier,NASA POWER grid cell; FAO-56 monthly ETo using 30 km median elevation,Derived metric; source licences apply,2026-09-11,false,medium,esa_worldcover_2021_v200,2021,0-1,30 km radius; 1 km systematic grid; 80 m WorldCover overview,CC BY 4.0,2026-09-11,false,medium,esa_worldcover_2021_v200,2021,0-1,30 km radius; 1 km systematic grid; 80 m WorldCover overview,CC BY 4.0,2026-09-11,false,medium,copernicus_dem_glo90_2021,2021 release,m,30 km radius land pixels; 1 km systematic grid; 180 m DEM overview,Copernicus DEM GLO-90 free and open licence,2026-09-11,false,high,copernicus_dem_glo90_2021,2021 release,0-1,30 km radius land pixels; 1 km systematic grid; 180 m DEM overview,Copernicus DEM GLO-90 free and open licence,2026-09-11,false,high,copernicus_dem_glo90_2021,2021 release,m,30 km radius land pixels; 1 km systematic grid; 180 m DEM overview,Copernicus DEM GLO-90 free and open licence,2026-09-11,false,high,natural_earth_coastline_4.1.0,version 4.1.0,km,distance from GeoNames anchor to nearest Natural Earth 1:10m coastline,Public domain,2026-09-11,false,medium,natural_earth_coastline_4.1.0,version 4.1.0,0-1,distance from GeoNames anchor to nearest Natural Earth 1:10m coastline,Public domain,2026-09-11,false,medium,nasa_power_v2.9.7_1991_2020,1991-2020,0-1 calibrated index,NASA POWER source grid cell at GeoNames anchor,NASA open data; attribution requested,2026-09-11,false,medium,not_available_globally_comparable,not available,0-1,administrative city; boundary unavailable,n.a.,2026-09-11,true,unavailable,not_available_globally_comparable,not available,0-1,administrative city; boundary unavailable,n.a.,2026-09-11,true,unavailable,not_available_globally_comparable,not available,0-1,administrative city; boundary unavailable,n.a.,2026-09-11,true,unavailable,not_available_globally_comparable,not available,0-1,administrative city; boundary unavailable,n.a.,2026-09-11,true,unavailable,geonames_cities15000_20260911,daily dump downloaded 2026-09-11,GeoNames identifier and UTF-8 text,selected populated-place record,CC BY 4.0,2026-09-11,false,high,geonames_cities15000_20260911,daily dump downloaded 2026-09-11,"decimal degrees, WGS84",GeoNames populated-place point,CC BY 4.0,2026-09-11,false,high
81,1581130,Hanoi,河内,越南,VN,日本 + 韩国 + 东南亚,Hanoi,21.0245,105.84117,Asia/Bangkok,Hanoi,2026-05-07,23.35,3.802778,1555.93305,81.27,12.7,1128.877541,0,0.038639,0.696207,0,7.691776,8.556181,0.00713,83.261961,0.329506,0.318535,2821,1,1,0.99641,0.380018,0.989929,0.823955,0,0.038639,0.696207,0,0.00713,0.318535,0.329506,,,,,26,16,20,15,23,25.793671,16.162629,19.808319,14.951352,23.284029,26,16,20,15,23,26,16,20,15,23,medium,city-elements-v0.1.0,city-facts-2026-09-11-v1,cities100-2026-09-11-v1,GeoNames anchor; natural spatial fields use 30 km radius,all four fields unavailable; neutral response used,nasa_power_v2.9.7_1991_2020,1991-2020,degC,NASA POWER source grid cell at GeoNames anchor,NASA open data; attribution requested,2026-09-11,false,medium,nasa_power_v2.9.7_1991_2020,1991-2020,kWh/m2/day,NASA POWER source grid cell at GeoNames anchor,NASA open data; attribution requested,2026-09-11,false,medium,nasa_power_v2.9.7_1991_2020,1991-2020,mm/year,NASA POWER source grid cell at GeoNames anchor,NASA open data; attribution requested,2026-09-11,false,medium,nasa_power_v2.9.7_1991_2020,1991-2020,percent,NASA POWER source grid cell at GeoNames anchor,NASA open data; attribution requested,2026-09-11,false,medium,nasa_power_v2.9.7_1991_2020,1991-2020,degC,NASA POWER source grid cell at GeoNames anchor,NASA open data; attribution requested,2026-09-11,false,medium,fao56_aridity_derived,1991-2020,0-1; higher=drier,NASA POWER grid cell; FAO-56 monthly ETo using 30 km median elevation,Derived metric; source licences apply,2026-09-11,false,medium,esa_worldcover_2021_v200,2021,0-1,30 km radius; 1 km systematic grid; 80 m WorldCover overview,CC BY 4.0,2026-09-11,false,medium,esa_worldcover_2021_v200,2021,0-1,30 km radius; 1 km systematic grid; 80 m WorldCover overview,CC BY 4.0,2026-09-11,false,medium,copernicus_dem_glo90_2021,2021 release,m,30 km radius land pixels; 1 km systematic grid; 180 m DEM overview,Copernicus DEM GLO-90 free and open licence,2026-09-11,false,high,copernicus_dem_glo90_2021,2021 release,0-1,30 km radius land pixels; 1 km systematic grid; 180 m DEM overview,Copernicus DEM GLO-90 free and open licence,2026-09-11,false,high,copernicus_dem_glo90_2021,2021 release,m,30 km radius land pixels; 1 km systematic grid; 180 m DEM overview,Copernicus DEM GLO-90 free and open licence,2026-09-11,false,high,natural_earth_coastline_4.1.0,version 4.1.0,km,distance from GeoNames anchor to nearest Natural Earth 1:10m coastline,Public domain,2026-09-11,false,medium,natural_earth_coastline_4.1.0,version 4.1.0,0-1,distance from GeoNames anchor to nearest Natural Earth 1:10m coastline,Public domain,2026-09-11,false,medium,nasa_power_v2.9.7_1991_2020,1991-2020,0-1 calibrated index,NASA POWER source grid cell at GeoNames anchor,NASA open data; attribution requested,2026-09-11,false,medium,not_available_globally_comparable,not available,0-1,administrative city; boundary unavailable,n.a.,2026-09-11,true,unavailable,not_available_globally_comparable,not available,0-1,administrative city; boundary unavailable,n.a.,2026-09-11,true,unavailable,not_available_globally_comparable,not available,0-1,administrative city; boundary unavailable,n.a.,2026-09-11,true,unavailable,not_available_globally_comparable,not available,0-1,administrative city; boundary unavailable,n.a.,2026-09-11,true,unavailable,geonames_cities15000_20260911,daily dump downloaded 2026-09-11,GeoNames identifier and UTF-8 text,selected populated-place record,CC BY 4.0,2026-09-11,false,high,geonames_cities15000_20260911,daily dump downloaded 2026-09-11,"decimal degrees, WGS84",GeoNames populated-place point,CC BY 4.0,2026-09-11,false,high
82,1701668,Manila,马尼拉,菲律宾,PH,日本 + 韩国 + 东南亚,National Capital Region,14.6042,120.9822,Asia/Manila,Manila,2025-09-16,25.69,5.097222,2721.056625,84.54,4.31,1348.245379,0,0.143212,0.297058,0.297412,19.513846,168.642459,0.140535,2.848014,0.962738,0,2821,1,1,1,0.839629,1,0.91703,0,0.143212,0.297058,0.036988,0.140535,0,0.962738,,,,,23,18,19,15,25,23.03331,18.356219,18.781531,14.445196,25.383743,23,18,19,14,26,23,18,19,15,25,medium,city-elements-v0.1.0,city-facts-2026-09-11-v1,cities100-2026-09-11-v1,GeoNames anchor; natural spatial fields use 30 km radius,all four fields unavailable; neutral response used,nasa_power_v2.9.7_1991_2020,1991-2020,degC,NASA POWER source grid cell at GeoNames anchor,NASA open data; attribution requested,2026-09-11,false,medium,nasa_power_v2.9.7_1991_2020,1991-2020,kWh/m2/day,NASA POWER source grid cell at GeoNames anchor,NASA open data; attribution requested,2026-09-11,false,medium,nasa_power_v2.9.7_1991_2020,1991-2020,mm/year,NASA POWER source grid cell at GeoNames anchor,NASA open data; attribution requested,2026-09-11,false,medium,nasa_power_v2.9.7_1991_2020,1991-2020,percent,NASA POWER source grid cell at GeoNames anchor,NASA open data; attribution requested,2026-09-11,false,medium,nasa_power_v2.9.7_1991_2020,1991-2020,degC,NASA POWER source grid cell at GeoNames anchor,NASA open data; attribution requested,2026-09-11,false,medium,fao56_aridity_derived,1991-2020,0-1; higher=drier,NASA POWER grid cell; FAO-56 monthly ETo using 30 km median elevation,Derived metric; source licences apply,2026-09-11,false,medium,esa_worldcover_2021_v200,2021,0-1,30 km radius; 1 km systematic grid; 80 m WorldCover overview,CC BY 4.0,2026-09-11,false,medium,esa_worldcover_2021_v200,2021,0-1,30 km radius; 1 km systematic grid; 80 m WorldCover overview,CC BY 4.0,2026-09-11,false,medium,copernicus_dem_glo90_2021,2021 release,m,30 km radius land pixels; 1 km systematic grid; 180 m DEM overview,Copernicus DEM GLO-90 free and open licence,2026-09-11,false,high,copernicus_dem_glo90_2021,2021 release,0-1,30 km radius land pixels; 1 km systematic grid; 180 m DEM overview,Copernicus DEM GLO-90 free and open licence,2026-09-11,false,high,copernicus_dem_glo90_2021,2021 release,m,30 km radius land pixels; 1 km systematic grid; 180 m DEM overview,Copernicus DEM GLO-90 free and open licence,2026-09-11,false,high,natural_earth_coastline_4.1.0,version 4.1.0,km,distance from GeoNames anchor to nearest Natural Earth 1:10m coastline,Public domain,2026-09-11,false,medium,natural_earth_coastline_4.1.0,version 4.1.0,0-1,distance from GeoNames anchor to nearest Natural Earth 1:10m coastline,Public domain,2026-09-11,false,medium,nasa_power_v2.9.7_1991_2020,1991-2020,0-1 calibrated index,NASA POWER source grid cell at GeoNames anchor,NASA open data; attribution requested,2026-09-11,false,medium,not_available_globally_comparable,not available,0-1,administrative city; boundary unavailable,n.a.,2026-09-11,true,unavailable,not_available_globally_comparable,not available,0-1,administrative city; boundary unavailable,n.a.,2026-09-11,true,unavailable,not_available_globally_comparable,not available,0-1,administrative city; boundary unavailable,n.a.,2026-09-11,true,unavailable,not_available_globally_comparable,not available,0-1,administrative city; boundary unavailable,n.a.,2026-09-11,true,unavailable,geonames_cities15000_20260911,daily dump downloaded 2026-09-11,GeoNames identifier and UTF-8 text,selected populated-place record,CC BY 4.0,2026-09-11,false,high,geonames_cities15000_20260911,daily dump downloaded 2026-09-11,"decimal degrees, WGS84",GeoNames populated-place point,CC BY 4.0,2026-09-11,false,high
83,1273294,New Delhi,新德里,印度,IN,南亚,Delhi,28.65195,77.23149,Asia/Kolkata,Delhi,2024-12-31,25.65,4.977778,737.78985,44.04,22.12,1918.312869,0.615396,0.008153,0.576746,0,214.008865,39.812744,0.033177,828.828179,0.000016,0.767256,2821,1,1,1,0.797219,0.484575,0,0.615396,0.008153,0.576746,0.578183,0.033177,0.767256,0.000016,,,,,22,20,25,19,14,21.57266,19.604166,25.499773,18.842032,14.481371,22,19,26,19,14,21,20,25,19,15,medium,city-elements-v0.1.0,city-facts-2026-09-11-v1,cities100-2026-09-11-v1,GeoNames anchor; natural spatial fields use 30 km radius,all four fields unavailable; neutral response used,nasa_power_v2.9.7_1991_2020,1991-2020,degC,NASA POWER source grid cell at GeoNames anchor,NASA open data; attribution requested,2026-09-11,false,medium,nasa_power_v2.9.7_1991_2020,1991-2020,kWh/m2/day,NASA POWER source grid cell at GeoNames anchor,NASA open data; attribution requested,2026-09-11,false,medium,nasa_power_v2.9.7_1991_2020,1991-2020,mm/year,NASA POWER source grid cell at GeoNames anchor,NASA open data; attribution requested,2026-09-11,false,medium,nasa_power_v2.9.7_1991_2020,1991-2020,percent,NASA POWER source grid cell at GeoNames anchor,NASA open data; attribution requested,2026-09-11,false,medium,nasa_power_v2.9.7_1991_2020,1991-2020,degC,NASA POWER source grid cell at GeoNames anchor,NASA open data; attribution requested,2026-09-11,false,medium,fao56_aridity_derived,1991-2020,0-1; higher=drier,NASA POWER grid cell; FAO-56 monthly ETo using 30 km median elevation,Derived metric; source licences apply,2026-09-11,false,medium,esa_worldcover_2021_v200,2021,0-1,30 km radius; 1 km systematic grid; 80 m WorldCover overview,CC BY 4.0,2026-09-11,false,medium,esa_worldcover_2021_v200,2021,0-1,30 km radius; 1 km systematic grid; 80 m WorldCover overview,CC BY 4.0,2026-09-11,false,medium,copernicus_dem_glo90_2021,2021 release,m,30 km radius land pixels; 1 km systematic grid; 180 m DEM overview,Copernicus DEM GLO-90 free and open licence,2026-09-11,false,high,copernicus_dem_glo90_2021,2021 release,0-1,30 km radius land pixels; 1 km systematic grid; 180 m DEM overview,Copernicus DEM GLO-90 free and open licence,2026-09-11,false,high,copernicus_dem_glo90_2021,2021 release,m,30 km radius land pixels; 1 km systematic grid; 180 m DEM overview,Copernicus DEM GLO-90 free and open licence,2026-09-11,false,high,natural_earth_coastline_4.1.0,version 4.1.0,km,distance from GeoNames anchor to nearest Natural Earth 1:10m coastline,Public domain,2026-09-11,false,medium,natural_earth_coastline_4.1.0,version 4.1.0,0-1,distance from GeoNames anchor to nearest Natural Earth 1:10m coastline,Public domain,2026-09-11,false,medium,nasa_power_v2.9.7_1991_2020,1991-2020,0-1 calibrated index,NASA POWER source grid cell at GeoNames anchor,NASA open data; attribution requested,2026-09-11,false,medium,not_available_globally_comparable,not available,0-1,administrative city; boundary unavailable,n.a.,2026-09-11,true,unavailable,not_available_globally_comparable,not available,0-1,administrative city; boundary unavailable,n.a.,2026-09-11,true,unavailable,not_available_globally_comparable,not available,0-1,administrative city; boundary unavailable,n.a.,2026-09-11,true,unavailable,not_available_globally_comparable,not available,0-1,administrative city; boundary unavailable,n.a.,2026-09-11,true,unavailable,geonames_cities15000_20260911,daily dump downloaded 2026-09-11,GeoNames identifier and UTF-8 text,selected populated-place record,CC BY 4.0,2026-09-11,false,high,geonames_cities15000_20260911,daily dump downloaded 2026-09-11,"decimal degrees, WGS84",GeoNames populated-place point,CC BY 4.0,2026-09-11,false,high
84,2147714,Sydney,悉尼,澳大利亚,AU,澳洲 + 新西兰,New South Wales,-33.86785,151.20732,Australia/Sydney,Sydney,2026-06-24,18.46,4.627778,902.148975,72.86,8.86,1216.365237,0.258324,0.0514,0.338887,0.403049,48.194403,155.088301,0.12924,3.70176,0.951841,0.135617,2821,1,1,0.73824,0.672946,0.62075,0.584579,0.258324,0.0514,0.338887,0.238459,0.12924,0.135617,0.951841,,,,,23,17,23,16,21,23.283086,16.819626,22.788129,16.005815,21.103344,23,17,23,16,21,23,17,23,16,21,medium,city-elements-v0.1.0,city-facts-2026-09-11-v1,cities100-2026-09-11-v1,GeoNames anchor; natural spatial fields use 30 km radius,all four fields unavailable; neutral response used,nasa_power_v2.9.7_1991_2020,1991-2020,degC,NASA POWER source grid cell at GeoNames anchor,NASA open data; attribution requested,2026-09-11,false,medium,nasa_power_v2.9.7_1991_2020,1991-2020,kWh/m2/day,NASA POWER source grid cell at GeoNames anchor,NASA open data; attribution requested,2026-09-11,false,medium,nasa_power_v2.9.7_1991_2020,1991-2020,mm/year,NASA POWER source grid cell at GeoNames anchor,NASA open data; attribution requested,2026-09-11,false,medium,nasa_power_v2.9.7_1991_2020,1991-2020,percent,NASA POWER source grid cell at GeoNames anchor,NASA open data; attribution requested,2026-09-11,false,medium,nasa_power_v2.9.7_1991_2020,1991-2020,degC,NASA POWER source grid cell at GeoNames anchor,NASA open data; attribution requested,2026-09-11,false,medium,fao56_aridity_derived,1991-2020,0-1; higher=drier,NASA POWER grid cell; FAO-56 monthly ETo using 30 km median elevation,Derived metric; source licences apply,2026-09-11,false,medium,esa_worldcover_2021_v200,2021,0-1,30 km radius; 1 km systematic grid; 80 m WorldCover overview,CC BY 4.0,2026-09-11,false,medium,esa_worldcover_2021_v200,2021,0-1,30 km radius; 1 km systematic grid; 80 m WorldCover overview,CC BY 4.0,2026-09-11,false,medium,copernicus_dem_glo90_2021,2021 release,m,30 km radius land pixels; 1 km systematic grid; 180 m DEM overview,Copernicus DEM GLO-90 free and open licence,2026-09-11,false,high,copernicus_dem_glo90_2021,2021 release,0-1,30 km radius land pixels; 1 km systematic grid; 180 m DEM overview,Copernicus DEM GLO-90 free and open licence,2026-09-11,false,high,copernicus_dem_glo90_2021,2021 release,m,30 km radius land pixels; 1 km systematic grid; 180 m DEM overview,Copernicus DEM GLO-90 free and open licence,2026-09-11,false,high,natural_earth_coastline_4.1.0,version 4.1.0,km,distance from GeoNames anchor to nearest Natural Earth 1:10m coastline,Public domain,2026-09-11,false,medium,natural_earth_coastline_4.1.0,version 4.1.0,0-1,distance from GeoNames anchor to nearest Natural Earth 1:10m coastline,Public domain,2026-09-11,false,medium,nasa_power_v2.9.7_1991_2020,1991-2020,0-1 calibrated index,NASA POWER source grid cell at GeoNames anchor,NASA open data; attribution requested,2026-09-11,false,medium,not_available_globally_comparable,not available,0-1,administrative city; boundary unavailable,n.a.,2026-09-11,true,unavailable,not_available_globally_comparable,not available,0-1,administrative city; boundary unavailable,n.a.,2026-09-11,true,unavailable,not_available_globally_comparable,not available,0-1,administrative city; boundary unavailable,n.a.,2026-09-11,true,unavailable,not_available_globally_comparable,not available,0-1,administrative city; boundary unavailable,n.a.,2026-09-11,true,unavailable,geonames_cities15000_20260911,daily dump downloaded 2026-09-11,GeoNames identifier and UTF-8 text,selected populated-place record,CC BY 4.0,2026-09-11,false,high,geonames_cities15000_20260911,daily dump downloaded 2026-09-11,"decimal degrees, WGS84",GeoNames populated-place point,CC BY 4.0,2026-09-11,false,high
85,2063523,Perth,珀斯,澳大利亚,AU,澳洲 + 新西兰,Western Australia,-31.95224,115.8614,Australia/Perth,Perth,2026-06-24,19.07,5.527778,708.57045,69.32,7.77,1573.95284,0.549815,0.042184,0.438851,0.251684,31.770109,246.116476,0.205097,11.355321,0.8595,0.083695,2821,1,1,0.770445,0.992504,0.457219,0.483819,0.549815,0.042184,0.438851,0.144882,0.205097,0.083695,0.8595,,,,,22,20,23,16,19,22.378716,19.459573,23.279587,16.174659,18.707465,23,19,23,16,19,22,20,23,16,19,medium,city-elements-v0.1.0,city-facts-2026-09-11-v1,cities100-2026-09-11-v1,GeoNames anchor; natural spatial fields use 30 km radius,all four fields unavailable; neutral response used,nasa_power_v2.9.7_1991_2020,1991-2020,degC,NASA POWER source grid cell at GeoNames anchor,NASA open data; attribution requested,2026-09-11,false,medium,nasa_power_v2.9.7_1991_2020,1991-2020,kWh/m2/day,NASA POWER source grid cell at GeoNames anchor,NASA open data; attribution requested,2026-09-11,false,medium,nasa_power_v2.9.7_1991_2020,1991-2020,mm/year,NASA POWER source grid cell at GeoNames anchor,NASA open data; attribution requested,2026-09-11,false,medium,nasa_power_v2.9.7_1991_2020,1991-2020,percent,NASA POWER source grid cell at GeoNames anchor,NASA open data; attribution requested,2026-09-11,false,medium,nasa_power_v2.9.7_1991_2020,1991-2020,degC,NASA POWER source grid cell at GeoNames anchor,NASA open data; attribution requested,2026-09-11,false,medium,fao56_aridity_derived,1991-2020,0-1; higher=drier,NASA POWER grid cell; FAO-56 monthly ETo using 30 km median elevation,Derived metric; source licences apply,2026-09-11,false,medium,esa_worldcover_2021_v200,2021,0-1,30 km radius; 1 km systematic grid; 80 m WorldCover overview,CC BY 4.0,2026-09-11,false,medium,esa_worldcover_2021_v200,2021,0-1,30 km radius; 1 km systematic grid; 80 m WorldCover overview,CC BY 4.0,2026-09-11,false,medium,copernicus_dem_glo90_2021,2021 release,m,30 km radius land pixels; 1 km systematic grid; 180 m DEM overview,Copernicus DEM GLO-90 free and open licence,2026-09-11,false,high,copernicus_dem_glo90_2021,2021 release,0-1,30 km radius land pixels; 1 km systematic grid; 180 m DEM overview,Copernicus DEM GLO-90 free and open licence,2026-09-11,false,high,copernicus_dem_glo90_2021,2021 release,m,30 km radius land pixels; 1 km systematic grid; 180 m DEM overview,Copernicus DEM GLO-90 free and open licence,2026-09-11,false,high,natural_earth_coastline_4.1.0,version 4.1.0,km,distance from GeoNames anchor to nearest Natural Earth 1:10m coastline,Public domain,2026-09-11,false,medium,natural_earth_coastline_4.1.0,version 4.1.0,0-1,distance from GeoNames anchor to nearest Natural Earth 1:10m coastline,Public domain,2026-09-11,false,medium,nasa_power_v2.9.7_1991_2020,1991-2020,0-1 calibrated index,NASA POWER source grid cell at GeoNames anchor,NASA open data; attribution requested,2026-09-11,false,medium,not_available_globally_comparable,not available,0-1,administrative city; boundary unavailable,n.a.,2026-09-11,true,unavailable,not_available_globally_comparable,not available,0-1,administrative city; boundary unavailable,n.a.,2026-09-11,true,unavailable,not_available_globally_comparable,not available,0-1,administrative city; boundary unavailable,n.a.,2026-09-11,true,unavailable,not_available_globally_comparable,not available,0-1,administrative city; boundary unavailable,n.a.,2026-09-11,true,unavailable,geonames_cities15000_20260911,daily dump downloaded 2026-09-11,GeoNames identifier and UTF-8 text,selected populated-place record,CC BY 4.0,2026-09-11,false,high,geonames_cities15000_20260911,daily dump downloaded 2026-09-11,"decimal degrees, WGS84",GeoNames populated-place point,CC BY 4.0,2026-09-11,false,high
86,2193733,Auckland,奥克兰,新西兰,NZ,澳洲 + 新西兰,Auckland,-36.84853,174.76349,Pacific/Auckland,Auckland,2026-05-02,15.55,4.227778,986.15475,78.67,8.91,1018.576733,0.031831,0.057781,0.484934,0.43956,45.63073,146.955091,0.122463,0.593768,0.992114,0.137998,2821,1,1,0.584605,0.53092,0.681042,0.74995,0.031831,0.057781,0.484934,0.226131,0.122463,0.137998,0.992114,,,,,25,14,22,16,23,25.162486,14.335331,22.060886,15.398382,23.042914,26,14,22,15,23,25,14,22,16,23,medium,city-elements-v0.1.0,city-facts-2026-09-11-v1,cities100-2026-09-11-v1,GeoNames anchor; natural spatial fields use 30 km radius,all four fields unavailable; neutral response used,nasa_power_v2.9.7_1991_2020,1991-2020,degC,NASA POWER source grid cell at GeoNames anchor,NASA open data; attribution requested,2026-09-11,false,medium,nasa_power_v2.9.7_1991_2020,1991-2020,kWh/m2/day,NASA POWER source grid cell at GeoNames anchor,NASA open data; attribution requested,2026-09-11,false,medium,nasa_power_v2.9.7_1991_2020,1991-2020,mm/year,NASA POWER source grid cell at GeoNames anchor,NASA open data; attribution requested,2026-09-11,false,medium,nasa_power_v2.9.7_1991_2020,1991-2020,percent,NASA POWER source grid cell at GeoNames anchor,NASA open data; attribution requested,2026-09-11,false,medium,nasa_power_v2.9.7_1991_2020,1991-2020,degC,NASA POWER source grid cell at GeoNames anchor,NASA open data; attribution requested,2026-09-11,false,medium,fao56_aridity_derived,1991-2020,0-1; higher=drier,NASA POWER grid cell; FAO-56 monthly ETo using 30 km median elevation,Derived metric; source licences apply,2026-09-11,false,medium,esa_worldcover_2021_v200,2021,0-1,30 km radius; 1 km systematic grid; 80 m WorldCover overview,CC BY 4.0,2026-09-11,false,medium,esa_worldcover_2021_v200,2021,0-1,30 km radius; 1 km systematic grid; 80 m WorldCover overview,CC BY 4.0,2026-09-11,false,medium,copernicus_dem_glo90_2021,2021 release,m,30 km radius land pixels; 1 km systematic grid; 180 m DEM overview,Copernicus DEM GLO-90 free and open licence,2026-09-11,false,high,copernicus_dem_glo90_2021,2021 release,0-1,30 km radius land pixels; 1 km systematic grid; 180 m DEM overview,Copernicus DEM GLO-90 free and open licence,2026-09-11,false,high,copernicus_dem_glo90_2021,2021 release,m,30 km radius land pixels; 1 km systematic grid; 180 m DEM overview,Copernicus DEM GLO-90 free and open licence,2026-09-11,false,high,natural_earth_coastline_4.1.0,version 4.1.0,km,distance from GeoNames anchor to nearest Natural Earth 1:10m coastline,Public domain,2026-09-11,false,medium,natural_earth_coastline_4.1.0,version 4.1.0,0-1,distance from GeoNames anchor to nearest Natural Earth 1:10m coastline,Public domain,2026-09-11,false,medium,nasa_power_v2.9.7_1991_2020,1991-2020,0-1 calibrated index,NASA POWER source grid cell at GeoNames anchor,NASA open data; attribution requested,2026-09-11,false,medium,not_available_globally_comparable,not available,0-1,administrative city; boundary unavailable,n.a.,2026-09-11,true,unavailable,not_available_globally_comparable,not available,0-1,administrative city; boundary unavailable,n.a.,2026-09-11,true,unavailable,not_available_globally_comparable,not available,0-1,administrative city; boundary unavailable,n.a.,2026-09-11,true,unavailable,not_available_globally_comparable,not available,0-1,administrative city; boundary unavailable,n.a.,2026-09-11,true,unavailable,geonames_cities15000_20260911,daily dump downloaded 2026-09-11,GeoNames identifier and UTF-8 text,selected populated-place record,CC BY 4.0,2026-09-11,false,high,geonames_cities15000_20260911,daily dump downloaded 2026-09-11,"decimal degrees, WGS84",GeoNames populated-place point,CC BY 4.0,2026-09-11,false,high
87,292223,Dubai,迪拜,阿联酋,AE,中东 + 非洲,Dubai,25.07725,55.30927,Asia/Dubai,Dubai,2026-04-13,28.07,5.583333,91.310625,58.57,15.25,2123.228615,0.956994,0.01737,0.036157,0.211273,44.826542,106.994804,0.089162,12.922698,0.841724,0.440004,2821,1,1,1,1,0,0.177838,0.956994,0.01737,0.036157,0.222124,0.089162,0.440004,0.841724,,,,,17,22,25,20,16,16.69332,22.344311,25.345718,19.9151,15.701551,17,22,26,20,15,17,22,25,20,16,medium,city-elements-v0.1.0,city-facts-2026-09-11-v1,cities100-2026-09-11-v1,GeoNames anchor; natural spatial fields use 30 km radius,all four fields unavailable; neutral response used,nasa_power_v2.9.7_1991_2020,1991-2020,degC,NASA POWER source grid cell at GeoNames anchor,NASA open data; attribution requested,2026-09-11,false,medium,nasa_power_v2.9.7_1991_2020,1991-2020,kWh/m2/day,NASA POWER source grid cell at GeoNames anchor,NASA open data; attribution requested,2026-09-11,false,medium,nasa_power_v2.9.7_1991_2020,1991-2020,mm/year,NASA POWER source grid cell at GeoNames anchor,NASA open data; attribution requested,2026-09-11,false,medium,nasa_power_v2.9.7_1991_2020,1991-2020,percent,NASA POWER source grid cell at GeoNames anchor,NASA open data; attribution requested,2026-09-11,false,medium,nasa_power_v2.9.7_1991_2020,1991-2020,degC,NASA POWER source grid cell at GeoNames anchor,NASA open data; attribution requested,2026-09-11,false,medium,fao56_aridity_derived,1991-2020,0-1; higher=drier,NASA POWER grid cell; FAO-56 monthly ETo using 30 km median elevation,Derived metric; source licences apply,2026-09-11,false,medium,esa_worldcover_2021_v200,2021,0-1,30 km radius; 1 km systematic grid; 80 m WorldCover overview,CC BY 4.0,2026-09-11,false,medium,esa_worldcover_2021_v200,2021,0-1,30 km radius; 1 km systematic grid; 80 m WorldCover overview,CC BY 4.0,2026-09-11,false,medium,copernicus_dem_glo90_2021,2021 release,m,30 km radius land pixels; 1 km systematic grid; 180 m DEM overview,Copernicus DEM GLO-90 free and open licence,2026-09-11,false,high,copernicus_dem_glo90_2021,2021 release,0-1,30 km radius land pixels; 1 km systematic grid; 180 m DEM overview,Copernicus DEM GLO-90 free and open licence,2026-09-11,false,high,copernicus_dem_glo90_2021,2021 release,m,30 km radius land pixels; 1 km systematic grid; 180 m DEM overview,Copernicus DEM GLO-90 free and open licence,2026-09-11,false,high,natural_earth_coastline_4.1.0,version 4.1.0,km,distance from GeoNames anchor to nearest Natural Earth 1:10m coastline,Public domain,2026-09-11,false,medium,natural_earth_coastline_4.1.0,version 4.1.0,0-1,distance from GeoNames anchor to nearest Natural Earth 1:10m coastline,Public domain,2026-09-11,false,medium,nasa_power_v2.9.7_1991_2020,1991-2020,0-1 calibrated index,NASA POWER source grid cell at GeoNames anchor,NASA open data; attribution requested,2026-09-11,false,medium,not_available_globally_comparable,not available,0-1,administrative city; boundary unavailable,n.a.,2026-09-11,true,unavailable,not_available_globally_comparable,not available,0-1,administrative city; boundary unavailable,n.a.,2026-09-11,true,unavailable,not_available_globally_comparable,not available,0-1,administrative city; boundary unavailable,n.a.,2026-09-11,true,unavailable,not_available_globally_comparable,not available,0-1,administrative city; boundary unavailable,n.a.,2026-09-11,true,unavailable,geonames_cities15000_20260911,daily dump downloaded 2026-09-11,GeoNames identifier and UTF-8 text,selected populated-place record,CC BY 4.0,2026-09-11,false,high,geonames_cities15000_20260911,daily dump downloaded 2026-09-11,"decimal degrees, WGS84",GeoNames populated-place point,CC BY 4.0,2026-09-11,false,high
88,108410,Riyadh,利雅得,沙特阿拉伯,SA,中东 + 非洲,Riyadh Region,24.68773,46.72185,Asia/Riyadh,Riyadh,2024-03-26,25.8,6.163889,32.871825,24.95,21.97,2644.672506,0.987571,0.000709,0.019851,0,632.069153,181.25769,0.151048,359.740697,0.008258,0.760111,2821,1,1,1,1,0,0,0.987571,0.000709,0.019851,0.826924,0.151048,0.760111,0.008258,,,,,15,22,29,22,12,14.995136,22.052308,28.445837,22.173585,12.333135,15,22,29,22,12,15,22,28,22,13,medium,city-elements-v0.1.0,city-facts-2026-09-11-v1,cities100-2026-09-11-v1,GeoNames anchor; natural spatial fields use 30 km radius,all four fields unavailable; neutral response used,nasa_power_v2.9.7_1991_2020,1991-2020,degC,NASA POWER source grid cell at GeoNames anchor,NASA open data; attribution requested,2026-09-11,false,medium,nasa_power_v2.9.7_1991_2020,1991-2020,kWh/m2/day,NASA POWER source grid cell at GeoNames anchor,NASA open data; attribution requested,2026-09-11,false,medium,nasa_power_v2.9.7_1991_2020,1991-2020,mm/year,NASA POWER source grid cell at GeoNames anchor,NASA open data; attribution requested,2026-09-11,false,medium,nasa_power_v2.9.7_1991_2020,1991-2020,percent,NASA POWER source grid cell at GeoNames anchor,NASA open data; attribution requested,2026-09-11,false,medium,nasa_power_v2.9.7_1991_2020,1991-2020,degC,NASA POWER source grid cell at GeoNames anchor,NASA open data; attribution requested,2026-09-11,false,medium,fao56_aridity_derived,1991-2020,0-1; higher=drier,NASA POWER grid cell; FAO-56 monthly ETo using 30 km median elevation,Derived metric; source licences apply,2026-09-11,false,medium,esa_worldcover_2021_v200,2021,0-1,30 km radius; 1 km systematic grid; 80 m WorldCover overview,CC BY 4.0,2026-09-11,false,medium,esa_worldcover_2021_v200,2021,0-1,30 km radius; 1 km systematic grid; 80 m WorldCover overview,CC BY 4.0,2026-09-11,false,medium,copernicus_dem_glo90_2021,2021 release,m,30 km radius land pixels; 1 km systematic grid; 180 m DEM overview,Copernicus DEM GLO-90 free and open licence,2026-09-11,false,high,copernicus_dem_glo90_2021,2021 release,0-1,30 km radius land pixels; 1 km systematic grid; 180 m DEM overview,Copernicus DEM GLO-90 free and open licence,2026-09-11,false,high,copernicus_dem_glo90_2021,2021 release,m,30 km radius land pixels; 1 km systematic grid; 180 m DEM overview,Copernicus DEM GLO-90 free and open licence,2026-09-11,false,high,natural_earth_coastline_4.1.0,version 4.1.0,km,distance from GeoNames anchor to nearest Natural Earth 1:10m coastline,Public domain,2026-09-11,false,medium,natural_earth_coastline_4.1.0,version 4.1.0,0-1,distance from GeoNames anchor to nearest Natural Earth 1:10m coastline,Public domain,2026-09-11,false,medium,nasa_power_v2.9.7_1991_2020,1991-2020,0-1 calibrated index,NASA POWER source grid cell at GeoNames anchor,NASA open data; attribution requested,2026-09-11,false,medium,not_available_globally_comparable,not available,0-1,administrative city; boundary unavailable,n.a.,2026-09-11,true,unavailable,not_available_globally_comparable,not available,0-1,administrative city; boundary unavailable,n.a.,2026-09-11,true,unavailable,not_available_globally_comparable,not available,0-1,administrative city; boundary unavailable,n.a.,2026-09-11,true,unavailable,not_available_globally_comparable,not available,0-1,administrative city; boundary unavailable,n.a.,2026-09-11,true,unavailable,geonames_cities15000_20260911,daily dump downloaded 2026-09-11,GeoNames identifier and UTF-8 text,selected populated-place record,CC BY 4.0,2026-09-11,false,high,geonames_cities15000_20260911,daily dump downloaded 2026-09-11,"decimal degrees, WGS84",GeoNames populated-place point,CC BY 4.0,2026-09-11,false,high
89,360630,Cairo,开罗,埃及,EG,中东 + 非洲,Cairo,30.06263,31.24967,Africa/Cairo,Cairo,2026-08-29,21.65,5.686111,51.13395,50.72,17.73,2050.876978,0.975067,0.015597,0.253102,0,45.515026,222.074765,0.185062,115.369223,0.214755,0.558138,2821,1,1,0.906658,1,0,0,0.975067,0.015597,0.253102,0.225559,0.185062,0.558138,0.214755,,,,,17,22,27,21,13,17.540536,21.697189,26.673833,20.709893,13.378549,17,22,27,21,13,18,21,26,21,14,medium,city-elements-v0.1.0,city-facts-2026-09-11-v1,cities100-2026-09-11-v1,GeoNames anchor; natural spatial fields use 30 km radius,all four fields unavailable; neutral response used,nasa_power_v2.9.7_1991_2020,1991-2020,degC,NASA POWER source grid cell at GeoNames anchor,NASA open data; attribution requested,2026-09-11,false,medium,nasa_power_v2.9.7_1991_2020,1991-2020,kWh/m2/day,NASA POWER source grid cell at GeoNames anchor,NASA open data; attribution requested,2026-09-11,false,medium,nasa_power_v2.9.7_1991_2020,1991-2020,mm/year,NASA POWER source grid cell at GeoNames anchor,NASA open data; attribution requested,2026-09-11,false,medium,nasa_power_v2.9.7_1991_2020,1991-2020,percent,NASA POWER source grid cell at GeoNames anchor,NASA open data; attribution requested,2026-09-11,false,medium,nasa_power_v2.9.7_1991_2020,1991-2020,degC,NASA POWER source grid cell at GeoNames anchor,NASA open data; attribution requested,2026-09-11,false,medium,fao56_aridity_derived,1991-2020,0-1; higher=drier,NASA POWER grid cell; FAO-56 monthly ETo using 30 km median elevation,Derived metric; source licences apply,2026-09-11,false,medium,esa_worldcover_2021_v200,2021,0-1,30 km radius; 1 km systematic grid; 80 m WorldCover overview,CC BY 4.0,2026-09-11,false,medium,esa_worldcover_2021_v200,2021,0-1,30 km radius; 1 km systematic grid; 80 m WorldCover overview,CC BY 4.0,2026-09-11,false,medium,copernicus_dem_glo90_2021,2021 release,m,30 km radius land pixels; 1 km systematic grid; 180 m DEM overview,Copernicus DEM GLO-90 free and open licence,2026-09-11,false,high,copernicus_dem_glo90_2021,2021 release,0-1,30 km radius land pixels; 1 km systematic grid; 180 m DEM overview,Copernicus DEM GLO-90 free and open licence,2026-09-11,false,high,copernicus_dem_glo90_2021,2021 release,m,30 km radius land pixels; 1 km systematic grid; 180 m DEM overview,Copernicus DEM GLO-90 free and open licence,2026-09-11,false,high,natural_earth_coastline_4.1.0,version 4.1.0,km,distance from GeoNames anchor to nearest Natural Earth 1:10m coastline,Public domain,2026-09-11,false,medium,natural_earth_coastline_4.1.0,version 4.1.0,0-1,distance from GeoNames anchor to nearest Natural Earth 1:10m coastline,Public domain,2026-09-11,false,medium,nasa_power_v2.9.7_1991_2020,1991-2020,0-1 calibrated index,NASA POWER source grid cell at GeoNames anchor,NASA open data; attribution requested,2026-09-11,false,medium,not_available_globally_comparable,not available,0-1,administrative city; boundary unavailable,n.a.,2026-09-11,true,unavailable,not_available_globally_comparable,not available,0-1,administrative city; boundary unavailable,n.a.,2026-09-11,true,unavailable,not_available_globally_comparable,not available,0-1,administrative city; boundary unavailable,n.a.,2026-09-11,true,unavailable,not_available_globally_comparable,not available,0-1,administrative city; boundary unavailable,n.a.,2026-09-11,true,unavailable,geonames_cities15000_20260911,daily dump downloaded 2026-09-11,GeoNames identifier and UTF-8 text,selected populated-place record,CC BY 4.0,2026-09-11,false,high,geonames_cities15000_20260911,daily dump downloaded 2026-09-11,"decimal degrees, WGS84",GeoNames populated-place point,CC BY 4.0,2026-09-11,false,high
90,3369157,Cape Town,开普敦,南非,ZA,中东 + 非洲,Western Cape,-33.92584,18.42322,Africa/Johannesburg,Cape Town,2026-04-14,17.09,5.547222,456.553125,78.79,6.03,1193.301774,0.617403,0.021269,0.309465,0.510103,48.647751,222.079968,0.185067,2.460648,0.967724,0.00081,2821,1,1,0.66591,0.999408,0.159775,0.753366,0.617403,0.021269,0.309465,0.240572,0.185067,0.00081,0.967724,,,,,21,19,24,17,19,20.727055,18.934143,23.901255,17.155214,19.282332,21,19,24,17,19,21,19,24,17,19,medium,city-elements-v0.1.0,city-facts-2026-09-11-v1,cities100-2026-09-11-v1,GeoNames anchor; natural spatial fields use 30 km radius,all four fields unavailable; neutral response used,nasa_power_v2.9.7_1991_2020,1991-2020,degC,NASA POWER source grid cell at GeoNames anchor,NASA open data; attribution requested,2026-09-11,false,medium,nasa_power_v2.9.7_1991_2020,1991-2020,kWh/m2/day,NASA POWER source grid cell at GeoNames anchor,NASA open data; attribution requested,2026-09-11,false,medium,nasa_power_v2.9.7_1991_2020,1991-2020,mm/year,NASA POWER source grid cell at GeoNames anchor,NASA open data; attribution requested,2026-09-11,false,medium,nasa_power_v2.9.7_1991_2020,1991-2020,percent,NASA POWER source grid cell at GeoNames anchor,NASA open data; attribution requested,2026-09-11,false,medium,nasa_power_v2.9.7_1991_2020,1991-2020,degC,NASA POWER source grid cell at GeoNames anchor,NASA open data; attribution requested,2026-09-11,false,medium,fao56_aridity_derived,1991-2020,0-1; higher=drier,NASA POWER grid cell; FAO-56 monthly ETo using 30 km median elevation,Derived metric; source licences apply,2026-09-11,false,medium,esa_worldcover_2021_v200,2021,0-1,30 km radius; 1 km systematic grid; 80 m WorldCover overview,CC BY 4.0,2026-09-11,false,medium,esa_worldcover_2021_v200,2021,0-1,30 km radius; 1 km systematic grid; 80 m WorldCover overview,CC BY 4.0,2026-09-11,false,medium,copernicus_dem_glo90_2021,2021 release,m,30 km radius land pixels; 1 km systematic grid; 180 m DEM overview,Copernicus DEM GLO-90 free and open licence,2026-09-11,false,high,copernicus_dem_glo90_2021,2021 release,0-1,30 km radius land pixels; 1 km systematic grid; 180 m DEM overview,Copernicus DEM GLO-90 free and open licence,2026-09-11,false,high,copernicus_dem_glo90_2021,2021 release,m,30 km radius land pixels; 1 km systematic grid; 180 m DEM overview,Copernicus DEM GLO-90 free and open licence,2026-09-11,false,high,natural_earth_coastline_4.1.0,version 4.1.0,km,distance from GeoNames anchor to nearest Natural Earth 1:10m coastline,Public domain,2026-09-11,false,medium,natural_earth_coastline_4.1.0,version 4.1.0,0-1,distance from GeoNames anchor to nearest Natural Earth 1:10m coastline,Public domain,2026-09-11,false,medium,nasa_power_v2.9.7_1991_2020,1991-2020,0-1 calibrated index,NASA POWER source grid cell at GeoNames anchor,NASA open data; attribution requested,2026-09-11,false,medium,not_available_globally_comparable,not available,0-1,administrative city; boundary unavailable,n.a.,2026-09-11,true,unavailable,not_available_globally_comparable,not available,0-1,administrative city; boundary unavailable,n.a.,2026-09-11,true,unavailable,not_available_globally_comparable,not available,0-1,administrative city; boundary unavailable,n.a.,2026-09-11,true,unavailable,not_available_globally_comparable,not available,0-1,administrative city; boundary unavailable,n.a.,2026-09-11,true,unavailable,geonames_cities15000_20260911,daily dump downloaded 2026-09-11,GeoNames identifier and UTF-8 text,selected populated-place record,CC BY 4.0,2026-09-11,false,high,geonames_cities15000_20260911,daily dump downloaded 2026-09-11,"decimal degrees, WGS84",GeoNames populated-place point,CC BY 4.0,2026-09-11,false,high
91,184745,Nairobi,内罗毕,肯尼亚,KE,中东 + 非洲,Nairobi County,-1.28333,36.81667,Africa/Nairobi,Nairobi,2023-12-21,19.93,5.841667,606.30255,66.49,2.98,1741.561509,0.651863,0.002127,0.834101,0,1708.335449,526.657471,0.438881,407.84312,0.004349,0,2821,1,1,0.815849,1,0.351714,0.403268,0.651863,0.002127,0.834101,1,0.438881,0,0.004349,,,,,22,19,27,17,15,22.175352,19.165386,26.389795,17.237499,15.031968,22,19,27,17,15,22,19,26,18,15,medium,city-elements-v0.1.0,city-facts-2026-09-11-v1,cities100-2026-09-11-v1,GeoNames anchor; natural spatial fields use 30 km radius,all four fields unavailable; neutral response used,nasa_power_v2.9.7_1991_2020,1991-2020,degC,NASA POWER source grid cell at GeoNames anchor,NASA open data; attribution requested,2026-09-11,false,medium,nasa_power_v2.9.7_1991_2020,1991-2020,kWh/m2/day,NASA POWER source grid cell at GeoNames anchor,NASA open data; attribution requested,2026-09-11,false,medium,nasa_power_v2.9.7_1991_2020,1991-2020,mm/year,NASA POWER source grid cell at GeoNames anchor,NASA open data; attribution requested,2026-09-11,false,medium,nasa_power_v2.9.7_1991_2020,1991-2020,percent,NASA POWER source grid cell at GeoNames anchor,NASA open data; attribution requested,2026-09-11,false,medium,nasa_power_v2.9.7_1991_2020,1991-2020,degC,NASA POWER source grid cell at GeoNames anchor,NASA open data; attribution requested,2026-09-11,false,medium,fao56_aridity_derived,1991-2020,0-1; higher=drier,NASA POWER grid cell; FAO-56 monthly ETo using 30 km median elevation,Derived metric; source licences apply,2026-09-11,false,medium,esa_worldcover_2021_v200,2021,0-1,30 km radius; 1 km systematic grid; 80 m WorldCover overview,CC BY 4.0,2026-09-11,false,medium,esa_worldcover_2021_v200,2021,0-1,30 km radius; 1 km systematic grid; 80 m WorldCover overview,CC BY 4.0,2026-09-11,false,medium,copernicus_dem_glo90_2021,2021 release,m,30 km radius land pixels; 1 km systematic grid; 180 m DEM overview,Copernicus DEM GLO-90 free and open licence,2026-09-11,false,high,copernicus_dem_glo90_2021,2021 release,0-1,30 km radius land pixels; 1 km systematic grid; 180 m DEM overview,Copernicus DEM GLO-90 free and open licence,2026-09-11,false,high,copernicus_dem_glo90_2021,2021 release,m,30 km radius land pixels; 1 km systematic grid; 180 m DEM overview,Copernicus DEM GLO-90 free and open licence,2026-09-11,false,high,natural_earth_coastline_4.1.0,version 4.1.0,km,distance from GeoNames anchor to nearest Natural Earth 1:10m coastline,Public domain,2026-09-11,false,medium,natural_earth_coastline_4.1.0,version 4.1.0,0-1,distance from GeoNames anchor to nearest Natural Earth 1:10m coastline,Public domain,2026-09-11,false,medium,nasa_power_v2.9.7_1991_2020,1991-2020,0-1 calibrated index,NASA POWER source grid cell at GeoNames anchor,NASA open data; attribution requested,2026-09-11,false,medium,not_available_globally_comparable,not available,0-1,administrative city; boundary unavailable,n.a.,2026-09-11,true,unavailable,not_available_globally_comparable,not available,0-1,administrative city; boundary unavailable,n.a.,2026-09-11,true,unavailable,not_available_globally_comparable,not available,0-1,administrative city; boundary unavailable,n.a.,2026-09-11,true,unavailable,not_available_globally_comparable,not available,0-1,administrative city; boundary unavailable,n.a.,2026-09-11,true,unavailable,geonames_cities15000_20260911,daily dump downloaded 2026-09-11,GeoNames identifier and UTF-8 text,selected populated-place record,CC BY 4.0,2026-09-11,false,high,geonames_cities15000_20260911,daily dump downloaded 2026-09-11,"decimal degrees, WGS84",GeoNames populated-place point,CC BY 4.0,2026-09-11,false,high
92,2542997,Marrakech,马拉喀什,摩洛哥,MA,中东 + 非洲,Marrakesh-Safi,31.63416,-7.99994,Africa/Casablanca,Marrakesh,2026-04-14,18.66,5.605556,292.194,49.65,18.39,1733.552705,0.831448,0.001418,0.555477,0,498.924042,277.966187,0.231638,135.843406,0.16345,0.589577,2821,1,1,0.748799,1,0,0,0.831448,0.001418,0.555477,0.772536,0.231638,0.589577,0.16345,,,,,19,20,28,20,13,19.338535,19.838218,27.71547,20.096349,13.011428,19,20,28,20,13,19,20,27,20,14,medium,city-elements-v0.1.0,city-facts-2026-09-11-v1,cities100-2026-09-11-v1,GeoNames anchor; natural spatial fields use 30 km radius,all four fields unavailable; neutral response used,nasa_power_v2.9.7_1991_2020,1991-2020,degC,NASA POWER source grid cell at GeoNames anchor,NASA open data; attribution requested,2026-09-11,false,medium,nasa_power_v2.9.7_1991_2020,1991-2020,kWh/m2/day,NASA POWER source grid cell at GeoNames anchor,NASA open data; attribution requested,2026-09-11,false,medium,nasa_power_v2.9.7_1991_2020,1991-2020,mm/year,NASA POWER source grid cell at GeoNames anchor,NASA open data; attribution requested,2026-09-11,false,medium,nasa_power_v2.9.7_1991_2020,1991-2020,percent,NASA POWER source grid cell at GeoNames anchor,NASA open data; attribution requested,2026-09-11,false,medium,nasa_power_v2.9.7_1991_2020,1991-2020,degC,NASA POWER source grid cell at GeoNames anchor,NASA open data; attribution requested,2026-09-11,false,medium,fao56_aridity_derived,1991-2020,0-1; higher=drier,NASA POWER grid cell; FAO-56 monthly ETo using 30 km median elevation,Derived metric; source licences apply,2026-09-11,false,medium,esa_worldcover_2021_v200,2021,0-1,30 km radius; 1 km systematic grid; 80 m WorldCover overview,CC BY 4.0,2026-09-11,false,medium,esa_worldcover_2021_v200,2021,0-1,30 km radius; 1 km systematic grid; 80 m WorldCover overview,CC BY 4.0,2026-09-11,false,medium,copernicus_dem_glo90_2021,2021 release,m,30 km radius land pixels; 1 km systematic grid; 180 m DEM overview,Copernicus DEM GLO-90 free and open licence,2026-09-11,false,high,copernicus_dem_glo90_2021,2021 release,0-1,30 km radius land pixels; 1 km systematic grid; 180 m DEM overview,Copernicus DEM GLO-90 free and open licence,2026-09-11,false,high,copernicus_dem_glo90_2021,2021 release,m,30 km radius land pixels; 1 km systematic grid; 180 m DEM overview,Copernicus DEM GLO-90 free and open licence,2026-09-11,false,high,natural_earth_coastline_4.1.0,version 4.1.0,km,distance from GeoNames anchor to nearest Natural Earth 1:10m coastline,Public domain,2026-09-11,false,medium,natural_earth_coastline_4.1.0,version 4.1.0,0-1,distance from GeoNames anchor to nearest Natural Earth 1:10m coastline,Public domain,2026-09-11,false,medium,nasa_power_v2.9.7_1991_2020,1991-2020,0-1 calibrated index,NASA POWER source grid cell at GeoNames anchor,NASA open data; attribution requested,2026-09-11,false,medium,not_available_globally_comparable,not available,0-1,administrative city; boundary unavailable,n.a.,2026-09-11,true,unavailable,not_available_globally_comparable,not available,0-1,administrative city; boundary unavailable,n.a.,2026-09-11,true,unavailable,not_available_globally_comparable,not available,0-1,administrative city; boundary unavailable,n.a.,2026-09-11,true,unavailable,not_available_globally_comparable,not available,0-1,administrative city; boundary unavailable,n.a.,2026-09-11,true,unavailable,geonames_cities15000_20260911,daily dump downloaded 2026-09-11,GeoNames identifier and UTF-8 text,selected populated-place record,CC BY 4.0,2026-09-11,false,high,geonames_cities15000_20260911,daily dump downloaded 2026-09-11,"decimal degrees, WGS84",GeoNames populated-place point,CC BY 4.0,2026-09-11,false,high
93,993800,Johannesburg,约翰内斯堡,南非,ZA,中东 + 非洲,Gauteng,-26.20227,28.04363,Africa/Johannesburg,Johannesburg,2026-04-14,16.9,5.563889,672.0462,55.34,11.69,1588.955154,0.577051,0.005317,0.582772,0,1596.298584,221.717651,0.184765,444.122606,0.002681,0.270423,2821,1,1,0.655879,1,0.421395,0.085902,0.577051,0.005317,0.582772,1,0.184765,0.270423,0.002681,,,,,21,18,27,19,15,21.415428,18.459332,26.93701,18.53275,14.655481,22,18,27,19,14,21,19,26,19,15,medium,city-elements-v0.1.0,city-facts-2026-09-11-v1,cities100-2026-09-11-v1,GeoNames anchor; natural spatial fields use 30 km radius,all four fields unavailable; neutral response used,nasa_power_v2.9.7_1991_2020,1991-2020,degC,NASA POWER source grid cell at GeoNames anchor,NASA open data; attribution requested,2026-09-11,false,medium,nasa_power_v2.9.7_1991_2020,1991-2020,kWh/m2/day,NASA POWER source grid cell at GeoNames anchor,NASA open data; attribution requested,2026-09-11,false,medium,nasa_power_v2.9.7_1991_2020,1991-2020,mm/year,NASA POWER source grid cell at GeoNames anchor,NASA open data; attribution requested,2026-09-11,false,medium,nasa_power_v2.9.7_1991_2020,1991-2020,percent,NASA POWER source grid cell at GeoNames anchor,NASA open data; attribution requested,2026-09-11,false,medium,nasa_power_v2.9.7_1991_2020,1991-2020,degC,NASA POWER source grid cell at GeoNames anchor,NASA open data; attribution requested,2026-09-11,false,medium,fao56_aridity_derived,1991-2020,0-1; higher=drier,NASA POWER grid cell; FAO-56 monthly ETo using 30 km median elevation,Derived metric; source licences apply,2026-09-11,false,medium,esa_worldcover_2021_v200,2021,0-1,30 km radius; 1 km systematic grid; 80 m WorldCover overview,CC BY 4.0,2026-09-11,false,medium,esa_worldcover_2021_v200,2021,0-1,30 km radius; 1 km systematic grid; 80 m WorldCover overview,CC BY 4.0,2026-09-11,false,medium,copernicus_dem_glo90_2021,2021 release,m,30 km radius land pixels; 1 km systematic grid; 180 m DEM overview,Copernicus DEM GLO-90 free and open licence,2026-09-11,false,high,copernicus_dem_glo90_2021,2021 release,0-1,30 km radius land pixels; 1 km systematic grid; 180 m DEM overview,Copernicus DEM GLO-90 free and open licence,2026-09-11,false,high,copernicus_dem_glo90_2021,2021 release,m,30 km radius land pixels; 1 km systematic grid; 180 m DEM overview,Copernicus DEM GLO-90 free and open licence,2026-09-11,false,high,natural_earth_coastline_4.1.0,version 4.1.0,km,distance from GeoNames anchor to nearest Natural Earth 1:10m coastline,Public domain,2026-09-11,false,medium,natural_earth_coastline_4.1.0,version 4.1.0,0-1,distance from GeoNames anchor to nearest Natural Earth 1:10m coastline,Public domain,2026-09-11,false,medium,nasa_power_v2.9.7_1991_2020,1991-2020,0-1 calibrated index,NASA POWER source grid cell at GeoNames anchor,NASA open data; attribution requested,2026-09-11,false,medium,not_available_globally_comparable,not available,0-1,administrative city; boundary unavailable,n.a.,2026-09-11,true,unavailable,not_available_globally_comparable,not available,0-1,administrative city; boundary unavailable,n.a.,2026-09-11,true,unavailable,not_available_globally_comparable,not available,0-1,administrative city; boundary unavailable,n.a.,2026-09-11,true,unavailable,not_available_globally_comparable,not available,0-1,administrative city; boundary unavailable,n.a.,2026-09-11,true,unavailable,geonames_cities15000_20260911,daily dump downloaded 2026-09-11,GeoNames identifier and UTF-8 text,selected populated-place record,CC BY 4.0,2026-09-11,false,high,geonames_cities15000_20260911,daily dump downloaded 2026-09-11,"decimal degrees, WGS84",GeoNames populated-place point,CC BY 4.0,2026-09-11,false,high
94,3451190,Rio de Janeiro,里约热内卢,巴西,BR,拉丁美洲,Rio de Janeiro,-22.90642,-43.18223,America/Sao_Paulo,Rio de Janeiro,2026-04-13,23.17,4.702778,1486.536975,81.04,5.06,1270.8544,0,0.019851,0.314782,0.469337,21.80267,166.802597,0.139002,2.178078,0.971377,0,2821,1,1,0.986907,0.699576,0.959019,0.817408,0,0.019851,0.314782,0.061353,0.139002,0,0.971377,,,,,23,17,20,15,25,23.149146,17.609239,19.695835,14.878857,24.666923,23,17,20,15,25,23,18,20,15,24,medium,city-elements-v0.1.0,city-facts-2026-09-11-v1,cities100-2026-09-11-v1,GeoNames anchor; natural spatial fields use 30 km radius,all four fields unavailable; neutral response used,nasa_power_v2.9.7_1991_2020,1991-2020,degC,NASA POWER source grid cell at GeoNames anchor,NASA open data; attribution requested,2026-09-11,false,medium,nasa_power_v2.9.7_1991_2020,1991-2020,kWh/m2/day,NASA POWER source grid cell at GeoNames anchor,NASA open data; attribution requested,2026-09-11,false,medium,nasa_power_v2.9.7_1991_2020,1991-2020,mm/year,NASA POWER source grid cell at GeoNames anchor,NASA open data; attribution requested,2026-09-11,false,medium,nasa_power_v2.9.7_1991_2020,1991-2020,percent,NASA POWER source grid cell at GeoNames anchor,NASA open data; attribution requested,2026-09-11,false,medium,nasa_power_v2.9.7_1991_2020,1991-2020,degC,NASA POWER source grid cell at GeoNames anchor,NASA open data; attribution requested,2026-09-11,false,medium,fao56_aridity_derived,1991-2020,0-1; higher=drier,NASA POWER grid cell; FAO-56 monthly ETo using 30 km median elevation,Derived metric; source licences apply,2026-09-11,false,medium,esa_worldcover_2021_v200,2021,0-1,30 km radius; 1 km systematic grid; 80 m WorldCover overview,CC BY 4.0,2026-09-11,false,medium,esa_worldcover_2021_v200,2021,0-1,30 km radius; 1 km systematic grid; 80 m WorldCover overview,CC BY 4.0,2026-09-11,false,medium,copernicus_dem_glo90_2021,2021 release,m,30 km radius land pixels; 1 km systematic grid; 180 m DEM overview,Copernicus DEM GLO-90 free and open licence,2026-09-11,false,high,copernicus_dem_glo90_2021,2021 release,0-1,30 km radius land pixels; 1 km systematic grid; 180 m DEM overview,Copernicus DEM GLO-90 free and open licence,2026-09-11,false,high,copernicus_dem_glo90_2021,2021 release,m,30 km radius land pixels; 1 km systematic grid; 180 m DEM overview,Copernicus DEM GLO-90 free and open licence,2026-09-11,false,high,natural_earth_coastline_4.1.0,version 4.1.0,km,distance from GeoNames anchor to nearest Natural Earth 1:10m coastline,Public domain,2026-09-11,false,medium,natural_earth_coastline_4.1.0,version 4.1.0,0-1,distance from GeoNames anchor to nearest Natural Earth 1:10m coastline,Public domain,2026-09-11,false,medium,nasa_power_v2.9.7_1991_2020,1991-2020,0-1 calibrated index,NASA POWER source grid cell at GeoNames anchor,NASA open data; attribution requested,2026-09-11,false,medium,not_available_globally_comparable,not available,0-1,administrative city; boundary unavailable,n.a.,2026-09-11,true,unavailable,not_available_globally_comparable,not available,0-1,administrative city; boundary unavailable,n.a.,2026-09-11,true,unavailable,not_available_globally_comparable,not available,0-1,administrative city; boundary unavailable,n.a.,2026-09-11,true,unavailable,not_available_globally_comparable,not available,0-1,administrative city; boundary unavailable,n.a.,2026-09-11,true,unavailable,geonames_cities15000_20260911,daily dump downloaded 2026-09-11,GeoNames identifier and UTF-8 text,selected populated-place record,CC BY 4.0,2026-09-11,false,high,geonames_cities15000_20260911,daily dump downloaded 2026-09-11,"decimal degrees, WGS84",GeoNames populated-place point,CC BY 4.0,2026-09-11,false,high
95,3936456,Lima,利马,秘鲁,PE,拉丁美洲,Lima Province,-12.04318,-77.02824,America/Lima,Lima,2023-10-25,18.2,4.95,25.566975,68.77,3.34,1347.561922,0.981027,0.019142,0.046792,0.349167,339.486359,1016.717958,0.847265,7.992256,0.898918,0,2821,1,1,0.724513,0.787356,0,0.468164,0.981027,0.019142,0.046792,0.684068,0.847265,0,0.898918,,,,,17,19,28,20,16,17.104619,18.686245,28.353867,19.444732,16.410538,17,19,29,19,16,17,19,28,19,17,medium,city-elements-v0.1.0,city-facts-2026-09-11-v1,cities100-2026-09-11-v1,GeoNames anchor; natural spatial fields use 30 km radius,all four fields unavailable; neutral response used,nasa_power_v2.9.7_1991_2020,1991-2020,degC,NASA POWER source grid cell at GeoNames anchor,NASA open data; attribution requested,2026-09-11,false,medium,nasa_power_v2.9.7_1991_2020,1991-2020,kWh/m2/day,NASA POWER source grid cell at GeoNames anchor,NASA open data; attribution requested,2026-09-11,false,medium,nasa_power_v2.9.7_1991_2020,1991-2020,mm/year,NASA POWER source grid cell at GeoNames anchor,NASA open data; attribution requested,2026-09-11,false,medium,nasa_power_v2.9.7_1991_2020,1991-2020,percent,NASA POWER source grid cell at GeoNames anchor,NASA open data; attribution requested,2026-09-11,false,medium,nasa_power_v2.9.7_1991_2020,1991-2020,degC,NASA POWER source grid cell at GeoNames anchor,NASA open data; attribution requested,2026-09-11,false,medium,fao56_aridity_derived,1991-2020,0-1; higher=drier,NASA POWER grid cell; FAO-56 monthly ETo using 30 km median elevation,Derived metric; source licences apply,2026-09-11,false,medium,esa_worldcover_2021_v200,2021,0-1,30 km radius; 1 km systematic grid; 80 m WorldCover overview,CC BY 4.0,2026-09-11,false,medium,esa_worldcover_2021_v200,2021,0-1,30 km radius; 1 km systematic grid; 80 m WorldCover overview,CC BY 4.0,2026-09-11,false,medium,copernicus_dem_glo90_2021,2021 release,m,30 km radius land pixels; 1 km systematic grid; 180 m DEM overview,Copernicus DEM GLO-90 free and open licence,2026-09-11,false,high,copernicus_dem_glo90_2021,2021 release,0-1,30 km radius land pixels; 1 km systematic grid; 180 m DEM overview,Copernicus DEM GLO-90 free and open licence,2026-09-11,false,high,copernicus_dem_glo90_2021,2021 release,m,30 km radius land pixels; 1 km systematic grid; 180 m DEM overview,Copernicus DEM GLO-90 free and open licence,2026-09-11,false,high,natural_earth_coastline_4.1.0,version 4.1.0,km,distance from GeoNames anchor to nearest Natural Earth 1:10m coastline,Public domain,2026-09-11,false,medium,natural_earth_coastline_4.1.0,version 4.1.0,0-1,distance from GeoNames anchor to nearest Natural Earth 1:10m coastline,Public domain,2026-09-11,false,medium,nasa_power_v2.9.7_1991_2020,1991-2020,0-1 calibrated index,NASA POWER source grid cell at GeoNames anchor,NASA open data; attribution requested,2026-09-11,false,medium,not_available_globally_comparable,not available,0-1,administrative city; boundary unavailable,n.a.,2026-09-11,true,unavailable,not_available_globally_comparable,not available,0-1,administrative city; boundary unavailable,n.a.,2026-09-11,true,unavailable,not_available_globally_comparable,not available,0-1,administrative city; boundary unavailable,n.a.,2026-09-11,true,unavailable,not_available_globally_comparable,not available,0-1,administrative city; boundary unavailable,n.a.,2026-09-11,true,unavailable,geonames_cities15000_20260911,daily dump downloaded 2026-09-11,GeoNames identifier and UTF-8 text,selected populated-place record,CC BY 4.0,2026-09-11,false,high,geonames_cities15000_20260911,daily dump downloaded 2026-09-11,"decimal degrees, WGS84",GeoNames populated-place point,CC BY 4.0,2026-09-11,false,high
96,3652462,Quito,基多,厄瓜多尔,EC,拉丁美洲,Pichincha,-0.22985,-78.52495,America/Guayaquil,Quito,2025-12-15,17.32,4.025,1322.17785,82.1,0.75,1057.608692,0,0.000354,0.87983,0,2792.267578,1271.946289,1,158.010874,0.121625,0,2821,1,1,0.678053,0.458921,0.879646,0.847579,0,0.000354,0.87983,1,1,0,0.121625,,,,,25,13,25,16,21,25.413265,13.086223,24.906649,15.499648,21.094215,26,13,25,15,21,25,13,25,16,21,medium,city-elements-v0.1.0,city-facts-2026-09-11-v1,cities100-2026-09-11-v1,GeoNames anchor; natural spatial fields use 30 km radius,all four fields unavailable; neutral response used,nasa_power_v2.9.7_1991_2020,1991-2020,degC,NASA POWER source grid cell at GeoNames anchor,NASA open data; attribution requested,2026-09-11,false,medium,nasa_power_v2.9.7_1991_2020,1991-2020,kWh/m2/day,NASA POWER source grid cell at GeoNames anchor,NASA open data; attribution requested,2026-09-11,false,medium,nasa_power_v2.9.7_1991_2020,1991-2020,mm/year,NASA POWER source grid cell at GeoNames anchor,NASA open data; attribution requested,2026-09-11,false,medium,nasa_power_v2.9.7_1991_2020,1991-2020,percent,NASA POWER source grid cell at GeoNames anchor,NASA open data; attribution requested,2026-09-11,false,medium,nasa_power_v2.9.7_1991_2020,1991-2020,degC,NASA POWER source grid cell at GeoNames anchor,NASA open data; attribution requested,2026-09-11,false,medium,fao56_aridity_derived,1991-2020,0-1; higher=drier,NASA POWER grid cell; FAO-56 monthly ETo using 30 km median elevation,Derived metric; source licences apply,2026-09-11,false,medium,esa_worldcover_2021_v200,2021,0-1,30 km radius; 1 km systematic grid; 80 m WorldCover overview,CC BY 4.0,2026-09-11,false,medium,esa_worldcover_2021_v200,2021,0-1,30 km radius; 1 km systematic grid; 80 m WorldCover overview,CC BY 4.0,2026-09-11,false,medium,copernicus_dem_glo90_2021,2021 release,m,30 km radius land pixels; 1 km systematic grid; 180 m DEM overview,Copernicus DEM GLO-90 free and open licence,2026-09-11,false,high,copernicus_dem_glo90_2021,2021 release,0-1,30 km radius land pixels; 1 km systematic grid; 180 m DEM overview,Copernicus DEM GLO-90 free and open licence,2026-09-11,false,high,copernicus_dem_glo90_2021,2021 release,m,30 km radius land pixels; 1 km systematic grid; 180 m DEM overview,Copernicus DEM GLO-90 free and open licence,2026-09-11,false,high,natural_earth_coastline_4.1.0,version 4.1.0,km,distance from GeoNames anchor to nearest Natural Earth 1:10m coastline,Public domain,2026-09-11,false,medium,natural_earth_coastline_4.1.0,version 4.1.0,0-1,distance from GeoNames anchor to nearest Natural Earth 1:10m coastline,Public domain,2026-09-11,false,medium,nasa_power_v2.9.7_1991_2020,1991-2020,0-1 calibrated index,NASA POWER source grid cell at GeoNames anchor,NASA open data; attribution requested,2026-09-11,false,medium,not_available_globally_comparable,not available,0-1,administrative city; boundary unavailable,n.a.,2026-09-11,true,unavailable,not_available_globally_comparable,not available,0-1,administrative city; boundary unavailable,n.a.,2026-09-11,true,unavailable,not_available_globally_comparable,not available,0-1,administrative city; boundary unavailable,n.a.,2026-09-11,true,unavailable,not_available_globally_comparable,not available,0-1,administrative city; boundary unavailable,n.a.,2026-09-11,true,unavailable,geonames_cities15000_20260911,daily dump downloaded 2026-09-11,GeoNames identifier and UTF-8 text,selected populated-place record,CC BY 4.0,2026-09-11,false,high,geonames_cities15000_20260911,daily dump downloaded 2026-09-11,"decimal degrees, WGS84",GeoNames populated-place point,CC BY 4.0,2026-09-11,false,high
97,3871336,Santiago,圣地亚哥,智利,CL,拉丁美洲,Santiago Metropolitan,-33.45694,-70.64827,America/Santiago,Santiago,2025-06-21,15.16,5.377778,306.8037,40.52,13.47,1517.336909,0.797801,0.000354,0.704006,0,627.375244,1346.029541,1,91.212234,0.296365,0.355214,2821,1,1,0.564015,0.939245,0,0,0.797801,0.000354,0.704006,0.825209,1,0.355214,0.296365,,,,,20,18,29,20,13,20.174495,17.671207,29.178567,19.604967,13.370764,20,17,30,20,13,20,18,29,19,14,medium,city-elements-v0.1.0,city-facts-2026-09-11-v1,cities100-2026-09-11-v1,GeoNames anchor; natural spatial fields use 30 km radius,all four fields unavailable; neutral response used,nasa_power_v2.9.7_1991_2020,1991-2020,degC,NASA POWER source grid cell at GeoNames anchor,NASA open data; attribution requested,2026-09-11,false,medium,nasa_power_v2.9.7_1991_2020,1991-2020,kWh/m2/day,NASA POWER source grid cell at GeoNames anchor,NASA open data; attribution requested,2026-09-11,false,medium,nasa_power_v2.9.7_1991_2020,1991-2020,mm/year,NASA POWER source grid cell at GeoNames anchor,NASA open data; attribution requested,2026-09-11,false,medium,nasa_power_v2.9.7_1991_2020,1991-2020,percent,NASA POWER source grid cell at GeoNames anchor,NASA open data; attribution requested,2026-09-11,false,medium,nasa_power_v2.9.7_1991_2020,1991-2020,degC,NASA POWER source grid cell at GeoNames anchor,NASA open data; attribution requested,2026-09-11,false,medium,fao56_aridity_derived,1991-2020,0-1; higher=drier,NASA POWER grid cell; FAO-56 monthly ETo using 30 km median elevation,Derived metric; source licences apply,2026-09-11,false,medium,esa_worldcover_2021_v200,2021,0-1,30 km radius; 1 km systematic grid; 80 m WorldCover overview,CC BY 4.0,2026-09-11,false,medium,esa_worldcover_2021_v200,2021,0-1,30 km radius; 1 km systematic grid; 80 m WorldCover overview,CC BY 4.0,2026-09-11,false,medium,copernicus_dem_glo90_2021,2021 release,m,30 km radius land pixels; 1 km systematic grid; 180 m DEM overview,Copernicus DEM GLO-90 free and open licence,2026-09-11,false,high,copernicus_dem_glo90_2021,2021 release,0-1,30 km radius land pixels; 1 km systematic grid; 180 m DEM overview,Copernicus DEM GLO-90 free and open licence,2026-09-11,false,high,copernicus_dem_glo90_2021,2021 release,m,30 km radius land pixels; 1 km systematic grid; 180 m DEM overview,Copernicus DEM GLO-90 free and open licence,2026-09-11,false,high,natural_earth_coastline_4.1.0,version 4.1.0,km,distance from GeoNames anchor to nearest Natural Earth 1:10m coastline,Public domain,2026-09-11,false,medium,natural_earth_coastline_4.1.0,version 4.1.0,0-1,distance from GeoNames anchor to nearest Natural Earth 1:10m coastline,Public domain,2026-09-11,false,medium,nasa_power_v2.9.7_1991_2020,1991-2020,0-1 calibrated index,NASA POWER source grid cell at GeoNames anchor,NASA open data; attribution requested,2026-09-11,false,medium,not_available_globally_comparable,not available,0-1,administrative city; boundary unavailable,n.a.,2026-09-11,true,unavailable,not_available_globally_comparable,not available,0-1,administrative city; boundary unavailable,n.a.,2026-09-11,true,unavailable,not_available_globally_comparable,not available,0-1,administrative city; boundary unavailable,n.a.,2026-09-11,true,unavailable,not_available_globally_comparable,not available,0-1,administrative city; boundary unavailable,n.a.,2026-09-11,true,unavailable,geonames_cities15000_20260911,daily dump downloaded 2026-09-11,GeoNames identifier and UTF-8 text,selected populated-place record,CC BY 4.0,2026-09-11,false,high,geonames_cities15000_20260911,daily dump downloaded 2026-09-11,"decimal degrees, WGS84",GeoNames populated-place point,CC BY 4.0,2026-09-11,false,high
98,3435910,Buenos Aires,布宜诺斯艾利斯,阿根廷,AR,拉丁美洲,Buenos Aires F.D.,-34.61315,-58.37723,America/Argentina/Buenos_Aires,Buenos Aires,2024-06-19,17.79,4.791667,1110.3372,75.69,13.5,1271.054196,0.126444,0.007444,0.187168,0.421482,17.391261,23.292987,0.019411,2.760937,0.963857,0.356643,2821,1,1,0.702867,0.731137,0.761369,0.66513,0.126444,0.007444,0.187168,0.01183,0.019411,0.356643,0.963857,,,,,23,17,22,16,22,22.82775,16.870461,21.829628,16.277076,22.195085,23,17,22,16,22,23,17,22,16,22,medium,city-elements-v0.1.0,city-facts-2026-09-11-v1,cities100-2026-09-11-v1,GeoNames anchor; natural spatial fields use 30 km radius,all four fields unavailable; neutral response used,nasa_power_v2.9.7_1991_2020,1991-2020,degC,NASA POWER source grid cell at GeoNames anchor,NASA open data; attribution requested,2026-09-11,false,medium,nasa_power_v2.9.7_1991_2020,1991-2020,kWh/m2/day,NASA POWER source grid cell at GeoNames anchor,NASA open data; attribution requested,2026-09-11,false,medium,nasa_power_v2.9.7_1991_2020,1991-2020,mm/year,NASA POWER source grid cell at GeoNames anchor,NASA open data; attribution requested,2026-09-11,false,medium,nasa_power_v2.9.7_1991_2020,1991-2020,percent,NASA POWER source grid cell at GeoNames anchor,NASA open data; attribution requested,2026-09-11,false,medium,nasa_power_v2.9.7_1991_2020,1991-2020,degC,NASA POWER source grid cell at GeoNames anchor,NASA open data; attribution requested,2026-09-11,false,medium,fao56_aridity_derived,1991-2020,0-1; higher=drier,NASA POWER grid cell; FAO-56 monthly ETo using 30 km median elevation,Derived metric; source licences apply,2026-09-11,false,medium,esa_worldcover_2021_v200,2021,0-1,30 km radius; 1 km systematic grid; 80 m WorldCover overview,CC BY 4.0,2026-09-11,false,medium,esa_worldcover_2021_v200,2021,0-1,30 km radius; 1 km systematic grid; 80 m WorldCover overview,CC BY 4.0,2026-09-11,false,medium,copernicus_dem_glo90_2021,2021 release,m,30 km radius land pixels; 1 km systematic grid; 180 m DEM overview,Copernicus DEM GLO-90 free and open licence,2026-09-11,false,high,copernicus_dem_glo90_2021,2021 release,0-1,30 km radius land pixels; 1 km systematic grid; 180 m DEM overview,Copernicus DEM GLO-90 free and open licence,2026-09-11,false,high,copernicus_dem_glo90_2021,2021 release,m,30 km radius land pixels; 1 km systematic grid; 180 m DEM overview,Copernicus DEM GLO-90 free and open licence,2026-09-11,false,high,natural_earth_coastline_4.1.0,version 4.1.0,km,distance from GeoNames anchor to nearest Natural Earth 1:10m coastline,Public domain,2026-09-11,false,medium,natural_earth_coastline_4.1.0,version 4.1.0,0-1,distance from GeoNames anchor to nearest Natural Earth 1:10m coastline,Public domain,2026-09-11,false,medium,nasa_power_v2.9.7_1991_2020,1991-2020,0-1 calibrated index,NASA POWER source grid cell at GeoNames anchor,NASA open data; attribution requested,2026-09-11,false,medium,not_available_globally_comparable,not available,0-1,administrative city; boundary unavailable,n.a.,2026-09-11,true,unavailable,not_available_globally_comparable,not available,0-1,administrative city; boundary unavailable,n.a.,2026-09-11,true,unavailable,not_available_globally_comparable,not available,0-1,administrative city; boundary unavailable,n.a.,2026-09-11,true,unavailable,not_available_globally_comparable,not available,0-1,administrative city; boundary unavailable,n.a.,2026-09-11,true,unavailable,geonames_cities15000_20260911,daily dump downloaded 2026-09-11,GeoNames identifier and UTF-8 text,selected populated-place record,CC BY 4.0,2026-09-11,false,high,geonames_cities15000_20260911,daily dump downloaded 2026-09-11,"decimal degrees, WGS84",GeoNames populated-place point,CC BY 4.0,2026-09-11,false,high
99,3833367,Ushuaia,乌斯怀亚,阿根廷,AR,拉丁美洲,Tierra del Fuego,-54.81084,-68.31591,America/Argentina/Ushuaia,Ushuaia,2026-04-13,3.45,2.680556,719.527725,85.53,8.16,421.074479,0,0.070542,0.544488,0.223325,442.501099,853.652077,0.711377,0.144515,0.998075,0.102272,2821,1,1,0,0,0.467608,0.945208,0,0.070542,0.544488,0.744951,0.711377,0.102272,0.998075,,,,,22,9,23,17,29,21.946451,9.653397,22.862882,16.691201,28.84607,22,9,23,17,29,22,10,23,17,28,medium,city-elements-v0.1.0,city-facts-2026-09-11-v1,cities100-2026-09-11-v1,GeoNames anchor; natural spatial fields use 30 km radius,all four fields unavailable; neutral response used,nasa_power_v2.9.7_1991_2020,1991-2020,degC,NASA POWER source grid cell at GeoNames anchor,NASA open data; attribution requested,2026-09-11,false,medium,nasa_power_v2.9.7_1991_2020,1991-2020,kWh/m2/day,NASA POWER source grid cell at GeoNames anchor,NASA open data; attribution requested,2026-09-11,false,medium,nasa_power_v2.9.7_1991_2020,1991-2020,mm/year,NASA POWER source grid cell at GeoNames anchor,NASA open data; attribution requested,2026-09-11,false,medium,nasa_power_v2.9.7_1991_2020,1991-2020,percent,NASA POWER source grid cell at GeoNames anchor,NASA open data; attribution requested,2026-09-11,false,medium,nasa_power_v2.9.7_1991_2020,1991-2020,degC,NASA POWER source grid cell at GeoNames anchor,NASA open data; attribution requested,2026-09-11,false,medium,fao56_aridity_derived,1991-2020,0-1; higher=drier,NASA POWER grid cell; FAO-56 monthly ETo using 30 km median elevation,Derived metric; source licences apply,2026-09-11,false,medium,esa_worldcover_2021_v200,2021,0-1,30 km radius; 1 km systematic grid; 80 m WorldCover overview,CC BY 4.0,2026-09-11,false,medium,esa_worldcover_2021_v200,2021,0-1,30 km radius; 1 km systematic grid; 80 m WorldCover overview,CC BY 4.0,2026-09-11,false,medium,copernicus_dem_glo90_2021,2021 release,m,30 km radius land pixels; 1 km systematic grid; 180 m DEM overview,Copernicus DEM GLO-90 free and open licence,2026-09-11,false,high,copernicus_dem_glo90_2021,2021 release,0-1,30 km radius land pixels; 1 km systematic grid; 180 m DEM overview,Copernicus DEM GLO-90 free and open licence,2026-09-11,false,high,copernicus_dem_glo90_2021,2021 release,m,30 km radius land pixels; 1 km systematic grid; 180 m DEM overview,Copernicus DEM GLO-90 free and open licence,2026-09-11,false,high,natural_earth_coastline_4.1.0,version 4.1.0,km,distance from GeoNames anchor to nearest Natural Earth 1:10m coastline,Public domain,2026-09-11,false,medium,natural_earth_coastline_4.1.0,version 4.1.0,0-1,distance from GeoNames anchor to nearest Natural Earth 1:10m coastline,Public domain,2026-09-11,false,medium,nasa_power_v2.9.7_1991_2020,1991-2020,0-1 calibrated index,NASA POWER source grid cell at GeoNames anchor,NASA open data; attribution requested,2026-09-11,false,medium,not_available_globally_comparable,not available,0-1,administrative city; boundary unavailable,n.a.,2026-09-11,true,unavailable,not_available_globally_comparable,not available,0-1,administrative city; boundary unavailable,n.a.,2026-09-11,true,unavailable,not_available_globally_comparable,not available,0-1,administrative city; boundary unavailable,n.a.,2026-09-11,true,unavailable,not_available_globally_comparable,not available,0-1,administrative city; boundary unavailable,n.a.,2026-09-11,true,unavailable,geonames_cities15000_20260911,daily dump downloaded 2026-09-11,GeoNames identifier and UTF-8 text,selected populated-place record,CC BY 4.0,2026-09-11,false,high,geonames_cities15000_20260911,daily dump downloaded 2026-09-11,"decimal degrees, WGS84",GeoNames populated-place point,CC BY 4.0,2026-09-11,false,high
100,3941584,Cusco,库斯科,秘鲁,PE,拉丁美洲,Cuzco Department,-13.53188,-71.96701,America/Lima,Cusco,2026-04-14,8.3,4.958333,697.613175,78.23,1.91,1012.401932,0.310933,0.006381,0.966678,0,3761.876953,1008.563965,0.84047,342.459538,0.010398,0,2821,1,1,0.201837,0.790315,0.446669,0.737426,0.310933,0.006381,0.966678,1,0.84047,0,0.010398,,,,,24,14,26,17,19,23.647709,13.881511,26.105052,17.039762,19.325966,24,14,26,17,19,24,14,26,17,19,medium,city-elements-v0.1.0,city-facts-2026-09-11-v1,cities100-2026-09-11-v1,GeoNames anchor; natural spatial fields use 30 km radius,all four fields unavailable; neutral response used,nasa_power_v2.9.7_1991_2020,1991-2020,degC,NASA POWER source grid cell at GeoNames anchor,NASA open data; attribution requested,2026-09-11,false,medium,nasa_power_v2.9.7_1991_2020,1991-2020,kWh/m2/day,NASA POWER source grid cell at GeoNames anchor,NASA open data; attribution requested,2026-09-11,false,medium,nasa_power_v2.9.7_1991_2020,1991-2020,mm/year,NASA POWER source grid cell at GeoNames anchor,NASA open data; attribution requested,2026-09-11,false,medium,nasa_power_v2.9.7_1991_2020,1991-2020,percent,NASA POWER source grid cell at GeoNames anchor,NASA open data; attribution requested,2026-09-11,false,medium,nasa_power_v2.9.7_1991_2020,1991-2020,degC,NASA POWER source grid cell at GeoNames anchor,NASA open data; attribution requested,2026-09-11,false,medium,fao56_aridity_derived,1991-2020,0-1; higher=drier,NASA POWER grid cell; FAO-56 monthly ETo using 30 km median elevation,Derived metric; source licences apply,2026-09-11,false,medium,esa_worldcover_2021_v200,2021,0-1,30 km radius; 1 km systematic grid; 80 m WorldCover overview,CC BY 4.0,2026-09-11,false,medium,esa_worldcover_2021_v200,2021,0-1,30 km radius; 1 km systematic grid; 80 m WorldCover overview,CC BY 4.0,2026-09-11,false,medium,copernicus_dem_glo90_2021,2021 release,m,30 km radius land pixels; 1 km systematic grid; 180 m DEM overview,Copernicus DEM GLO-90 free and open licence,2026-09-11,false,high,copernicus_dem_glo90_2021,2021 release,0-1,30 km radius land pixels; 1 km systematic grid; 180 m DEM overview,Copernicus DEM GLO-90 free and open licence,2026-09-11,false,high,copernicus_dem_glo90_2021,2021 release,m,30 km radius land pixels; 1 km systematic grid; 180 m DEM overview,Copernicus DEM GLO-90 free and open licence,2026-09-11,false,high,natural_earth_coastline_4.1.0,version 4.1.0,km,distance from GeoNames anchor to nearest Natural Earth 1:10m coastline,Public domain,2026-09-11,false,medium,natural_earth_coastline_4.1.0,version 4.1.0,0-1,distance from GeoNames anchor to nearest Natural Earth 1:10m coastline,Public domain,2026-09-11,false,medium,nasa_power_v2.9.7_1991_2020,1991-2020,0-1 calibrated index,NASA POWER source grid cell at GeoNames anchor,NASA open data; attribution requested,2026-09-11,false,medium,not_available_globally_comparable,not available,0-1,administrative city; boundary unavailable,n.a.,2026-09-11,true,unavailable,not_available_globally_comparable,not available,0-1,administrative city; boundary unavailable,n.a.,2026-09-11,true,unavailable,not_available_globally_comparable,not available,0-1,administrative city; boundary unavailable,n.a.,2026-09-11,true,unavailable,not_available_globally_comparable,not available,0-1,administrative city; boundary unavailable,n.a.,2026-09-11,true,unavailable,geonames_cities15000_20260911,daily dump downloaded 2026-09-11,GeoNames identifier and UTF-8 text,selected populated-place record,CC BY 4.0,2026-09-11,false,high,geonames_cities15000_20260911,daily dump downloaded 2026-09-11,"decimal degrees, WGS84",GeoNames populated-place point,CC BY 4.0,2026-09-11,false,high
